"chunk_id","read_start","read_end","r1_n_reads","r2_n_reads","r1_prefilter_candidates","r2_prefilter_candidates","r1_primary_validated","r2_primary_validated","paired_partner_validated","elapsed_seconds","status","started_at","completed_at","candidate_output","validated_output","paired_output"
1,1,100000,100000,100000,3,0,4,0,0,"18.7637791633606","COMPLETE","2026-08-16 16:43:45.932309","2026-08-16 16:44:04.708175","F:/PROJECTS/IVMT1_Gene_Validation_R/raw_read_analysis/reports/tac102_4B3p_fast/full_v1/candidates/chunk_000001.csv","F:/PROJECTS/IVMT1_Gene_Validation_R/raw_read_analysis/reports/tac102_4B3p_fast/full_v1/validated/chunk_000001.csv","F:/PROJECTS/IVMT1_Gene_Validation_R/raw_read_analysis/reports/tac102_4B3p_fast/full_v1/paired/chunk_000001.csv"
2,100001,200000,100000,100000,2,0,2,0,0,"16.5027940273285","COMPLETE","2026-08-16 16:44:05.652831","2026-08-16 16:44:22.157759","F:/PROJECTS/IVMT1_Gene_Validation_R/raw_read_analysis/reports/tac102_4B3p_fast/full_v1/candidates/chunk_000002.csv","F:/PROJECTS/IVMT1_Gene_Validation_R/raw_read_analysis/reports/tac102_4B3p_fast/full_v1/validated/chunk_000002.csv","F:/PROJECTS/IVMT1_Gene_Validation_R/raw_read_analysis/reports/tac102_4B3p_fast/full_v1/paired/chunk_000002.csv"
3,200001,300000,100000,100000,0,0,0,0,0,"7.80444288253784","COMPLETE","2026-08-16 16:44:23.0994","2026-08-16 16:44:30.906317","F:/PROJECTS/IVMT1_Gene_Validation_R/raw_read_analysis/reports/tac102_4B3p_fast/full_v1/candidates/chunk_000003.csv","F:/PROJECTS/IVMT1_Gene_Validation_R/raw_read_analysis/reports/tac102_4B3p_fast/full_v1/validated/chunk_000003.csv","F:/PROJECTS/IVMT1_Gene_Validation_R/raw_read_analysis/reports/tac102_4B3p_fast/full_v1/paired/chunk_000003.csv"
4,300001,400000,100000,100000,0,0,0,0,0,"7.44292116165161","COMPLETE","2026-08-16 16:44:31.495303","2026-08-16 16:44:38.940609","F:/PROJECTS/IVMT1_Gene_Validation_R/raw_read_analysis/reports/tac102_4B3p_fast/full_v1/candidates/chunk_000004.csv","F:/PROJECTS/IVMT1_Gene_Validation_R/raw_read_analysis/reports/tac102_4B3p_fast/full_v1/validated/chunk_000004.csv","F:/PROJECTS/IVMT1_Gene_Validation_R/raw_read_analysis/reports/tac102_4B3p_fast/full_v1/paired/chunk_000004.csv"
5,400001,500000,100000,100000,0,0,0,0,0,"8.43579602241516","COMPLETE","2026-08-16 16:44:40.004292","2026-08-16 16:44:48.44434","F:/PROJECTS/IVMT1_Gene_Validation_R/raw_read_analysis/reports/tac102_4B3p_fast/full_v1/candidates/chunk_000005.csv","F:/PROJECTS/IVMT1_Gene_Validation_R/raw_read_analysis/reports/tac102_4B3p_fast/full_v1/validated/chunk_000005.csv","F:/PROJECTS/IVMT1_Gene_Validation_R/raw_read_analysis/reports/tac102_4B3p_fast/full_v1/paired/chunk_000005.csv"
6,500001,600000,100000,100000,2,1,4,2,4,"24.2118380069733","COMPLETE","2026-08-16 16:44:49.823556","2026-08-16 16:45:14.038085","F:/PROJECTS/IVMT1_Gene_Validation_R/raw_read_analysis/reports/tac102_4B3p_fast/full_v1/candidates/chunk_000006.csv","F:/PROJECTS/IVMT1_Gene_Validation_R/raw_read_analysis/reports/tac102_4B3p_fast/full_v1/validated/chunk_000006.csv","F:/PROJECTS/IVMT1_Gene_Validation_R/raw_read_analysis/reports/tac102_4B3p_fast/full_v1/paired/chunk_000006.csv"
7,600001,700000,100000,100000,1,0,1,0,1,"16.0071921348572","COMPLETE","2026-08-16 16:45:14.676853","2026-08-16 16:45:30.686727","F:/PROJECTS/IVMT1_Gene_Validation_R/raw_read_analysis/reports/tac102_4B3p_fast/full_v1/candidates/chunk_000007.csv","F:/PROJECTS/IVMT1_Gene_Validation_R/raw_read_analysis/reports/tac102_4B3p_fast/full_v1/validated/chunk_000007.csv","F:/PROJECTS/IVMT1_Gene_Validation_R/raw_read_analysis/reports/tac102_4B3p_fast/full_v1/paired/chunk_000007.csv"
8,700001,800000,100000,100000,1,1,2,1,0,"16.3440911769867","COMPLETE","2026-08-16 16:45:32.574205","2026-08-16 16:45:48.921967","F:/PROJECTS/IVMT1_Gene_Validation_R/raw_read_analysis/reports/tac102_4B3p_fast/full_v1/candidates/chunk_000008.csv","F:/PROJECTS/IVMT1_Gene_Validation_R/raw_read_analysis/reports/tac102_4B3p_fast/full_v1/validated/chunk_000008.csv","F:/PROJECTS/IVMT1_Gene_Validation_R/raw_read_analysis/reports/tac102_4B3p_fast/full_v1/paired/chunk_000008.csv"
9,800001,900000,100000,100000,1,2,1,3,2,"19.2784190177917","COMPLETE","2026-08-16 16:45:49.953743","2026-08-16 16:46:09.235237","F:/PROJECTS/IVMT1_Gene_Validation_R/raw_read_analysis/reports/tac102_4B3p_fast/full_v1/candidates/chunk_000009.csv","F:/PROJECTS/IVMT1_Gene_Validation_R/raw_read_analysis/reports/tac102_4B3p_fast/full_v1/validated/chunk_000009.csv","F:/PROJECTS/IVMT1_Gene_Validation_R/raw_read_analysis/reports/tac102_4B3p_fast/full_v1/paired/chunk_000009.csv"
10,900001,1000000,100000,100000,1,1,1,1,4,"18.4162940979004","COMPLETE","2026-08-16 16:46:09.806815","2026-08-16 16:46:28.225481","F:/PROJECTS/IVMT1_Gene_Validation_R/raw_read_analysis/reports/tac102_4B3p_fast/full_v1/candidates/chunk_000010.csv","F:/PROJECTS/IVMT1_Gene_Validation_R/raw_read_analysis/reports/tac102_4B3p_fast/full_v1/validated/chunk_000010.csv","F:/PROJECTS/IVMT1_Gene_Validation_R/raw_read_analysis/reports/tac102_4B3p_fast/full_v1/paired/chunk_000010.csv"
11,1000001,1100000,100000,100000,0,0,0,0,0,"7.64515590667725","COMPLETE","2026-08-16 16:46:29.071337","2026-08-16 16:46:36.719198","F:/PROJECTS/IVMT1_Gene_Validation_R/raw_read_analysis/reports/tac102_4B3p_fast/full_v1/candidates/chunk_000011.csv","F:/PROJECTS/IVMT1_Gene_Validation_R/raw_read_analysis/reports/tac102_4B3p_fast/full_v1/validated/chunk_000011.csv","F:/PROJECTS/IVMT1_Gene_Validation_R/raw_read_analysis/reports/tac102_4B3p_fast/full_v1/paired/chunk_000011.csv"
12,1100001,1200000,100000,100000,0,1,0,2,0,"16.6662969589233","COMPLETE","2026-08-16 16:46:37.939126","2026-08-16 16:46:54.609358","F:/PROJECTS/IVMT1_Gene_Validation_R/raw_read_analysis/reports/tac102_4B3p_fast/full_v1/candidates/chunk_000012.csv","F:/PROJECTS/IVMT1_Gene_Validation_R/raw_read_analysis/reports/tac102_4B3p_fast/full_v1/validated/chunk_000012.csv","F:/PROJECTS/IVMT1_Gene_Validation_R/raw_read_analysis/reports/tac102_4B3p_fast/full_v1/paired/chunk_000012.csv"
13,1200001,1300000,100000,100000,0,0,0,0,0,"8.77338695526123","COMPLETE","2026-08-16 16:46:56.147277","2026-08-16 16:47:04.923603","F:/PROJECTS/IVMT1_Gene_Validation_R/raw_read_analysis/reports/tac102_4B3p_fast/full_v1/candidates/chunk_000013.csv","F:/PROJECTS/IVMT1_Gene_Validation_R/raw_read_analysis/reports/tac102_4B3p_fast/full_v1/validated/chunk_000013.csv","F:/PROJECTS/IVMT1_Gene_Validation_R/raw_read_analysis/reports/tac102_4B3p_fast/full_v1/paired/chunk_000013.csv"
14,1300001,1400000,100000,100000,2,0,3,0,0,"19.7615580558777","COMPLETE","2026-08-16 16:47:05.935835","2026-08-16 16:47:25.701098","F:/PROJECTS/IVMT1_Gene_Validation_R/raw_read_analysis/reports/tac102_4B3p_fast/full_v1/candidates/chunk_000014.csv","F:/PROJECTS/IVMT1_Gene_Validation_R/raw_read_analysis/reports/tac102_4B3p_fast/full_v1/validated/chunk_000014.csv","F:/PROJECTS/IVMT1_Gene_Validation_R/raw_read_analysis/reports/tac102_4B3p_fast/full_v1/paired/chunk_000014.csv"
15,1400001,1500000,100000,100000,0,0,0,0,0,"7.83356308937073","COMPLETE","2026-08-16 16:47:26.773177","2026-08-16 16:47:34.609384","F:/PROJECTS/IVMT1_Gene_Validation_R/raw_read_analysis/reports/tac102_4B3p_fast/full_v1/candidates/chunk_000015.csv","F:/PROJECTS/IVMT1_Gene_Validation_R/raw_read_analysis/reports/tac102_4B3p_fast/full_v1/validated/chunk_000015.csv","F:/PROJECTS/IVMT1_Gene_Validation_R/raw_read_analysis/reports/tac102_4B3p_fast/full_v1/paired/chunk_000015.csv"
16,1500001,1600000,100000,100000,1,0,1,0,0,"14.4743390083313","COMPLETE","2026-08-16 16:47:35.204055","2026-08-16 16:47:49.681579","F:/PROJECTS/IVMT1_Gene_Validation_R/raw_read_analysis/reports/tac102_4B3p_fast/full_v1/candidates/chunk_000016.csv","F:/PROJECTS/IVMT1_Gene_Validation_R/raw_read_analysis/reports/tac102_4B3p_fast/full_v1/validated/chunk_000016.csv","F:/PROJECTS/IVMT1_Gene_Validation_R/raw_read_analysis/reports/tac102_4B3p_fast/full_v1/paired/chunk_000016.csv"
17,1600001,1700000,100000,100000,1,0,2,0,1,"14.9765539169312","COMPLETE","2026-08-16 16:47:51.452739","2026-08-16 16:48:06.434037","F:/PROJECTS/IVMT1_Gene_Validation_R/raw_read_analysis/reports/tac102_4B3p_fast/full_v1/candidates/chunk_000017.csv","F:/PROJECTS/IVMT1_Gene_Validation_R/raw_read_analysis/reports/tac102_4B3p_fast/full_v1/validated/chunk_000017.csv","F:/PROJECTS/IVMT1_Gene_Validation_R/raw_read_analysis/reports/tac102_4B3p_fast/full_v1/paired/chunk_000017.csv"
18,1700001,1800000,100000,100000,1,0,1,0,0,"13.8482489585876","COMPLETE","2026-08-16 16:48:07.526784","2026-08-16 16:48:21.377554","F:/PROJECTS/IVMT1_Gene_Validation_R/raw_read_analysis/reports/tac102_4B3p_fast/full_v1/candidates/chunk_000018.csv","F:/PROJECTS/IVMT1_Gene_Validation_R/raw_read_analysis/reports/tac102_4B3p_fast/full_v1/validated/chunk_000018.csv","F:/PROJECTS/IVMT1_Gene_Validation_R/raw_read_analysis/reports/tac102_4B3p_fast/full_v1/paired/chunk_000018.csv"
19,1800001,1900000,100000,100000,2,1,2,1,2,"19.3273661136627","COMPLETE","2026-08-16 16:48:22.94099","2026-08-16 16:48:42.271672","F:/PROJECTS/IVMT1_Gene_Validation_R/raw_read_analysis/reports/tac102_4B3p_fast/full_v1/candidates/chunk_000019.csv","F:/PROJECTS/IVMT1_Gene_Validation_R/raw_read_analysis/reports/tac102_4B3p_fast/full_v1/validated/chunk_000019.csv","F:/PROJECTS/IVMT1_Gene_Validation_R/raw_read_analysis/reports/tac102_4B3p_fast/full_v1/paired/chunk_000019.csv"
20,1900001,2000000,100000,100000,2,3,2,3,4,"25.1932229995728","COMPLETE","2026-08-16 16:48:43.248043","2026-08-16 16:49:08.445318","F:/PROJECTS/IVMT1_Gene_Validation_R/raw_read_analysis/reports/tac102_4B3p_fast/full_v1/candidates/chunk_000020.csv","F:/PROJECTS/IVMT1_Gene_Validation_R/raw_read_analysis/reports/tac102_4B3p_fast/full_v1/validated/chunk_000020.csv","F:/PROJECTS/IVMT1_Gene_Validation_R/raw_read_analysis/reports/tac102_4B3p_fast/full_v1/paired/chunk_000020.csv"
21,2000001,2100000,100000,100000,1,0,1,0,0,"16.1728730201721","COMPLETE","2026-08-16 16:49:09.489088","2026-08-16 16:49:25.664693","F:/PROJECTS/IVMT1_Gene_Validation_R/raw_read_analysis/reports/tac102_4B3p_fast/full_v1/candidates/chunk_000021.csv","F:/PROJECTS/IVMT1_Gene_Validation_R/raw_read_analysis/reports/tac102_4B3p_fast/full_v1/validated/chunk_000021.csv","F:/PROJECTS/IVMT1_Gene_Validation_R/raw_read_analysis/reports/tac102_4B3p_fast/full_v1/paired/chunk_000021.csv"
22,2100001,2200000,100000,100000,0,0,0,0,0,"7.53789782524109","COMPLETE","2026-08-16 16:49:26.346955","2026-08-16 16:49:33.888477","F:/PROJECTS/IVMT1_Gene_Validation_R/raw_read_analysis/reports/tac102_4B3p_fast/full_v1/candidates/chunk_000022.csv","F:/PROJECTS/IVMT1_Gene_Validation_R/raw_read_analysis/reports/tac102_4B3p_fast/full_v1/validated/chunk_000022.csv","F:/PROJECTS/IVMT1_Gene_Validation_R/raw_read_analysis/reports/tac102_4B3p_fast/full_v1/paired/chunk_000022.csv"
23,2200001,2300000,100000,100000,1,1,1,1,0,"17.2087118625641","COMPLETE","2026-08-16 16:49:34.84553","2026-08-16 16:49:52.057396","F:/PROJECTS/IVMT1_Gene_Validation_R/raw_read_analysis/reports/tac102_4B3p_fast/full_v1/candidates/chunk_000023.csv","F:/PROJECTS/IVMT1_Gene_Validation_R/raw_read_analysis/reports/tac102_4B3p_fast/full_v1/validated/chunk_000023.csv","F:/PROJECTS/IVMT1_Gene_Validation_R/raw_read_analysis/reports/tac102_4B3p_fast/full_v1/paired/chunk_000023.csv"
24,2300001,2400000,100000,100000,0,0,0,0,0,"8.00511312484741","COMPLETE","2026-08-16 16:49:52.99555","2026-08-16 16:50:01.003324","F:/PROJECTS/IVMT1_Gene_Validation_R/raw_read_analysis/reports/tac102_4B3p_fast/full_v1/candidates/chunk_000024.csv","F:/PROJECTS/IVMT1_Gene_Validation_R/raw_read_analysis/reports/tac102_4B3p_fast/full_v1/validated/chunk_000024.csv","F:/PROJECTS/IVMT1_Gene_Validation_R/raw_read_analysis/reports/tac102_4B3p_fast/full_v1/paired/chunk_000024.csv"
25,2400001,2500000,100000,100000,0,0,0,0,0,"7.91941714286804","COMPLETE","2026-08-16 16:50:01.546207","2026-08-16 16:50:09.468823","F:/PROJECTS/IVMT1_Gene_Validation_R/raw_read_analysis/reports/tac102_4B3p_fast/full_v1/candidates/chunk_000025.csv","F:/PROJECTS/IVMT1_Gene_Validation_R/raw_read_analysis/reports/tac102_4B3p_fast/full_v1/validated/chunk_000025.csv","F:/PROJECTS/IVMT1_Gene_Validation_R/raw_read_analysis/reports/tac102_4B3p_fast/full_v1/paired/chunk_000025.csv"
26,2500001,2600000,100000,100000,0,0,0,0,0,"8.09650015830994","COMPLETE","2026-08-16 16:50:11.439015","2026-08-16 16:50:19.538198","F:/PROJECTS/IVMT1_Gene_Validation_R/raw_read_analysis/reports/tac102_4B3p_fast/full_v1/candidates/chunk_000026.csv","F:/PROJECTS/IVMT1_Gene_Validation_R/raw_read_analysis/reports/tac102_4B3p_fast/full_v1/validated/chunk_000026.csv","F:/PROJECTS/IVMT1_Gene_Validation_R/raw_read_analysis/reports/tac102_4B3p_fast/full_v1/paired/chunk_000026.csv"
27,2600001,2700000,100000,100000,0,0,0,0,0,"7.59449195861816","COMPLETE","2026-08-16 16:50:20.461469","2026-08-16 16:50:28.059154","F:/PROJECTS/IVMT1_Gene_Validation_R/raw_read_analysis/reports/tac102_4B3p_fast/full_v1/candidates/chunk_000027.csv","F:/PROJECTS/IVMT1_Gene_Validation_R/raw_read_analysis/reports/tac102_4B3p_fast/full_v1/validated/chunk_000027.csv","F:/PROJECTS/IVMT1_Gene_Validation_R/raw_read_analysis/reports/tac102_4B3p_fast/full_v1/paired/chunk_000027.csv"
28,2700001,2800000,100000,100000,0,1,0,1,0,"14.1510870456696","COMPLETE","2026-08-16 16:50:28.661607","2026-08-16 16:50:42.815366","F:/PROJECTS/IVMT1_Gene_Validation_R/raw_read_analysis/reports/tac102_4B3p_fast/full_v1/candidates/chunk_000028.csv","F:/PROJECTS/IVMT1_Gene_Validation_R/raw_read_analysis/reports/tac102_4B3p_fast/full_v1/validated/chunk_000028.csv","F:/PROJECTS/IVMT1_Gene_Validation_R/raw_read_analysis/reports/tac102_4B3p_fast/full_v1/paired/chunk_000028.csv"
29,2800001,2900000,100000,100000,1,0,1,0,0,"16.8393249511719","COMPLETE","2026-08-16 16:50:43.863316","2026-08-16 16:51:00.706209","F:/PROJECTS/IVMT1_Gene_Validation_R/raw_read_analysis/reports/tac102_4B3p_fast/full_v1/candidates/chunk_000029.csv","F:/PROJECTS/IVMT1_Gene_Validation_R/raw_read_analysis/reports/tac102_4B3p_fast/full_v1/validated/chunk_000029.csv","F:/PROJECTS/IVMT1_Gene_Validation_R/raw_read_analysis/reports/tac102_4B3p_fast/full_v1/paired/chunk_000029.csv"
30,2900001,3000000,100000,100000,1,1,1,1,0,"18.4292228221893","COMPLETE","2026-08-16 16:51:01.784985","2026-08-16 16:51:20.218661","F:/PROJECTS/IVMT1_Gene_Validation_R/raw_read_analysis/reports/tac102_4B3p_fast/full_v1/candidates/chunk_000030.csv","F:/PROJECTS/IVMT1_Gene_Validation_R/raw_read_analysis/reports/tac102_4B3p_fast/full_v1/validated/chunk_000030.csv","F:/PROJECTS/IVMT1_Gene_Validation_R/raw_read_analysis/reports/tac102_4B3p_fast/full_v1/paired/chunk_000030.csv"
31,3000001,3100000,100000,100000,0,0,0,0,0,"8.69681978225708","COMPLETE","2026-08-16 16:51:20.81715","2026-08-16 16:51:29.519271","F:/PROJECTS/IVMT1_Gene_Validation_R/raw_read_analysis/reports/tac102_4B3p_fast/full_v1/candidates/chunk_000031.csv","F:/PROJECTS/IVMT1_Gene_Validation_R/raw_read_analysis/reports/tac102_4B3p_fast/full_v1/validated/chunk_000031.csv","F:/PROJECTS/IVMT1_Gene_Validation_R/raw_read_analysis/reports/tac102_4B3p_fast/full_v1/paired/chunk_000031.csv"
32,3100001,3200000,100000,100000,1,1,2,1,3,"20.1005020141602","COMPLETE","2026-08-16 16:51:30.653928","2026-08-16 16:51:50.758278","F:/PROJECTS/IVMT1_Gene_Validation_R/raw_read_analysis/reports/tac102_4B3p_fast/full_v1/candidates/chunk_000032.csv","F:/PROJECTS/IVMT1_Gene_Validation_R/raw_read_analysis/reports/tac102_4B3p_fast/full_v1/validated/chunk_000032.csv","F:/PROJECTS/IVMT1_Gene_Validation_R/raw_read_analysis/reports/tac102_4B3p_fast/full_v1/paired/chunk_000032.csv"
33,3200001,3300000,100000,100000,1,2,1,2,0,"21.4856288433075","COMPLETE","2026-08-16 16:51:51.785598","2026-08-16 16:52:13.274002","F:/PROJECTS/IVMT1_Gene_Validation_R/raw_read_analysis/reports/tac102_4B3p_fast/full_v1/candidates/chunk_000033.csv","F:/PROJECTS/IVMT1_Gene_Validation_R/raw_read_analysis/reports/tac102_4B3p_fast/full_v1/validated/chunk_000033.csv","F:/PROJECTS/IVMT1_Gene_Validation_R/raw_read_analysis/reports/tac102_4B3p_fast/full_v1/paired/chunk_000033.csv"
34,3300001,3400000,100000,100000,5,3,5,4,8,"25.9991009235382","COMPLETE","2026-08-16 16:52:13.791507","2026-08-16 16:52:39.793519","F:/PROJECTS/IVMT1_Gene_Validation_R/raw_read_analysis/reports/tac102_4B3p_fast/full_v1/candidates/chunk_000034.csv","F:/PROJECTS/IVMT1_Gene_Validation_R/raw_read_analysis/reports/tac102_4B3p_fast/full_v1/validated/chunk_000034.csv","F:/PROJECTS/IVMT1_Gene_Validation_R/raw_read_analysis/reports/tac102_4B3p_fast/full_v1/paired/chunk_000034.csv"
35,3400001,3500000,100000,100000,1,1,1,1,0,"17.711079120636","COMPLETE","2026-08-16 16:52:40.637539","2026-08-16 16:52:58.351865","F:/PROJECTS/IVMT1_Gene_Validation_R/raw_read_analysis/reports/tac102_4B3p_fast/full_v1/candidates/chunk_000035.csv","F:/PROJECTS/IVMT1_Gene_Validation_R/raw_read_analysis/reports/tac102_4B3p_fast/full_v1/validated/chunk_000035.csv","F:/PROJECTS/IVMT1_Gene_Validation_R/raw_read_analysis/reports/tac102_4B3p_fast/full_v1/paired/chunk_000035.csv"
36,3500001,3600000,100000,100000,2,1,2,1,2,"18.1330559253693","COMPLETE","2026-08-16 16:52:59.307264","2026-08-16 16:53:17.443262","F:/PROJECTS/IVMT1_Gene_Validation_R/raw_read_analysis/reports/tac102_4B3p_fast/full_v1/candidates/chunk_000036.csv","F:/PROJECTS/IVMT1_Gene_Validation_R/raw_read_analysis/reports/tac102_4B3p_fast/full_v1/validated/chunk_000036.csv","F:/PROJECTS/IVMT1_Gene_Validation_R/raw_read_analysis/reports/tac102_4B3p_fast/full_v1/paired/chunk_000036.csv"
37,3600001,3700000,100000,100000,0,1,0,1,0,"15.4415061473846","COMPLETE","2026-08-16 16:53:17.969832","2026-08-16 16:53:33.41494","F:/PROJECTS/IVMT1_Gene_Validation_R/raw_read_analysis/reports/tac102_4B3p_fast/full_v1/candidates/chunk_000037.csv","F:/PROJECTS/IVMT1_Gene_Validation_R/raw_read_analysis/reports/tac102_4B3p_fast/full_v1/validated/chunk_000037.csv","F:/PROJECTS/IVMT1_Gene_Validation_R/raw_read_analysis/reports/tac102_4B3p_fast/full_v1/paired/chunk_000037.csv"
38,3700001,3800000,100000,100000,0,0,0,0,0,"8.67791795730591","COMPLETE","2026-08-16 16:53:34.391498","2026-08-16 16:53:43.07402","F:/PROJECTS/IVMT1_Gene_Validation_R/raw_read_analysis/reports/tac102_4B3p_fast/full_v1/candidates/chunk_000038.csv","F:/PROJECTS/IVMT1_Gene_Validation_R/raw_read_analysis/reports/tac102_4B3p_fast/full_v1/validated/chunk_000038.csv","F:/PROJECTS/IVMT1_Gene_Validation_R/raw_read_analysis/reports/tac102_4B3p_fast/full_v1/paired/chunk_000038.csv"
39,3800001,3900000,100000,100000,0,2,0,3,0,"18.7777769565582","COMPLETE","2026-08-16 16:53:44.239525","2026-08-16 16:54:03.022145","F:/PROJECTS/IVMT1_Gene_Validation_R/raw_read_analysis/reports/tac102_4B3p_fast/full_v1/candidates/chunk_000039.csv","F:/PROJECTS/IVMT1_Gene_Validation_R/raw_read_analysis/reports/tac102_4B3p_fast/full_v1/validated/chunk_000039.csv","F:/PROJECTS/IVMT1_Gene_Validation_R/raw_read_analysis/reports/tac102_4B3p_fast/full_v1/paired/chunk_000039.csv"
40,3900001,4000000,100000,100000,0,2,0,2,0,"18.6605248451233","COMPLETE","2026-08-16 16:54:03.688306","2026-08-16 16:54:22.353419","F:/PROJECTS/IVMT1_Gene_Validation_R/raw_read_analysis/reports/tac102_4B3p_fast/full_v1/candidates/chunk_000040.csv","F:/PROJECTS/IVMT1_Gene_Validation_R/raw_read_analysis/reports/tac102_4B3p_fast/full_v1/validated/chunk_000040.csv","F:/PROJECTS/IVMT1_Gene_Validation_R/raw_read_analysis/reports/tac102_4B3p_fast/full_v1/paired/chunk_000040.csv"
41,4000001,4100000,100000,100000,1,2,1,3,3,"21.7247788906097","COMPLETE","2026-08-16 16:54:23.286183","2026-08-16 16:54:45.014348","F:/PROJECTS/IVMT1_Gene_Validation_R/raw_read_analysis/reports/tac102_4B3p_fast/full_v1/candidates/chunk_000041.csv","F:/PROJECTS/IVMT1_Gene_Validation_R/raw_read_analysis/reports/tac102_4B3p_fast/full_v1/validated/chunk_000041.csv","F:/PROJECTS/IVMT1_Gene_Validation_R/raw_read_analysis/reports/tac102_4B3p_fast/full_v1/paired/chunk_000041.csv"
42,4100001,4200000,100000,100000,0,0,0,0,0,"9.10355806350708","COMPLETE","2026-08-16 16:54:46.016775","2026-08-16 16:54:55.125339","F:/PROJECTS/IVMT1_Gene_Validation_R/raw_read_analysis/reports/tac102_4B3p_fast/full_v1/candidates/chunk_000042.csv","F:/PROJECTS/IVMT1_Gene_Validation_R/raw_read_analysis/reports/tac102_4B3p_fast/full_v1/validated/chunk_000042.csv","F:/PROJECTS/IVMT1_Gene_Validation_R/raw_read_analysis/reports/tac102_4B3p_fast/full_v1/paired/chunk_000042.csv"
43,4200001,4300000,100000,100000,0,0,0,0,0,"8.94795298576355","COMPLETE","2026-08-16 16:54:55.841473","2026-08-16 16:55:04.792977","F:/PROJECTS/IVMT1_Gene_Validation_R/raw_read_analysis/reports/tac102_4B3p_fast/full_v1/candidates/chunk_000043.csv","F:/PROJECTS/IVMT1_Gene_Validation_R/raw_read_analysis/reports/tac102_4B3p_fast/full_v1/validated/chunk_000043.csv","F:/PROJECTS/IVMT1_Gene_Validation_R/raw_read_analysis/reports/tac102_4B3p_fast/full_v1/paired/chunk_000043.csv"
44,4300001,4400000,100000,100000,0,1,0,1,0,"15.4259510040283","COMPLETE","2026-08-16 16:55:06.740361","2026-08-16 16:55:22.16955","F:/PROJECTS/IVMT1_Gene_Validation_R/raw_read_analysis/reports/tac102_4B3p_fast/full_v1/candidates/chunk_000044.csv","F:/PROJECTS/IVMT1_Gene_Validation_R/raw_read_analysis/reports/tac102_4B3p_fast/full_v1/validated/chunk_000044.csv","F:/PROJECTS/IVMT1_Gene_Validation_R/raw_read_analysis/reports/tac102_4B3p_fast/full_v1/paired/chunk_000044.csv"
45,4400001,4500000,100000,100000,1,1,1,1,2,"20.0705649852753","COMPLETE","2026-08-16 16:55:23.229875","2026-08-16 16:55:43.303997","F:/PROJECTS/IVMT1_Gene_Validation_R/raw_read_analysis/reports/tac102_4B3p_fast/full_v1/candidates/chunk_000045.csv","F:/PROJECTS/IVMT1_Gene_Validation_R/raw_read_analysis/reports/tac102_4B3p_fast/full_v1/validated/chunk_000045.csv","F:/PROJECTS/IVMT1_Gene_Validation_R/raw_read_analysis/reports/tac102_4B3p_fast/full_v1/paired/chunk_000045.csv"
46,4500001,4600000,100000,100000,0,1,0,1,0,"17.3101859092712","COMPLETE","2026-08-16 16:55:44.345946","2026-08-16 16:56:01.659669","F:/PROJECTS/IVMT1_Gene_Validation_R/raw_read_analysis/reports/tac102_4B3p_fast/full_v1/candidates/chunk_000046.csv","F:/PROJECTS/IVMT1_Gene_Validation_R/raw_read_analysis/reports/tac102_4B3p_fast/full_v1/validated/chunk_000046.csv","F:/PROJECTS/IVMT1_Gene_Validation_R/raw_read_analysis/reports/tac102_4B3p_fast/full_v1/paired/chunk_000046.csv"
47,4600001,4700000,100000,100000,1,1,2,1,1,"20.7471880912781","COMPLETE","2026-08-16 16:56:02.326443","2026-08-16 16:56:23.078321","F:/PROJECTS/IVMT1_Gene_Validation_R/raw_read_analysis/reports/tac102_4B3p_fast/full_v1/candidates/chunk_000047.csv","F:/PROJECTS/IVMT1_Gene_Validation_R/raw_read_analysis/reports/tac102_4B3p_fast/full_v1/validated/chunk_000047.csv","F:/PROJECTS/IVMT1_Gene_Validation_R/raw_read_analysis/reports/tac102_4B3p_fast/full_v1/paired/chunk_000047.csv"
48,4700001,4800000,100000,100000,0,0,0,0,0,"8.42904210090637","COMPLETE","2026-08-16 16:56:24.031504","2026-08-16 16:56:32.463625","F:/PROJECTS/IVMT1_Gene_Validation_R/raw_read_analysis/reports/tac102_4B3p_fast/full_v1/candidates/chunk_000048.csv","F:/PROJECTS/IVMT1_Gene_Validation_R/raw_read_analysis/reports/tac102_4B3p_fast/full_v1/validated/chunk_000048.csv","F:/PROJECTS/IVMT1_Gene_Validation_R/raw_read_analysis/reports/tac102_4B3p_fast/full_v1/paired/chunk_000048.csv"
49,4800001,4900000,100000,100000,0,1,0,2,0,"15.3982889652252","COMPLETE","2026-08-16 16:56:33.47124","2026-08-16 16:56:48.872576","F:/PROJECTS/IVMT1_Gene_Validation_R/raw_read_analysis/reports/tac102_4B3p_fast/full_v1/candidates/chunk_000049.csv","F:/PROJECTS/IVMT1_Gene_Validation_R/raw_read_analysis/reports/tac102_4B3p_fast/full_v1/validated/chunk_000049.csv","F:/PROJECTS/IVMT1_Gene_Validation_R/raw_read_analysis/reports/tac102_4B3p_fast/full_v1/paired/chunk_000049.csv"
50,4900001,5000000,100000,100000,1,2,1,2,2,"19.0919420719147","COMPLETE","2026-08-16 16:56:49.431437","2026-08-16 16:57:08.526658","F:/PROJECTS/IVMT1_Gene_Validation_R/raw_read_analysis/reports/tac102_4B3p_fast/full_v1/candidates/chunk_000050.csv","F:/PROJECTS/IVMT1_Gene_Validation_R/raw_read_analysis/reports/tac102_4B3p_fast/full_v1/validated/chunk_000050.csv","F:/PROJECTS/IVMT1_Gene_Validation_R/raw_read_analysis/reports/tac102_4B3p_fast/full_v1/paired/chunk_000050.csv"
51,5000001,5100000,100000,100000,0,0,0,0,0,"7.59213495254517","COMPLETE","2026-08-16 16:57:09.404429","2026-08-16 16:57:17.000766","F:/PROJECTS/IVMT1_Gene_Validation_R/raw_read_analysis/reports/tac102_4B3p_fast/full_v1/candidates/chunk_000051.csv","F:/PROJECTS/IVMT1_Gene_Validation_R/raw_read_analysis/reports/tac102_4B3p_fast/full_v1/validated/chunk_000051.csv","F:/PROJECTS/IVMT1_Gene_Validation_R/raw_read_analysis/reports/tac102_4B3p_fast/full_v1/paired/chunk_000051.csv"
52,5100001,5200000,100000,100000,0,1,0,1,0,"15.1145508289337","COMPLETE","2026-08-16 16:57:18.128416","2026-08-16 16:57:33.247039","F:/PROJECTS/IVMT1_Gene_Validation_R/raw_read_analysis/reports/tac102_4B3p_fast/full_v1/candidates/chunk_000052.csv","F:/PROJECTS/IVMT1_Gene_Validation_R/raw_read_analysis/reports/tac102_4B3p_fast/full_v1/validated/chunk_000052.csv","F:/PROJECTS/IVMT1_Gene_Validation_R/raw_read_analysis/reports/tac102_4B3p_fast/full_v1/paired/chunk_000052.csv"
53,5200001,5300000,100000,100000,0,0,0,0,0,"8.71657705307007","COMPLETE","2026-08-16 16:57:33.817304","2026-08-16 16:57:42.538603","F:/PROJECTS/IVMT1_Gene_Validation_R/raw_read_analysis/reports/tac102_4B3p_fast/full_v1/candidates/chunk_000053.csv","F:/PROJECTS/IVMT1_Gene_Validation_R/raw_read_analysis/reports/tac102_4B3p_fast/full_v1/validated/chunk_000053.csv","F:/PROJECTS/IVMT1_Gene_Validation_R/raw_read_analysis/reports/tac102_4B3p_fast/full_v1/paired/chunk_000053.csv"
54,5300001,5400000,100000,100000,1,0,1,0,0,"15.6337459087372","COMPLETE","2026-08-16 16:57:43.487029","2026-08-16 16:57:59.125747","F:/PROJECTS/IVMT1_Gene_Validation_R/raw_read_analysis/reports/tac102_4B3p_fast/full_v1/candidates/chunk_000054.csv","F:/PROJECTS/IVMT1_Gene_Validation_R/raw_read_analysis/reports/tac102_4B3p_fast/full_v1/validated/chunk_000054.csv","F:/PROJECTS/IVMT1_Gene_Validation_R/raw_read_analysis/reports/tac102_4B3p_fast/full_v1/paired/chunk_000054.csv"
55,5400001,5500000,100000,100000,0,1,0,1,0,"16.1450219154358","COMPLETE","2026-08-16 16:58:00.251544","2026-08-16 16:58:16.401397","F:/PROJECTS/IVMT1_Gene_Validation_R/raw_read_analysis/reports/tac102_4B3p_fast/full_v1/candidates/chunk_000055.csv","F:/PROJECTS/IVMT1_Gene_Validation_R/raw_read_analysis/reports/tac102_4B3p_fast/full_v1/validated/chunk_000055.csv","F:/PROJECTS/IVMT1_Gene_Validation_R/raw_read_analysis/reports/tac102_4B3p_fast/full_v1/paired/chunk_000055.csv"
56,5500001,5600000,100000,100000,1,2,1,3,3,"22.822881937027","COMPLETE","2026-08-16 16:58:17.07038","2026-08-16 16:58:39.897655","F:/PROJECTS/IVMT1_Gene_Validation_R/raw_read_analysis/reports/tac102_4B3p_fast/full_v1/candidates/chunk_000056.csv","F:/PROJECTS/IVMT1_Gene_Validation_R/raw_read_analysis/reports/tac102_4B3p_fast/full_v1/validated/chunk_000056.csv","F:/PROJECTS/IVMT1_Gene_Validation_R/raw_read_analysis/reports/tac102_4B3p_fast/full_v1/paired/chunk_000056.csv"
57,5600001,5700000,100000,100000,1,0,1,0,0,"17.1768188476562","COMPLETE","2026-08-16 16:58:40.871267","2026-08-16 16:58:58.052697","F:/PROJECTS/IVMT1_Gene_Validation_R/raw_read_analysis/reports/tac102_4B3p_fast/full_v1/candidates/chunk_000057.csv","F:/PROJECTS/IVMT1_Gene_Validation_R/raw_read_analysis/reports/tac102_4B3p_fast/full_v1/validated/chunk_000057.csv","F:/PROJECTS/IVMT1_Gene_Validation_R/raw_read_analysis/reports/tac102_4B3p_fast/full_v1/paired/chunk_000057.csv"
58,5700001,5800000,100000,100000,0,2,0,2,0,"17.7704319953918","COMPLETE","2026-08-16 16:58:59.058198","2026-08-16 16:59:16.831807","F:/PROJECTS/IVMT1_Gene_Validation_R/raw_read_analysis/reports/tac102_4B3p_fast/full_v1/candidates/chunk_000058.csv","F:/PROJECTS/IVMT1_Gene_Validation_R/raw_read_analysis/reports/tac102_4B3p_fast/full_v1/validated/chunk_000058.csv","F:/PROJECTS/IVMT1_Gene_Validation_R/raw_read_analysis/reports/tac102_4B3p_fast/full_v1/paired/chunk_000058.csv"
59,5800001,5900000,100000,100000,1,0,1,0,0,"16.8190770149231","COMPLETE","2026-08-16 16:59:17.430937","2026-08-16 16:59:34.255148","F:/PROJECTS/IVMT1_Gene_Validation_R/raw_read_analysis/reports/tac102_4B3p_fast/full_v1/candidates/chunk_000059.csv","F:/PROJECTS/IVMT1_Gene_Validation_R/raw_read_analysis/reports/tac102_4B3p_fast/full_v1/validated/chunk_000059.csv","F:/PROJECTS/IVMT1_Gene_Validation_R/raw_read_analysis/reports/tac102_4B3p_fast/full_v1/paired/chunk_000059.csv"
60,5900001,6000000,100000,100000,1,1,2,1,3,"20.1758699417114","COMPLETE","2026-08-16 16:59:36.1268","2026-08-16 16:59:56.307688","F:/PROJECTS/IVMT1_Gene_Validation_R/raw_read_analysis/reports/tac102_4B3p_fast/full_v1/candidates/chunk_000060.csv","F:/PROJECTS/IVMT1_Gene_Validation_R/raw_read_analysis/reports/tac102_4B3p_fast/full_v1/validated/chunk_000060.csv","F:/PROJECTS/IVMT1_Gene_Validation_R/raw_read_analysis/reports/tac102_4B3p_fast/full_v1/paired/chunk_000060.csv"
61,6000001,6100000,100000,100000,1,2,1,3,1,"22.4458980560303","COMPLETE","2026-08-16 16:59:57.370355","2026-08-16 17:00:19.821285","F:/PROJECTS/IVMT1_Gene_Validation_R/raw_read_analysis/reports/tac102_4B3p_fast/full_v1/candidates/chunk_000061.csv","F:/PROJECTS/IVMT1_Gene_Validation_R/raw_read_analysis/reports/tac102_4B3p_fast/full_v1/validated/chunk_000061.csv","F:/PROJECTS/IVMT1_Gene_Validation_R/raw_read_analysis/reports/tac102_4B3p_fast/full_v1/paired/chunk_000061.csv"
62,6100001,6200000,100000,100000,0,0,0,0,0,"9.09709501266479","COMPLETE","2026-08-16 17:00:20.561104","2026-08-16 17:00:29.663452","F:/PROJECTS/IVMT1_Gene_Validation_R/raw_read_analysis/reports/tac102_4B3p_fast/full_v1/candidates/chunk_000062.csv","F:/PROJECTS/IVMT1_Gene_Validation_R/raw_read_analysis/reports/tac102_4B3p_fast/full_v1/validated/chunk_000062.csv","F:/PROJECTS/IVMT1_Gene_Validation_R/raw_read_analysis/reports/tac102_4B3p_fast/full_v1/paired/chunk_000062.csv"
63,6200001,6300000,100000,100000,1,0,1,0,0,"15.1620709896088","COMPLETE","2026-08-16 17:00:31.765603","2026-08-16 17:00:46.93097","F:/PROJECTS/IVMT1_Gene_Validation_R/raw_read_analysis/reports/tac102_4B3p_fast/full_v1/candidates/chunk_000063.csv","F:/PROJECTS/IVMT1_Gene_Validation_R/raw_read_analysis/reports/tac102_4B3p_fast/full_v1/validated/chunk_000063.csv","F:/PROJECTS/IVMT1_Gene_Validation_R/raw_read_analysis/reports/tac102_4B3p_fast/full_v1/paired/chunk_000063.csv"
64,6300001,6400000,100000,100000,0,1,0,1,0,"17.9187541007996","COMPLETE","2026-08-16 17:00:48.249266","2026-08-16 17:01:06.172038","F:/PROJECTS/IVMT1_Gene_Validation_R/raw_read_analysis/reports/tac102_4B3p_fast/full_v1/candidates/chunk_000064.csv","F:/PROJECTS/IVMT1_Gene_Validation_R/raw_read_analysis/reports/tac102_4B3p_fast/full_v1/validated/chunk_000064.csv","F:/PROJECTS/IVMT1_Gene_Validation_R/raw_read_analysis/reports/tac102_4B3p_fast/full_v1/paired/chunk_000064.csv"
65,6400001,6500000,100000,100000,0,0,0,0,0,"8.65777587890625","COMPLETE","2026-08-16 17:01:06.738975","2026-08-16 17:01:15.401492","F:/PROJECTS/IVMT1_Gene_Validation_R/raw_read_analysis/reports/tac102_4B3p_fast/full_v1/candidates/chunk_000065.csv","F:/PROJECTS/IVMT1_Gene_Validation_R/raw_read_analysis/reports/tac102_4B3p_fast/full_v1/validated/chunk_000065.csv","F:/PROJECTS/IVMT1_Gene_Validation_R/raw_read_analysis/reports/tac102_4B3p_fast/full_v1/paired/chunk_000065.csv"
66,6500001,6600000,100000,100000,0,1,0,1,0,"18.6099650859833","COMPLETE","2026-08-16 17:01:16.634822","2026-08-16 17:01:35.248312","F:/PROJECTS/IVMT1_Gene_Validation_R/raw_read_analysis/reports/tac102_4B3p_fast/full_v1/candidates/chunk_000066.csv","F:/PROJECTS/IVMT1_Gene_Validation_R/raw_read_analysis/reports/tac102_4B3p_fast/full_v1/validated/chunk_000066.csv","F:/PROJECTS/IVMT1_Gene_Validation_R/raw_read_analysis/reports/tac102_4B3p_fast/full_v1/paired/chunk_000066.csv"
67,6600001,6700000,100000,100000,1,0,1,0,0,"17.7157831192017","COMPLETE","2026-08-16 17:01:36.433311","2026-08-16 17:01:54.154597","F:/PROJECTS/IVMT1_Gene_Validation_R/raw_read_analysis/reports/tac102_4B3p_fast/full_v1/candidates/chunk_000067.csv","F:/PROJECTS/IVMT1_Gene_Validation_R/raw_read_analysis/reports/tac102_4B3p_fast/full_v1/validated/chunk_000067.csv","F:/PROJECTS/IVMT1_Gene_Validation_R/raw_read_analysis/reports/tac102_4B3p_fast/full_v1/paired/chunk_000067.csv"
68,6700001,6800000,100000,100000,0,0,0,0,0,"9.66292309761047","COMPLETE","2026-08-16 17:01:54.811924","2026-08-16 17:02:04.478082","F:/PROJECTS/IVMT1_Gene_Validation_R/raw_read_analysis/reports/tac102_4B3p_fast/full_v1/candidates/chunk_000068.csv","F:/PROJECTS/IVMT1_Gene_Validation_R/raw_read_analysis/reports/tac102_4B3p_fast/full_v1/validated/chunk_000068.csv","F:/PROJECTS/IVMT1_Gene_Validation_R/raw_read_analysis/reports/tac102_4B3p_fast/full_v1/paired/chunk_000068.csv"
69,6800001,6900000,100000,100000,1,0,2,0,0,"18.1516268253326","COMPLETE","2026-08-16 17:02:06.573672","2026-08-16 17:02:24.730672","F:/PROJECTS/IVMT1_Gene_Validation_R/raw_read_analysis/reports/tac102_4B3p_fast/full_v1/candidates/chunk_000069.csv","F:/PROJECTS/IVMT1_Gene_Validation_R/raw_read_analysis/reports/tac102_4B3p_fast/full_v1/validated/chunk_000069.csv","F:/PROJECTS/IVMT1_Gene_Validation_R/raw_read_analysis/reports/tac102_4B3p_fast/full_v1/paired/chunk_000069.csv"
70,6900001,7000000,100000,100000,0,0,0,0,0,"9.58917999267578","COMPLETE","2026-08-16 17:02:25.856366","2026-08-16 17:02:35.45115","F:/PROJECTS/IVMT1_Gene_Validation_R/raw_read_analysis/reports/tac102_4B3p_fast/full_v1/candidates/chunk_000070.csv","F:/PROJECTS/IVMT1_Gene_Validation_R/raw_read_analysis/reports/tac102_4B3p_fast/full_v1/validated/chunk_000070.csv","F:/PROJECTS/IVMT1_Gene_Validation_R/raw_read_analysis/reports/tac102_4B3p_fast/full_v1/paired/chunk_000070.csv"
71,7000001,7100000,100000,100000,0,0,0,0,0,"9.56546783447266","COMPLETE","2026-08-16 17:02:36.09189","2026-08-16 17:02:45.662421","F:/PROJECTS/IVMT1_Gene_Validation_R/raw_read_analysis/reports/tac102_4B3p_fast/full_v1/candidates/chunk_000071.csv","F:/PROJECTS/IVMT1_Gene_Validation_R/raw_read_analysis/reports/tac102_4B3p_fast/full_v1/validated/chunk_000071.csv","F:/PROJECTS/IVMT1_Gene_Validation_R/raw_read_analysis/reports/tac102_4B3p_fast/full_v1/paired/chunk_000071.csv"
72,7100001,7200000,100000,100000,0,0,0,0,0,"9.47978186607361","COMPLETE","2026-08-16 17:02:46.804831","2026-08-16 17:02:56.288966","F:/PROJECTS/IVMT1_Gene_Validation_R/raw_read_analysis/reports/tac102_4B3p_fast/full_v1/candidates/chunk_000072.csv","F:/PROJECTS/IVMT1_Gene_Validation_R/raw_read_analysis/reports/tac102_4B3p_fast/full_v1/validated/chunk_000072.csv","F:/PROJECTS/IVMT1_Gene_Validation_R/raw_read_analysis/reports/tac102_4B3p_fast/full_v1/paired/chunk_000072.csv"
73,7200001,7300000,100000,100000,1,1,2,2,0,"27.9590361118317","COMPLETE","2026-08-16 17:02:57.601367","2026-08-16 17:03:25.566402","F:/PROJECTS/IVMT1_Gene_Validation_R/raw_read_analysis/reports/tac102_4B3p_fast/full_v1/candidates/chunk_000073.csv","F:/PROJECTS/IVMT1_Gene_Validation_R/raw_read_analysis/reports/tac102_4B3p_fast/full_v1/validated/chunk_000073.csv","F:/PROJECTS/IVMT1_Gene_Validation_R/raw_read_analysis/reports/tac102_4B3p_fast/full_v1/paired/chunk_000073.csv"
74,7300001,7400000,100000,100000,1,0,1,0,0,"17.2663609981537","COMPLETE","2026-08-16 17:03:26.593781","2026-08-16 17:03:43.863647","F:/PROJECTS/IVMT1_Gene_Validation_R/raw_read_analysis/reports/tac102_4B3p_fast/full_v1/candidates/chunk_000074.csv","F:/PROJECTS/IVMT1_Gene_Validation_R/raw_read_analysis/reports/tac102_4B3p_fast/full_v1/validated/chunk_000074.csv","F:/PROJECTS/IVMT1_Gene_Validation_R/raw_read_analysis/reports/tac102_4B3p_fast/full_v1/paired/chunk_000074.csv"
75,7400001,7500000,100000,100000,2,3,3,4,6,"27.2255229949951","COMPLETE","2026-08-16 17:03:44.905487","2026-08-16 17:04:12.134913","F:/PROJECTS/IVMT1_Gene_Validation_R/raw_read_analysis/reports/tac102_4B3p_fast/full_v1/candidates/chunk_000075.csv","F:/PROJECTS/IVMT1_Gene_Validation_R/raw_read_analysis/reports/tac102_4B3p_fast/full_v1/validated/chunk_000075.csv","F:/PROJECTS/IVMT1_Gene_Validation_R/raw_read_analysis/reports/tac102_4B3p_fast/full_v1/paired/chunk_000075.csv"
76,7500001,7600000,100000,100000,0,1,0,1,0,"16.7268550395966","COMPLETE","2026-08-16 17:04:13.121337","2026-08-16 17:04:29.85232","F:/PROJECTS/IVMT1_Gene_Validation_R/raw_read_analysis/reports/tac102_4B3p_fast/full_v1/candidates/chunk_000076.csv","F:/PROJECTS/IVMT1_Gene_Validation_R/raw_read_analysis/reports/tac102_4B3p_fast/full_v1/validated/chunk_000076.csv","F:/PROJECTS/IVMT1_Gene_Validation_R/raw_read_analysis/reports/tac102_4B3p_fast/full_v1/paired/chunk_000076.csv"
77,7600001,7700000,100000,100000,0,0,0,0,0,"8.91623401641846","COMPLETE","2026-08-16 17:04:30.522852","2026-08-16 17:04:39.444261","F:/PROJECTS/IVMT1_Gene_Validation_R/raw_read_analysis/reports/tac102_4B3p_fast/full_v1/candidates/chunk_000077.csv","F:/PROJECTS/IVMT1_Gene_Validation_R/raw_read_analysis/reports/tac102_4B3p_fast/full_v1/validated/chunk_000077.csv","F:/PROJECTS/IVMT1_Gene_Validation_R/raw_read_analysis/reports/tac102_4B3p_fast/full_v1/paired/chunk_000077.csv"
78,7700001,7800000,100000,100000,3,2,5,2,5,"25.9072740077972","COMPLETE","2026-08-16 17:04:41.400694","2026-08-16 17:05:07.313341","F:/PROJECTS/IVMT1_Gene_Validation_R/raw_read_analysis/reports/tac102_4B3p_fast/full_v1/candidates/chunk_000078.csv","F:/PROJECTS/IVMT1_Gene_Validation_R/raw_read_analysis/reports/tac102_4B3p_fast/full_v1/validated/chunk_000078.csv","F:/PROJECTS/IVMT1_Gene_Validation_R/raw_read_analysis/reports/tac102_4B3p_fast/full_v1/paired/chunk_000078.csv"
79,7800001,7900000,100000,100000,2,0,2,0,1,"18.6180908679962","COMPLETE","2026-08-16 17:05:08.567224","2026-08-16 17:05:27.18943","F:/PROJECTS/IVMT1_Gene_Validation_R/raw_read_analysis/reports/tac102_4B3p_fast/full_v1/candidates/chunk_000079.csv","F:/PROJECTS/IVMT1_Gene_Validation_R/raw_read_analysis/reports/tac102_4B3p_fast/full_v1/validated/chunk_000079.csv","F:/PROJECTS/IVMT1_Gene_Validation_R/raw_read_analysis/reports/tac102_4B3p_fast/full_v1/paired/chunk_000079.csv"
80,7900001,8000000,100000,100000,1,2,1,3,0,"23.6508550643921","COMPLETE","2026-08-16 17:05:27.778761","2026-08-16 17:05:51.435525","F:/PROJECTS/IVMT1_Gene_Validation_R/raw_read_analysis/reports/tac102_4B3p_fast/full_v1/candidates/chunk_000080.csv","F:/PROJECTS/IVMT1_Gene_Validation_R/raw_read_analysis/reports/tac102_4B3p_fast/full_v1/validated/chunk_000080.csv","F:/PROJECTS/IVMT1_Gene_Validation_R/raw_read_analysis/reports/tac102_4B3p_fast/full_v1/paired/chunk_000080.csv"
81,8000001,8100000,100000,100000,1,2,1,2,0,"24.2454881668091","COMPLETE","2026-08-16 17:05:52.434033","2026-08-16 17:06:16.685575","F:/PROJECTS/IVMT1_Gene_Validation_R/raw_read_analysis/reports/tac102_4B3p_fast/full_v1/candidates/chunk_000081.csv","F:/PROJECTS/IVMT1_Gene_Validation_R/raw_read_analysis/reports/tac102_4B3p_fast/full_v1/validated/chunk_000081.csv","F:/PROJECTS/IVMT1_Gene_Validation_R/raw_read_analysis/reports/tac102_4B3p_fast/full_v1/paired/chunk_000081.csv"
82,8100001,8200000,100000,100000,0,1,0,1,0,"16.8827209472656","COMPLETE","2026-08-16 17:06:17.739106","2026-08-16 17:06:34.625223","F:/PROJECTS/IVMT1_Gene_Validation_R/raw_read_analysis/reports/tac102_4B3p_fast/full_v1/candidates/chunk_000082.csv","F:/PROJECTS/IVMT1_Gene_Validation_R/raw_read_analysis/reports/tac102_4B3p_fast/full_v1/validated/chunk_000082.csv","F:/PROJECTS/IVMT1_Gene_Validation_R/raw_read_analysis/reports/tac102_4B3p_fast/full_v1/paired/chunk_000082.csv"
83,8200001,8300000,100000,100000,0,0,0,0,0,"9.06542086601257","COMPLETE","2026-08-16 17:06:35.270729","2026-08-16 17:06:44.341551","F:/PROJECTS/IVMT1_Gene_Validation_R/raw_read_analysis/reports/tac102_4B3p_fast/full_v1/candidates/chunk_000083.csv","F:/PROJECTS/IVMT1_Gene_Validation_R/raw_read_analysis/reports/tac102_4B3p_fast/full_v1/validated/chunk_000083.csv","F:/PROJECTS/IVMT1_Gene_Validation_R/raw_read_analysis/reports/tac102_4B3p_fast/full_v1/paired/chunk_000083.csv"
84,8300001,8400000,100000,100000,1,1,2,1,0,"19.7057909965515","COMPLETE","2026-08-16 17:06:45.519575","2026-08-16 17:07:05.229239","F:/PROJECTS/IVMT1_Gene_Validation_R/raw_read_analysis/reports/tac102_4B3p_fast/full_v1/candidates/chunk_000084.csv","F:/PROJECTS/IVMT1_Gene_Validation_R/raw_read_analysis/reports/tac102_4B3p_fast/full_v1/validated/chunk_000084.csv","F:/PROJECTS/IVMT1_Gene_Validation_R/raw_read_analysis/reports/tac102_4B3p_fast/full_v1/paired/chunk_000084.csv"
85,8400001,8500000,100000,100000,0,0,0,0,0,"7.91044306755066","COMPLETE","2026-08-16 17:07:06.326671","2026-08-16 17:07:14.240751","F:/PROJECTS/IVMT1_Gene_Validation_R/raw_read_analysis/reports/tac102_4B3p_fast/full_v1/candidates/chunk_000085.csv","F:/PROJECTS/IVMT1_Gene_Validation_R/raw_read_analysis/reports/tac102_4B3p_fast/full_v1/validated/chunk_000085.csv","F:/PROJECTS/IVMT1_Gene_Validation_R/raw_read_analysis/reports/tac102_4B3p_fast/full_v1/paired/chunk_000085.csv"
86,8500001,8600000,100000,100000,1,1,1,1,0,"17.1786630153656","COMPLETE","2026-08-16 17:07:15.222177","2026-08-16 17:07:32.404321","F:/PROJECTS/IVMT1_Gene_Validation_R/raw_read_analysis/reports/tac102_4B3p_fast/full_v1/candidates/chunk_000086.csv","F:/PROJECTS/IVMT1_Gene_Validation_R/raw_read_analysis/reports/tac102_4B3p_fast/full_v1/validated/chunk_000086.csv","F:/PROJECTS/IVMT1_Gene_Validation_R/raw_read_analysis/reports/tac102_4B3p_fast/full_v1/paired/chunk_000086.csv"
87,8600001,8700000,100000,100000,0,2,0,2,0,"15.6892061233521","COMPLETE","2026-08-16 17:07:32.964268","2026-08-16 17:07:48.658287","F:/PROJECTS/IVMT1_Gene_Validation_R/raw_read_analysis/reports/tac102_4B3p_fast/full_v1/candidates/chunk_000087.csv","F:/PROJECTS/IVMT1_Gene_Validation_R/raw_read_analysis/reports/tac102_4B3p_fast/full_v1/validated/chunk_000087.csv","F:/PROJECTS/IVMT1_Gene_Validation_R/raw_read_analysis/reports/tac102_4B3p_fast/full_v1/paired/chunk_000087.csv"
88,8700001,8800000,100000,100000,2,1,3,1,0,"20.2589530944824","COMPLETE","2026-08-16 17:07:49.65671","2026-08-16 17:08:09.919197","F:/PROJECTS/IVMT1_Gene_Validation_R/raw_read_analysis/reports/tac102_4B3p_fast/full_v1/candidates/chunk_000088.csv","F:/PROJECTS/IVMT1_Gene_Validation_R/raw_read_analysis/reports/tac102_4B3p_fast/full_v1/validated/chunk_000088.csv","F:/PROJECTS/IVMT1_Gene_Validation_R/raw_read_analysis/reports/tac102_4B3p_fast/full_v1/paired/chunk_000088.csv"
89,8800001,8900000,100000,100000,1,0,1,0,0,"14.4542641639709","COMPLETE","2026-08-16 17:08:10.89743","2026-08-16 17:08:25.356542","F:/PROJECTS/IVMT1_Gene_Validation_R/raw_read_analysis/reports/tac102_4B3p_fast/full_v1/candidates/chunk_000089.csv","F:/PROJECTS/IVMT1_Gene_Validation_R/raw_read_analysis/reports/tac102_4B3p_fast/full_v1/validated/chunk_000089.csv","F:/PROJECTS/IVMT1_Gene_Validation_R/raw_read_analysis/reports/tac102_4B3p_fast/full_v1/paired/chunk_000089.csv"
90,8900001,9000000,100000,100000,2,0,2,0,1,"15.622355222702","COMPLETE","2026-08-16 17:08:26.094231","2026-08-16 17:08:41.720088","F:/PROJECTS/IVMT1_Gene_Validation_R/raw_read_analysis/reports/tac102_4B3p_fast/full_v1/candidates/chunk_000090.csv","F:/PROJECTS/IVMT1_Gene_Validation_R/raw_read_analysis/reports/tac102_4B3p_fast/full_v1/validated/chunk_000090.csv","F:/PROJECTS/IVMT1_Gene_Validation_R/raw_read_analysis/reports/tac102_4B3p_fast/full_v1/paired/chunk_000090.csv"
91,9000001,9100000,100000,100000,1,1,1,1,2,"18.9584250450134","COMPLETE","2026-08-16 17:08:42.60481","2026-08-16 17:09:01.56906","F:/PROJECTS/IVMT1_Gene_Validation_R/raw_read_analysis/reports/tac102_4B3p_fast/full_v1/candidates/chunk_000091.csv","F:/PROJECTS/IVMT1_Gene_Validation_R/raw_read_analysis/reports/tac102_4B3p_fast/full_v1/validated/chunk_000091.csv","F:/PROJECTS/IVMT1_Gene_Validation_R/raw_read_analysis/reports/tac102_4B3p_fast/full_v1/paired/chunk_000091.csv"
92,9100001,9200000,100000,100000,0,1,0,1,0,"16.2372190952301","COMPLETE","2026-08-16 17:09:02.651682","2026-08-16 17:09:18.89261","F:/PROJECTS/IVMT1_Gene_Validation_R/raw_read_analysis/reports/tac102_4B3p_fast/full_v1/candidates/chunk_000092.csv","F:/PROJECTS/IVMT1_Gene_Validation_R/raw_read_analysis/reports/tac102_4B3p_fast/full_v1/validated/chunk_000092.csv","F:/PROJECTS/IVMT1_Gene_Validation_R/raw_read_analysis/reports/tac102_4B3p_fast/full_v1/paired/chunk_000092.csv"
93,9200001,9300000,100000,100000,1,1,1,1,1,"20.0188329219818","COMPLETE","2026-08-16 17:09:19.57866","2026-08-16 17:09:39.600891","F:/PROJECTS/IVMT1_Gene_Validation_R/raw_read_analysis/reports/tac102_4B3p_fast/full_v1/candidates/chunk_000093.csv","F:/PROJECTS/IVMT1_Gene_Validation_R/raw_read_analysis/reports/tac102_4B3p_fast/full_v1/validated/chunk_000093.csv","F:/PROJECTS/IVMT1_Gene_Validation_R/raw_read_analysis/reports/tac102_4B3p_fast/full_v1/paired/chunk_000093.csv"
94,9300001,9400000,100000,100000,0,0,0,0,0,"8.44967484474182","COMPLETE","2026-08-16 17:09:40.451481","2026-08-16 17:09:48.905465","F:/PROJECTS/IVMT1_Gene_Validation_R/raw_read_analysis/reports/tac102_4B3p_fast/full_v1/candidates/chunk_000094.csv","F:/PROJECTS/IVMT1_Gene_Validation_R/raw_read_analysis/reports/tac102_4B3p_fast/full_v1/validated/chunk_000094.csv","F:/PROJECTS/IVMT1_Gene_Validation_R/raw_read_analysis/reports/tac102_4B3p_fast/full_v1/paired/chunk_000094.csv"
95,9400001,9500000,100000,100000,2,1,4,1,3,"23.3869440555573","COMPLETE","2026-08-16 17:09:49.993003","2026-08-16 17:10:13.385947","F:/PROJECTS/IVMT1_Gene_Validation_R/raw_read_analysis/reports/tac102_4B3p_fast/full_v1/candidates/chunk_000095.csv","F:/PROJECTS/IVMT1_Gene_Validation_R/raw_read_analysis/reports/tac102_4B3p_fast/full_v1/validated/chunk_000095.csv","F:/PROJECTS/IVMT1_Gene_Validation_R/raw_read_analysis/reports/tac102_4B3p_fast/full_v1/paired/chunk_000095.csv"
96,9500001,9600000,100000,100000,0,0,0,0,0,"9.51010203361511","COMPLETE","2026-08-16 17:10:14.227948","2026-08-16 17:10:23.745893","F:/PROJECTS/IVMT1_Gene_Validation_R/raw_read_analysis/reports/tac102_4B3p_fast/full_v1/candidates/chunk_000096.csv","F:/PROJECTS/IVMT1_Gene_Validation_R/raw_read_analysis/reports/tac102_4B3p_fast/full_v1/validated/chunk_000096.csv","F:/PROJECTS/IVMT1_Gene_Validation_R/raw_read_analysis/reports/tac102_4B3p_fast/full_v1/paired/chunk_000096.csv"
97,9600001,9700000,100000,100000,0,1,0,2,0,"16.7650148868561","COMPLETE","2026-08-16 17:10:25.247848","2026-08-16 17:10:42.018946","F:/PROJECTS/IVMT1_Gene_Validation_R/raw_read_analysis/reports/tac102_4B3p_fast/full_v1/candidates/chunk_000097.csv","F:/PROJECTS/IVMT1_Gene_Validation_R/raw_read_analysis/reports/tac102_4B3p_fast/full_v1/validated/chunk_000097.csv","F:/PROJECTS/IVMT1_Gene_Validation_R/raw_read_analysis/reports/tac102_4B3p_fast/full_v1/paired/chunk_000097.csv"
98,9700001,9800000,100000,100000,0,1,0,1,0,"16.9539639949799","COMPLETE","2026-08-16 17:10:43.151881","2026-08-16 17:11:00.111928","F:/PROJECTS/IVMT1_Gene_Validation_R/raw_read_analysis/reports/tac102_4B3p_fast/full_v1/candidates/chunk_000098.csv","F:/PROJECTS/IVMT1_Gene_Validation_R/raw_read_analysis/reports/tac102_4B3p_fast/full_v1/validated/chunk_000098.csv","F:/PROJECTS/IVMT1_Gene_Validation_R/raw_read_analysis/reports/tac102_4B3p_fast/full_v1/paired/chunk_000098.csv"
99,9800001,9900000,100000,100000,1,0,1,0,0,"16.9462561607361","COMPLETE","2026-08-16 17:11:00.818189","2026-08-16 17:11:17.769415","F:/PROJECTS/IVMT1_Gene_Validation_R/raw_read_analysis/reports/tac102_4B3p_fast/full_v1/candidates/chunk_000099.csv","F:/PROJECTS/IVMT1_Gene_Validation_R/raw_read_analysis/reports/tac102_4B3p_fast/full_v1/validated/chunk_000099.csv","F:/PROJECTS/IVMT1_Gene_Validation_R/raw_read_analysis/reports/tac102_4B3p_fast/full_v1/paired/chunk_000099.csv"
100,9900001,10000000,100000,100000,0,0,0,0,0,"8.89911699295044","COMPLETE","2026-08-16 17:11:18.861712","2026-08-16 17:11:27.767373","F:/PROJECTS/IVMT1_Gene_Validation_R/raw_read_analysis/reports/tac102_4B3p_fast/full_v1/candidates/chunk_000100.csv","F:/PROJECTS/IVMT1_Gene_Validation_R/raw_read_analysis/reports/tac102_4B3p_fast/full_v1/validated/chunk_000100.csv","F:/PROJECTS/IVMT1_Gene_Validation_R/raw_read_analysis/reports/tac102_4B3p_fast/full_v1/paired/chunk_000100.csv"
101,10000001,10100000,100000,100000,0,0,0,0,0,"9.2672131061554","COMPLETE","2026-08-16 17:11:29.721329","2026-08-16 17:11:38.992285","F:/PROJECTS/IVMT1_Gene_Validation_R/raw_read_analysis/reports/tac102_4B3p_fast/full_v1/candidates/chunk_000101.csv","F:/PROJECTS/IVMT1_Gene_Validation_R/raw_read_analysis/reports/tac102_4B3p_fast/full_v1/validated/chunk_000101.csv","F:/PROJECTS/IVMT1_Gene_Validation_R/raw_read_analysis/reports/tac102_4B3p_fast/full_v1/paired/chunk_000101.csv"
102,10100001,10200000,100000,100000,0,0,0,0,0,"9.27183389663696","COMPLETE","2026-08-16 17:11:39.600541","2026-08-16 17:11:48.878208","F:/PROJECTS/IVMT1_Gene_Validation_R/raw_read_analysis/reports/tac102_4B3p_fast/full_v1/candidates/chunk_000102.csv","F:/PROJECTS/IVMT1_Gene_Validation_R/raw_read_analysis/reports/tac102_4B3p_fast/full_v1/validated/chunk_000102.csv","F:/PROJECTS/IVMT1_Gene_Validation_R/raw_read_analysis/reports/tac102_4B3p_fast/full_v1/paired/chunk_000102.csv"
103,10200001,10300000,100000,100000,0,0,0,0,0,"8.82826519012451","COMPLETE","2026-08-16 17:11:49.965649","2026-08-16 17:11:58.798855","F:/PROJECTS/IVMT1_Gene_Validation_R/raw_read_analysis/reports/tac102_4B3p_fast/full_v1/candidates/chunk_000103.csv","F:/PROJECTS/IVMT1_Gene_Validation_R/raw_read_analysis/reports/tac102_4B3p_fast/full_v1/validated/chunk_000103.csv","F:/PROJECTS/IVMT1_Gene_Validation_R/raw_read_analysis/reports/tac102_4B3p_fast/full_v1/paired/chunk_000103.csv"
104,10300001,10400000,100000,100000,0,1,0,2,0,"16.1260349750519","COMPLETE","2026-08-16 17:12:00.070473","2026-08-16 17:12:16.202529","F:/PROJECTS/IVMT1_Gene_Validation_R/raw_read_analysis/reports/tac102_4B3p_fast/full_v1/candidates/chunk_000104.csv","F:/PROJECTS/IVMT1_Gene_Validation_R/raw_read_analysis/reports/tac102_4B3p_fast/full_v1/validated/chunk_000104.csv","F:/PROJECTS/IVMT1_Gene_Validation_R/raw_read_analysis/reports/tac102_4B3p_fast/full_v1/paired/chunk_000104.csv"
105,10400001,10500000,100000,100000,2,2,3,3,0,"24.9917731285095","COMPLETE","2026-08-16 17:12:16.833201","2026-08-16 17:12:41.831185","F:/PROJECTS/IVMT1_Gene_Validation_R/raw_read_analysis/reports/tac102_4B3p_fast/full_v1/candidates/chunk_000105.csv","F:/PROJECTS/IVMT1_Gene_Validation_R/raw_read_analysis/reports/tac102_4B3p_fast/full_v1/validated/chunk_000105.csv","F:/PROJECTS/IVMT1_Gene_Validation_R/raw_read_analysis/reports/tac102_4B3p_fast/full_v1/paired/chunk_000105.csv"
106,10500001,10600000,100000,100000,1,1,1,2,3,"20.4194519519806","COMPLETE","2026-08-16 17:12:42.789654","2026-08-16 17:13:03.213547","F:/PROJECTS/IVMT1_Gene_Validation_R/raw_read_analysis/reports/tac102_4B3p_fast/full_v1/candidates/chunk_000106.csv","F:/PROJECTS/IVMT1_Gene_Validation_R/raw_read_analysis/reports/tac102_4B3p_fast/full_v1/validated/chunk_000106.csv","F:/PROJECTS/IVMT1_Gene_Validation_R/raw_read_analysis/reports/tac102_4B3p_fast/full_v1/paired/chunk_000106.csv"
107,10600001,10700000,100000,100000,0,0,0,0,0,"8.80439615249634","COMPLETE","2026-08-16 17:13:04.287612","2026-08-16 17:13:13.096113","F:/PROJECTS/IVMT1_Gene_Validation_R/raw_read_analysis/reports/tac102_4B3p_fast/full_v1/candidates/chunk_000107.csv","F:/PROJECTS/IVMT1_Gene_Validation_R/raw_read_analysis/reports/tac102_4B3p_fast/full_v1/validated/chunk_000107.csv","F:/PROJECTS/IVMT1_Gene_Validation_R/raw_read_analysis/reports/tac102_4B3p_fast/full_v1/paired/chunk_000107.csv"
108,10700001,10800000,100000,100000,0,0,0,0,0,"10.2598631381989","COMPLETE","2026-08-16 17:13:13.826319","2026-08-16 17:13:24.092877","F:/PROJECTS/IVMT1_Gene_Validation_R/raw_read_analysis/reports/tac102_4B3p_fast/full_v1/candidates/chunk_000108.csv","F:/PROJECTS/IVMT1_Gene_Validation_R/raw_read_analysis/reports/tac102_4B3p_fast/full_v1/validated/chunk_000108.csv","F:/PROJECTS/IVMT1_Gene_Validation_R/raw_read_analysis/reports/tac102_4B3p_fast/full_v1/paired/chunk_000108.csv"
109,10800001,10900000,100000,100000,1,1,1,2,3,"18.6693229675293","COMPLETE","2026-08-16 17:13:25.028646","2026-08-16 17:13:43.702584","F:/PROJECTS/IVMT1_Gene_Validation_R/raw_read_analysis/reports/tac102_4B3p_fast/full_v1/candidates/chunk_000109.csv","F:/PROJECTS/IVMT1_Gene_Validation_R/raw_read_analysis/reports/tac102_4B3p_fast/full_v1/validated/chunk_000109.csv","F:/PROJECTS/IVMT1_Gene_Validation_R/raw_read_analysis/reports/tac102_4B3p_fast/full_v1/paired/chunk_000109.csv"
110,10900001,11000000,100000,100000,2,0,3,0,1,"18.0053758621216","COMPLETE","2026-08-16 17:13:44.600892","2026-08-16 17:14:02.61229","F:/PROJECTS/IVMT1_Gene_Validation_R/raw_read_analysis/reports/tac102_4B3p_fast/full_v1/candidates/chunk_000110.csv","F:/PROJECTS/IVMT1_Gene_Validation_R/raw_read_analysis/reports/tac102_4B3p_fast/full_v1/validated/chunk_000110.csv","F:/PROJECTS/IVMT1_Gene_Validation_R/raw_read_analysis/reports/tac102_4B3p_fast/full_v1/paired/chunk_000110.csv"
111,11000001,11100000,100000,100000,2,2,2,2,2,"21.1460998058319","COMPLETE","2026-08-16 17:14:03.162707","2026-08-16 17:14:24.312721","F:/PROJECTS/IVMT1_Gene_Validation_R/raw_read_analysis/reports/tac102_4B3p_fast/full_v1/candidates/chunk_000111.csv","F:/PROJECTS/IVMT1_Gene_Validation_R/raw_read_analysis/reports/tac102_4B3p_fast/full_v1/validated/chunk_000111.csv","F:/PROJECTS/IVMT1_Gene_Validation_R/raw_read_analysis/reports/tac102_4B3p_fast/full_v1/paired/chunk_000111.csv"
112,11100001,11200000,100000,100000,3,3,3,3,2,"26.4539020061493","COMPLETE","2026-08-16 17:14:25.210965","2026-08-16 17:14:51.670772","F:/PROJECTS/IVMT1_Gene_Validation_R/raw_read_analysis/reports/tac102_4B3p_fast/full_v1/candidates/chunk_000112.csv","F:/PROJECTS/IVMT1_Gene_Validation_R/raw_read_analysis/reports/tac102_4B3p_fast/full_v1/validated/chunk_000112.csv","F:/PROJECTS/IVMT1_Gene_Validation_R/raw_read_analysis/reports/tac102_4B3p_fast/full_v1/paired/chunk_000112.csv"
113,11200001,11300000,100000,100000,3,2,4,2,5,"26.3474400043488","COMPLETE","2026-08-16 17:14:52.702689","2026-08-16 17:15:19.054849","F:/PROJECTS/IVMT1_Gene_Validation_R/raw_read_analysis/reports/tac102_4B3p_fast/full_v1/candidates/chunk_000113.csv","F:/PROJECTS/IVMT1_Gene_Validation_R/raw_read_analysis/reports/tac102_4B3p_fast/full_v1/validated/chunk_000113.csv","F:/PROJECTS/IVMT1_Gene_Validation_R/raw_read_analysis/reports/tac102_4B3p_fast/full_v1/paired/chunk_000113.csv"
114,11300001,11400000,100000,100000,1,1,1,1,2,"22.0285940170288","COMPLETE","2026-08-16 17:15:19.668397","2026-08-16 17:15:41.703342","F:/PROJECTS/IVMT1_Gene_Validation_R/raw_read_analysis/reports/tac102_4B3p_fast/full_v1/candidates/chunk_000114.csv","F:/PROJECTS/IVMT1_Gene_Validation_R/raw_read_analysis/reports/tac102_4B3p_fast/full_v1/validated/chunk_000114.csv","F:/PROJECTS/IVMT1_Gene_Validation_R/raw_read_analysis/reports/tac102_4B3p_fast/full_v1/paired/chunk_000114.csv"
115,11400001,11500000,100000,100000,1,0,2,0,0,"18.5901808738708","COMPLETE","2026-08-16 17:15:42.671144","2026-08-16 17:16:01.267012","F:/PROJECTS/IVMT1_Gene_Validation_R/raw_read_analysis/reports/tac102_4B3p_fast/full_v1/candidates/chunk_000115.csv","F:/PROJECTS/IVMT1_Gene_Validation_R/raw_read_analysis/reports/tac102_4B3p_fast/full_v1/validated/chunk_000115.csv","F:/PROJECTS/IVMT1_Gene_Validation_R/raw_read_analysis/reports/tac102_4B3p_fast/full_v1/paired/chunk_000115.csv"
116,11500001,11600000,100000,100000,1,2,1,3,3,"20.5966348648071","COMPLETE","2026-08-16 17:16:02.373733","2026-08-16 17:16:22.974301","F:/PROJECTS/IVMT1_Gene_Validation_R/raw_read_analysis/reports/tac102_4B3p_fast/full_v1/candidates/chunk_000116.csv","F:/PROJECTS/IVMT1_Gene_Validation_R/raw_read_analysis/reports/tac102_4B3p_fast/full_v1/validated/chunk_000116.csv","F:/PROJECTS/IVMT1_Gene_Validation_R/raw_read_analysis/reports/tac102_4B3p_fast/full_v1/paired/chunk_000116.csv"
117,11600001,11700000,100000,100000,0,1,0,1,0,"14.8373031616211","COMPLETE","2026-08-16 17:16:23.986302","2026-08-16 17:16:38.82827","F:/PROJECTS/IVMT1_Gene_Validation_R/raw_read_analysis/reports/tac102_4B3p_fast/full_v1/candidates/chunk_000117.csv","F:/PROJECTS/IVMT1_Gene_Validation_R/raw_read_analysis/reports/tac102_4B3p_fast/full_v1/validated/chunk_000117.csv","F:/PROJECTS/IVMT1_Gene_Validation_R/raw_read_analysis/reports/tac102_4B3p_fast/full_v1/paired/chunk_000117.csv"
118,11700001,11800000,100000,100000,0,0,0,0,0,"7.84740090370178","COMPLETE","2026-08-16 17:16:39.503793","2026-08-16 17:16:47.355326","F:/PROJECTS/IVMT1_Gene_Validation_R/raw_read_analysis/reports/tac102_4B3p_fast/full_v1/candidates/chunk_000118.csv","F:/PROJECTS/IVMT1_Gene_Validation_R/raw_read_analysis/reports/tac102_4B3p_fast/full_v1/validated/chunk_000118.csv","F:/PROJECTS/IVMT1_Gene_Validation_R/raw_read_analysis/reports/tac102_4B3p_fast/full_v1/paired/chunk_000118.csv"
119,11800001,11900000,100000,100000,0,1,0,1,0,"15.3603389263153","COMPLETE","2026-08-16 17:16:48.502087","2026-08-16 17:17:03.866497","F:/PROJECTS/IVMT1_Gene_Validation_R/raw_read_analysis/reports/tac102_4B3p_fast/full_v1/candidates/chunk_000119.csv","F:/PROJECTS/IVMT1_Gene_Validation_R/raw_read_analysis/reports/tac102_4B3p_fast/full_v1/validated/chunk_000119.csv","F:/PROJECTS/IVMT1_Gene_Validation_R/raw_read_analysis/reports/tac102_4B3p_fast/full_v1/paired/chunk_000119.csv"
120,11900001,12000000,100000,100000,1,0,1,0,0,"15.9804539680481","COMPLETE","2026-08-16 17:17:04.931891","2026-08-16 17:17:20.918321","F:/PROJECTS/IVMT1_Gene_Validation_R/raw_read_analysis/reports/tac102_4B3p_fast/full_v1/candidates/chunk_000120.csv","F:/PROJECTS/IVMT1_Gene_Validation_R/raw_read_analysis/reports/tac102_4B3p_fast/full_v1/validated/chunk_000120.csv","F:/PROJECTS/IVMT1_Gene_Validation_R/raw_read_analysis/reports/tac102_4B3p_fast/full_v1/paired/chunk_000120.csv"
121,12000001,12100000,100000,100000,1,0,1,0,0,"16.8808398246765","COMPLETE","2026-08-16 17:17:21.708157","2026-08-16 17:17:38.595902","F:/PROJECTS/IVMT1_Gene_Validation_R/raw_read_analysis/reports/tac102_4B3p_fast/full_v1/candidates/chunk_000121.csv","F:/PROJECTS/IVMT1_Gene_Validation_R/raw_read_analysis/reports/tac102_4B3p_fast/full_v1/validated/chunk_000121.csv","F:/PROJECTS/IVMT1_Gene_Validation_R/raw_read_analysis/reports/tac102_4B3p_fast/full_v1/paired/chunk_000121.csv"
122,12100001,12200000,100000,100000,0,1,0,1,0,"17.5181457996368","COMPLETE","2026-08-16 17:17:39.767486","2026-08-16 17:17:57.291938","F:/PROJECTS/IVMT1_Gene_Validation_R/raw_read_analysis/reports/tac102_4B3p_fast/full_v1/candidates/chunk_000122.csv","F:/PROJECTS/IVMT1_Gene_Validation_R/raw_read_analysis/reports/tac102_4B3p_fast/full_v1/validated/chunk_000122.csv","F:/PROJECTS/IVMT1_Gene_Validation_R/raw_read_analysis/reports/tac102_4B3p_fast/full_v1/paired/chunk_000122.csv"
123,12200001,12300000,100000,100000,1,0,1,0,0,"16.9603419303894","COMPLETE","2026-08-16 17:17:58.468301","2026-08-16 17:18:15.432542","F:/PROJECTS/IVMT1_Gene_Validation_R/raw_read_analysis/reports/tac102_4B3p_fast/full_v1/candidates/chunk_000123.csv","F:/PROJECTS/IVMT1_Gene_Validation_R/raw_read_analysis/reports/tac102_4B3p_fast/full_v1/validated/chunk_000123.csv","F:/PROJECTS/IVMT1_Gene_Validation_R/raw_read_analysis/reports/tac102_4B3p_fast/full_v1/paired/chunk_000123.csv"
124,12300001,12400000,100000,100000,1,0,2,0,1,"17.7945399284363","COMPLETE","2026-08-16 17:18:16.037982","2026-08-16 17:18:33.83649","F:/PROJECTS/IVMT1_Gene_Validation_R/raw_read_analysis/reports/tac102_4B3p_fast/full_v1/candidates/chunk_000124.csv","F:/PROJECTS/IVMT1_Gene_Validation_R/raw_read_analysis/reports/tac102_4B3p_fast/full_v1/validated/chunk_000124.csv","F:/PROJECTS/IVMT1_Gene_Validation_R/raw_read_analysis/reports/tac102_4B3p_fast/full_v1/paired/chunk_000124.csv"
125,12400001,12500000,100000,100000,0,1,0,2,0,"17.509742975235","COMPLETE","2026-08-16 17:18:34.855447","2026-08-16 17:18:52.369001","F:/PROJECTS/IVMT1_Gene_Validation_R/raw_read_analysis/reports/tac102_4B3p_fast/full_v1/candidates/chunk_000125.csv","F:/PROJECTS/IVMT1_Gene_Validation_R/raw_read_analysis/reports/tac102_4B3p_fast/full_v1/validated/chunk_000125.csv","F:/PROJECTS/IVMT1_Gene_Validation_R/raw_read_analysis/reports/tac102_4B3p_fast/full_v1/paired/chunk_000125.csv"
126,12500001,12600000,100000,100000,2,0,2,0,0,"17.2679779529572","COMPLETE","2026-08-16 17:18:53.455302","2026-08-16 17:19:10.727523","F:/PROJECTS/IVMT1_Gene_Validation_R/raw_read_analysis/reports/tac102_4B3p_fast/full_v1/candidates/chunk_000126.csv","F:/PROJECTS/IVMT1_Gene_Validation_R/raw_read_analysis/reports/tac102_4B3p_fast/full_v1/validated/chunk_000126.csv","F:/PROJECTS/IVMT1_Gene_Validation_R/raw_read_analysis/reports/tac102_4B3p_fast/full_v1/paired/chunk_000126.csv"
127,12600001,12700000,100000,100000,0,1,0,1,0,"14.7849130630493","COMPLETE","2026-08-16 17:19:11.304419","2026-08-16 17:19:26.0935","F:/PROJECTS/IVMT1_Gene_Validation_R/raw_read_analysis/reports/tac102_4B3p_fast/full_v1/candidates/chunk_000127.csv","F:/PROJECTS/IVMT1_Gene_Validation_R/raw_read_analysis/reports/tac102_4B3p_fast/full_v1/validated/chunk_000127.csv","F:/PROJECTS/IVMT1_Gene_Validation_R/raw_read_analysis/reports/tac102_4B3p_fast/full_v1/paired/chunk_000127.csv"
128,12700001,12800000,100000,100000,1,0,1,0,0,"14.6979649066925","COMPLETE","2026-08-16 17:19:27.157432","2026-08-16 17:19:41.85939","F:/PROJECTS/IVMT1_Gene_Validation_R/raw_read_analysis/reports/tac102_4B3p_fast/full_v1/candidates/chunk_000128.csv","F:/PROJECTS/IVMT1_Gene_Validation_R/raw_read_analysis/reports/tac102_4B3p_fast/full_v1/validated/chunk_000128.csv","F:/PROJECTS/IVMT1_Gene_Validation_R/raw_read_analysis/reports/tac102_4B3p_fast/full_v1/paired/chunk_000128.csv"
129,12800001,12900000,100000,100000,1,3,2,4,4,"22.1838371753693","COMPLETE","2026-08-16 17:19:42.897318","2026-08-16 17:20:05.086603","F:/PROJECTS/IVMT1_Gene_Validation_R/raw_read_analysis/reports/tac102_4B3p_fast/full_v1/candidates/chunk_000129.csv","F:/PROJECTS/IVMT1_Gene_Validation_R/raw_read_analysis/reports/tac102_4B3p_fast/full_v1/validated/chunk_000129.csv","F:/PROJECTS/IVMT1_Gene_Validation_R/raw_read_analysis/reports/tac102_4B3p_fast/full_v1/paired/chunk_000129.csv"
130,12900001,13000000,100000,100000,1,2,1,3,3,"23.7951791286469","COMPLETE","2026-08-16 17:20:05.699394","2026-08-16 17:20:29.501288","F:/PROJECTS/IVMT1_Gene_Validation_R/raw_read_analysis/reports/tac102_4B3p_fast/full_v1/candidates/chunk_000130.csv","F:/PROJECTS/IVMT1_Gene_Validation_R/raw_read_analysis/reports/tac102_4B3p_fast/full_v1/validated/chunk_000130.csv","F:/PROJECTS/IVMT1_Gene_Validation_R/raw_read_analysis/reports/tac102_4B3p_fast/full_v1/paired/chunk_000130.csv"
131,13000001,13100000,100000,100000,1,1,1,1,2,"21.0773599147797","COMPLETE","2026-08-16 17:20:30.509494","2026-08-16 17:20:51.592379","F:/PROJECTS/IVMT1_Gene_Validation_R/raw_read_analysis/reports/tac102_4B3p_fast/full_v1/candidates/chunk_000131.csv","F:/PROJECTS/IVMT1_Gene_Validation_R/raw_read_analysis/reports/tac102_4B3p_fast/full_v1/validated/chunk_000131.csv","F:/PROJECTS/IVMT1_Gene_Validation_R/raw_read_analysis/reports/tac102_4B3p_fast/full_v1/paired/chunk_000131.csv"
132,13100001,13200000,100000,100000,2,0,3,0,0,"18.9692680835724","COMPLETE","2026-08-16 17:20:52.557911","2026-08-16 17:21:11.532414","F:/PROJECTS/IVMT1_Gene_Validation_R/raw_read_analysis/reports/tac102_4B3p_fast/full_v1/candidates/chunk_000132.csv","F:/PROJECTS/IVMT1_Gene_Validation_R/raw_read_analysis/reports/tac102_4B3p_fast/full_v1/validated/chunk_000132.csv","F:/PROJECTS/IVMT1_Gene_Validation_R/raw_read_analysis/reports/tac102_4B3p_fast/full_v1/paired/chunk_000132.csv"
133,13200001,13300000,100000,100000,0,1,0,2,0,"17.8961789608002","COMPLETE","2026-08-16 17:21:12.156899","2026-08-16 17:21:30.057164","F:/PROJECTS/IVMT1_Gene_Validation_R/raw_read_analysis/reports/tac102_4B3p_fast/full_v1/candidates/chunk_000133.csv","F:/PROJECTS/IVMT1_Gene_Validation_R/raw_read_analysis/reports/tac102_4B3p_fast/full_v1/validated/chunk_000133.csv","F:/PROJECTS/IVMT1_Gene_Validation_R/raw_read_analysis/reports/tac102_4B3p_fast/full_v1/paired/chunk_000133.csv"
134,13300001,13400000,100000,100000,1,0,1,0,0,"16.5416839122772","COMPLETE","2026-08-16 17:21:31.846589","2026-08-16 17:21:48.395299","F:/PROJECTS/IVMT1_Gene_Validation_R/raw_read_analysis/reports/tac102_4B3p_fast/full_v1/candidates/chunk_000134.csv","F:/PROJECTS/IVMT1_Gene_Validation_R/raw_read_analysis/reports/tac102_4B3p_fast/full_v1/validated/chunk_000134.csv","F:/PROJECTS/IVMT1_Gene_Validation_R/raw_read_analysis/reports/tac102_4B3p_fast/full_v1/paired/chunk_000134.csv"
135,13400001,13500000,100000,100000,0,0,0,0,0,"9.31623482704163","COMPLETE","2026-08-16 17:21:49.575396","2026-08-16 17:21:58.897424","F:/PROJECTS/IVMT1_Gene_Validation_R/raw_read_analysis/reports/tac102_4B3p_fast/full_v1/candidates/chunk_000135.csv","F:/PROJECTS/IVMT1_Gene_Validation_R/raw_read_analysis/reports/tac102_4B3p_fast/full_v1/validated/chunk_000135.csv","F:/PROJECTS/IVMT1_Gene_Validation_R/raw_read_analysis/reports/tac102_4B3p_fast/full_v1/paired/chunk_000135.csv"
136,13500001,13600000,100000,100000,0,1,0,1,0,"16.5605189800262","COMPLETE","2026-08-16 17:21:59.680706","2026-08-16 17:22:16.246485","F:/PROJECTS/IVMT1_Gene_Validation_R/raw_read_analysis/reports/tac102_4B3p_fast/full_v1/candidates/chunk_000136.csv","F:/PROJECTS/IVMT1_Gene_Validation_R/raw_read_analysis/reports/tac102_4B3p_fast/full_v1/validated/chunk_000136.csv","F:/PROJECTS/IVMT1_Gene_Validation_R/raw_read_analysis/reports/tac102_4B3p_fast/full_v1/paired/chunk_000136.csv"
137,13600001,13700000,100000,100000,0,1,0,1,0,"16.3601121902466","COMPLETE","2026-08-16 17:22:17.278988","2026-08-16 17:22:33.645984","F:/PROJECTS/IVMT1_Gene_Validation_R/raw_read_analysis/reports/tac102_4B3p_fast/full_v1/candidates/chunk_000137.csv","F:/PROJECTS/IVMT1_Gene_Validation_R/raw_read_analysis/reports/tac102_4B3p_fast/full_v1/validated/chunk_000137.csv","F:/PROJECTS/IVMT1_Gene_Validation_R/raw_read_analysis/reports/tac102_4B3p_fast/full_v1/paired/chunk_000137.csv"
138,13700001,13800000,100000,100000,1,1,1,2,0,"22.5912411212921","COMPLETE","2026-08-16 17:22:34.714877","2026-08-16 17:22:57.311785","F:/PROJECTS/IVMT1_Gene_Validation_R/raw_read_analysis/reports/tac102_4B3p_fast/full_v1/candidates/chunk_000138.csv","F:/PROJECTS/IVMT1_Gene_Validation_R/raw_read_analysis/reports/tac102_4B3p_fast/full_v1/validated/chunk_000138.csv","F:/PROJECTS/IVMT1_Gene_Validation_R/raw_read_analysis/reports/tac102_4B3p_fast/full_v1/paired/chunk_000138.csv"
139,13800001,13900000,100000,100000,1,1,1,1,0,"20.3009181022644","COMPLETE","2026-08-16 17:22:57.948062","2026-08-16 17:23:18.253347","F:/PROJECTS/IVMT1_Gene_Validation_R/raw_read_analysis/reports/tac102_4B3p_fast/full_v1/candidates/chunk_000139.csv","F:/PROJECTS/IVMT1_Gene_Validation_R/raw_read_analysis/reports/tac102_4B3p_fast/full_v1/validated/chunk_000139.csv","F:/PROJECTS/IVMT1_Gene_Validation_R/raw_read_analysis/reports/tac102_4B3p_fast/full_v1/paired/chunk_000139.csv"
140,13900001,14000000,100000,100000,0,2,0,4,0,"22.6934628486633","COMPLETE","2026-08-16 17:23:19.240976","2026-08-16 17:23:41.941288","F:/PROJECTS/IVMT1_Gene_Validation_R/raw_read_analysis/reports/tac102_4B3p_fast/full_v1/candidates/chunk_000140.csv","F:/PROJECTS/IVMT1_Gene_Validation_R/raw_read_analysis/reports/tac102_4B3p_fast/full_v1/validated/chunk_000140.csv","F:/PROJECTS/IVMT1_Gene_Validation_R/raw_read_analysis/reports/tac102_4B3p_fast/full_v1/paired/chunk_000140.csv"
141,14000001,14100000,100000,100000,1,0,1,0,0,"20.5114941596985","COMPLETE","2026-08-16 17:23:43.181501","2026-08-16 17:24:03.698374","F:/PROJECTS/IVMT1_Gene_Validation_R/raw_read_analysis/reports/tac102_4B3p_fast/full_v1/candidates/chunk_000141.csv","F:/PROJECTS/IVMT1_Gene_Validation_R/raw_read_analysis/reports/tac102_4B3p_fast/full_v1/validated/chunk_000141.csv","F:/PROJECTS/IVMT1_Gene_Validation_R/raw_read_analysis/reports/tac102_4B3p_fast/full_v1/paired/chunk_000141.csv"
142,14100001,14200000,100000,100000,0,0,0,0,0,"10.1850628852844","COMPLETE","2026-08-16 17:24:04.49737","2026-08-16 17:24:14.688654","F:/PROJECTS/IVMT1_Gene_Validation_R/raw_read_analysis/reports/tac102_4B3p_fast/full_v1/candidates/chunk_000142.csv","F:/PROJECTS/IVMT1_Gene_Validation_R/raw_read_analysis/reports/tac102_4B3p_fast/full_v1/validated/chunk_000142.csv","F:/PROJECTS/IVMT1_Gene_Validation_R/raw_read_analysis/reports/tac102_4B3p_fast/full_v1/paired/chunk_000142.csv"
143,14200001,14300000,100000,100000,1,0,1,0,0,"20.9745659828186","COMPLETE","2026-08-16 17:24:16.088839","2026-08-16 17:24:37.069243","F:/PROJECTS/IVMT1_Gene_Validation_R/raw_read_analysis/reports/tac102_4B3p_fast/full_v1/candidates/chunk_000143.csv","F:/PROJECTS/IVMT1_Gene_Validation_R/raw_read_analysis/reports/tac102_4B3p_fast/full_v1/validated/chunk_000143.csv","F:/PROJECTS/IVMT1_Gene_Validation_R/raw_read_analysis/reports/tac102_4B3p_fast/full_v1/paired/chunk_000143.csv"
144,14300001,14400000,100000,100000,1,1,1,2,0,"20.5205450057983","COMPLETE","2026-08-16 17:24:37.951133","2026-08-16 17:24:58.475938","F:/PROJECTS/IVMT1_Gene_Validation_R/raw_read_analysis/reports/tac102_4B3p_fast/full_v1/candidates/chunk_000144.csv","F:/PROJECTS/IVMT1_Gene_Validation_R/raw_read_analysis/reports/tac102_4B3p_fast/full_v1/validated/chunk_000144.csv","F:/PROJECTS/IVMT1_Gene_Validation_R/raw_read_analysis/reports/tac102_4B3p_fast/full_v1/paired/chunk_000144.csv"
145,14400001,14500000,100000,100000,0,0,0,0,0,"9.04367804527283","COMPLETE","2026-08-16 17:24:59.793818","2026-08-16 17:25:08.841684","F:/PROJECTS/IVMT1_Gene_Validation_R/raw_read_analysis/reports/tac102_4B3p_fast/full_v1/candidates/chunk_000145.csv","F:/PROJECTS/IVMT1_Gene_Validation_R/raw_read_analysis/reports/tac102_4B3p_fast/full_v1/validated/chunk_000145.csv","F:/PROJECTS/IVMT1_Gene_Validation_R/raw_read_analysis/reports/tac102_4B3p_fast/full_v1/paired/chunk_000145.csv"
146,14500001,14600000,100000,100000,1,0,1,0,0,"16.5058438777924","COMPLETE","2026-08-16 17:25:09.413244","2026-08-16 17:25:25.923516","F:/PROJECTS/IVMT1_Gene_Validation_R/raw_read_analysis/reports/tac102_4B3p_fast/full_v1/candidates/chunk_000146.csv","F:/PROJECTS/IVMT1_Gene_Validation_R/raw_read_analysis/reports/tac102_4B3p_fast/full_v1/validated/chunk_000146.csv","F:/PROJECTS/IVMT1_Gene_Validation_R/raw_read_analysis/reports/tac102_4B3p_fast/full_v1/paired/chunk_000146.csv"
147,14600001,14700000,100000,100000,0,1,0,1,0,"15.2894270420074","COMPLETE","2026-08-16 17:25:26.888006","2026-08-16 17:25:42.18387","F:/PROJECTS/IVMT1_Gene_Validation_R/raw_read_analysis/reports/tac102_4B3p_fast/full_v1/candidates/chunk_000147.csv","F:/PROJECTS/IVMT1_Gene_Validation_R/raw_read_analysis/reports/tac102_4B3p_fast/full_v1/validated/chunk_000147.csv","F:/PROJECTS/IVMT1_Gene_Validation_R/raw_read_analysis/reports/tac102_4B3p_fast/full_v1/paired/chunk_000147.csv"
148,14700001,14800000,100000,100000,0,0,0,0,0,"8.29684281349182","COMPLETE","2026-08-16 17:25:43.373763","2026-08-16 17:25:51.675014","F:/PROJECTS/IVMT1_Gene_Validation_R/raw_read_analysis/reports/tac102_4B3p_fast/full_v1/candidates/chunk_000148.csv","F:/PROJECTS/IVMT1_Gene_Validation_R/raw_read_analysis/reports/tac102_4B3p_fast/full_v1/validated/chunk_000148.csv","F:/PROJECTS/IVMT1_Gene_Validation_R/raw_read_analysis/reports/tac102_4B3p_fast/full_v1/paired/chunk_000148.csv"
149,14800001,14900000,100000,100000,1,0,2,0,0,"17.1619539260864","COMPLETE","2026-08-16 17:25:52.241852","2026-08-16 17:26:09.408209","F:/PROJECTS/IVMT1_Gene_Validation_R/raw_read_analysis/reports/tac102_4B3p_fast/full_v1/candidates/chunk_000149.csv","F:/PROJECTS/IVMT1_Gene_Validation_R/raw_read_analysis/reports/tac102_4B3p_fast/full_v1/validated/chunk_000149.csv","F:/PROJECTS/IVMT1_Gene_Validation_R/raw_read_analysis/reports/tac102_4B3p_fast/full_v1/paired/chunk_000149.csv"
150,14900001,15000000,100000,100000,0,0,0,0,0,"8.26693296432495","COMPLETE","2026-08-16 17:26:10.299289","2026-08-16 17:26:18.571508","F:/PROJECTS/IVMT1_Gene_Validation_R/raw_read_analysis/reports/tac102_4B3p_fast/full_v1/candidates/chunk_000150.csv","F:/PROJECTS/IVMT1_Gene_Validation_R/raw_read_analysis/reports/tac102_4B3p_fast/full_v1/validated/chunk_000150.csv","F:/PROJECTS/IVMT1_Gene_Validation_R/raw_read_analysis/reports/tac102_4B3p_fast/full_v1/paired/chunk_000150.csv"
151,15000001,15100000,100000,100000,0,1,0,2,0,"17.2407438755035","COMPLETE","2026-08-16 17:26:20.013045","2026-08-16 17:26:37.258017","F:/PROJECTS/IVMT1_Gene_Validation_R/raw_read_analysis/reports/tac102_4B3p_fast/full_v1/candidates/chunk_000151.csv","F:/PROJECTS/IVMT1_Gene_Validation_R/raw_read_analysis/reports/tac102_4B3p_fast/full_v1/validated/chunk_000151.csv","F:/PROJECTS/IVMT1_Gene_Validation_R/raw_read_analysis/reports/tac102_4B3p_fast/full_v1/paired/chunk_000151.csv"
152,15100001,15200000,100000,100000,0,3,0,3,0,"18.7612471580505","COMPLETE","2026-08-16 17:26:37.830242","2026-08-16 17:26:56.59899","F:/PROJECTS/IVMT1_Gene_Validation_R/raw_read_analysis/reports/tac102_4B3p_fast/full_v1/candidates/chunk_000152.csv","F:/PROJECTS/IVMT1_Gene_Validation_R/raw_read_analysis/reports/tac102_4B3p_fast/full_v1/validated/chunk_000152.csv","F:/PROJECTS/IVMT1_Gene_Validation_R/raw_read_analysis/reports/tac102_4B3p_fast/full_v1/paired/chunk_000152.csv"
153,15200001,15300000,100000,100000,2,0,2,0,0,"16.4266850948334","COMPLETE","2026-08-16 17:26:57.481812","2026-08-16 17:27:13.914073","F:/PROJECTS/IVMT1_Gene_Validation_R/raw_read_analysis/reports/tac102_4B3p_fast/full_v1/candidates/chunk_000153.csv","F:/PROJECTS/IVMT1_Gene_Validation_R/raw_read_analysis/reports/tac102_4B3p_fast/full_v1/validated/chunk_000153.csv","F:/PROJECTS/IVMT1_Gene_Validation_R/raw_read_analysis/reports/tac102_4B3p_fast/full_v1/paired/chunk_000153.csv"
154,15300001,15400000,100000,100000,1,1,1,1,2,"19.1801800727844","COMPLETE","2026-08-16 17:27:15.048972","2026-08-16 17:27:34.233825","F:/PROJECTS/IVMT1_Gene_Validation_R/raw_read_analysis/reports/tac102_4B3p_fast/full_v1/candidates/chunk_000154.csv","F:/PROJECTS/IVMT1_Gene_Validation_R/raw_read_analysis/reports/tac102_4B3p_fast/full_v1/validated/chunk_000154.csv","F:/PROJECTS/IVMT1_Gene_Validation_R/raw_read_analysis/reports/tac102_4B3p_fast/full_v1/paired/chunk_000154.csv"
155,15400001,15500000,100000,100000,0,2,0,2,0,"17.9372019767761","COMPLETE","2026-08-16 17:27:34.911858","2026-08-16 17:27:52.853995","F:/PROJECTS/IVMT1_Gene_Validation_R/raw_read_analysis/reports/tac102_4B3p_fast/full_v1/candidates/chunk_000155.csv","F:/PROJECTS/IVMT1_Gene_Validation_R/raw_read_analysis/reports/tac102_4B3p_fast/full_v1/validated/chunk_000155.csv","F:/PROJECTS/IVMT1_Gene_Validation_R/raw_read_analysis/reports/tac102_4B3p_fast/full_v1/paired/chunk_000155.csv"
156,15500001,15600000,100000,100000,1,0,2,0,0,"16.0700089931488","COMPLETE","2026-08-16 17:27:53.852291","2026-08-16 17:28:09.929805","F:/PROJECTS/IVMT1_Gene_Validation_R/raw_read_analysis/reports/tac102_4B3p_fast/full_v1/candidates/chunk_000156.csv","F:/PROJECTS/IVMT1_Gene_Validation_R/raw_read_analysis/reports/tac102_4B3p_fast/full_v1/validated/chunk_000156.csv","F:/PROJECTS/IVMT1_Gene_Validation_R/raw_read_analysis/reports/tac102_4B3p_fast/full_v1/paired/chunk_000156.csv"
157,15600001,15700000,100000,100000,1,0,1,0,0,"15.8770718574524","COMPLETE","2026-08-16 17:28:10.947235","2026-08-16 17:28:26.828938","F:/PROJECTS/IVMT1_Gene_Validation_R/raw_read_analysis/reports/tac102_4B3p_fast/full_v1/candidates/chunk_000157.csv","F:/PROJECTS/IVMT1_Gene_Validation_R/raw_read_analysis/reports/tac102_4B3p_fast/full_v1/validated/chunk_000157.csv","F:/PROJECTS/IVMT1_Gene_Validation_R/raw_read_analysis/reports/tac102_4B3p_fast/full_v1/paired/chunk_000157.csv"
158,15700001,15800000,100000,100000,0,0,0,0,0,"8.52246308326721","COMPLETE","2026-08-16 17:28:27.408098","2026-08-16 17:28:35.936895","F:/PROJECTS/IVMT1_Gene_Validation_R/raw_read_analysis/reports/tac102_4B3p_fast/full_v1/candidates/chunk_000158.csv","F:/PROJECTS/IVMT1_Gene_Validation_R/raw_read_analysis/reports/tac102_4B3p_fast/full_v1/validated/chunk_000158.csv","F:/PROJECTS/IVMT1_Gene_Validation_R/raw_read_analysis/reports/tac102_4B3p_fast/full_v1/paired/chunk_000158.csv"
159,15800001,15900000,100000,100000,0,1,0,1,0,"16.2944059371948","COMPLETE","2026-08-16 17:28:36.804192","2026-08-16 17:28:53.104196","F:/PROJECTS/IVMT1_Gene_Validation_R/raw_read_analysis/reports/tac102_4B3p_fast/full_v1/candidates/chunk_000159.csv","F:/PROJECTS/IVMT1_Gene_Validation_R/raw_read_analysis/reports/tac102_4B3p_fast/full_v1/validated/chunk_000159.csv","F:/PROJECTS/IVMT1_Gene_Validation_R/raw_read_analysis/reports/tac102_4B3p_fast/full_v1/paired/chunk_000159.csv"
160,15900001,16000000,100000,100000,2,1,2,2,3,"20.5894839763641","COMPLETE","2026-08-16 17:28:54.110358","2026-08-16 17:29:14.705865","F:/PROJECTS/IVMT1_Gene_Validation_R/raw_read_analysis/reports/tac102_4B3p_fast/full_v1/candidates/chunk_000160.csv","F:/PROJECTS/IVMT1_Gene_Validation_R/raw_read_analysis/reports/tac102_4B3p_fast/full_v1/validated/chunk_000160.csv","F:/PROJECTS/IVMT1_Gene_Validation_R/raw_read_analysis/reports/tac102_4B3p_fast/full_v1/paired/chunk_000160.csv"
161,16000001,16100000,100000,100000,1,0,1,0,0,"15.2827460765839","COMPLETE","2026-08-16 17:29:15.256022","2026-08-16 17:29:30.543315","F:/PROJECTS/IVMT1_Gene_Validation_R/raw_read_analysis/reports/tac102_4B3p_fast/full_v1/candidates/chunk_000161.csv","F:/PROJECTS/IVMT1_Gene_Validation_R/raw_read_analysis/reports/tac102_4B3p_fast/full_v1/validated/chunk_000161.csv","F:/PROJECTS/IVMT1_Gene_Validation_R/raw_read_analysis/reports/tac102_4B3p_fast/full_v1/paired/chunk_000161.csv"
162,16100001,16200000,100000,100000,0,1,0,1,0,"15.6881051063538","COMPLETE","2026-08-16 17:29:31.656303","2026-08-16 17:29:47.349725","F:/PROJECTS/IVMT1_Gene_Validation_R/raw_read_analysis/reports/tac102_4B3p_fast/full_v1/candidates/chunk_000162.csv","F:/PROJECTS/IVMT1_Gene_Validation_R/raw_read_analysis/reports/tac102_4B3p_fast/full_v1/validated/chunk_000162.csv","F:/PROJECTS/IVMT1_Gene_Validation_R/raw_read_analysis/reports/tac102_4B3p_fast/full_v1/paired/chunk_000162.csv"
163,16200001,16300000,100000,100000,0,0,0,0,0,"8.96705889701843","COMPLETE","2026-08-16 17:29:48.407336","2026-08-16 17:29:57.381102","F:/PROJECTS/IVMT1_Gene_Validation_R/raw_read_analysis/reports/tac102_4B3p_fast/full_v1/candidates/chunk_000163.csv","F:/PROJECTS/IVMT1_Gene_Validation_R/raw_read_analysis/reports/tac102_4B3p_fast/full_v1/validated/chunk_000163.csv","F:/PROJECTS/IVMT1_Gene_Validation_R/raw_read_analysis/reports/tac102_4B3p_fast/full_v1/paired/chunk_000163.csv"
164,16300001,16400000,100000,100000,0,0,0,0,0,"8.5198290348053","COMPLETE","2026-08-16 17:29:57.939949","2026-08-16 17:30:06.465248","F:/PROJECTS/IVMT1_Gene_Validation_R/raw_read_analysis/reports/tac102_4B3p_fast/full_v1/candidates/chunk_000164.csv","F:/PROJECTS/IVMT1_Gene_Validation_R/raw_read_analysis/reports/tac102_4B3p_fast/full_v1/validated/chunk_000164.csv","F:/PROJECTS/IVMT1_Gene_Validation_R/raw_read_analysis/reports/tac102_4B3p_fast/full_v1/paired/chunk_000164.csv"
165,16400001,16500000,100000,100000,2,0,2,0,0,"18.7381548881531","COMPLETE","2026-08-16 17:30:07.450613","2026-08-16 17:30:26.193595","F:/PROJECTS/IVMT1_Gene_Validation_R/raw_read_analysis/reports/tac102_4B3p_fast/full_v1/candidates/chunk_000165.csv","F:/PROJECTS/IVMT1_Gene_Validation_R/raw_read_analysis/reports/tac102_4B3p_fast/full_v1/validated/chunk_000165.csv","F:/PROJECTS/IVMT1_Gene_Validation_R/raw_read_analysis/reports/tac102_4B3p_fast/full_v1/paired/chunk_000165.csv"
166,16500001,16600000,100000,100000,0,0,0,0,0,"8.47677302360535","COMPLETE","2026-08-16 17:30:27.178206","2026-08-16 17:30:35.66403","F:/PROJECTS/IVMT1_Gene_Validation_R/raw_read_analysis/reports/tac102_4B3p_fast/full_v1/candidates/chunk_000166.csv","F:/PROJECTS/IVMT1_Gene_Validation_R/raw_read_analysis/reports/tac102_4B3p_fast/full_v1/validated/chunk_000166.csv","F:/PROJECTS/IVMT1_Gene_Validation_R/raw_read_analysis/reports/tac102_4B3p_fast/full_v1/paired/chunk_000166.csv"
167,16600001,16700000,100000,100000,0,0,0,0,0,"8.03385591506958","COMPLETE","2026-08-16 17:30:36.282385","2026-08-16 17:30:44.321039","F:/PROJECTS/IVMT1_Gene_Validation_R/raw_read_analysis/reports/tac102_4B3p_fast/full_v1/candidates/chunk_000167.csv","F:/PROJECTS/IVMT1_Gene_Validation_R/raw_read_analysis/reports/tac102_4B3p_fast/full_v1/validated/chunk_000167.csv","F:/PROJECTS/IVMT1_Gene_Validation_R/raw_read_analysis/reports/tac102_4B3p_fast/full_v1/paired/chunk_000167.csv"
168,16700001,16800000,100000,100000,1,0,2,0,0,"16.4383480548859","COMPLETE","2026-08-16 17:30:45.403661","2026-08-16 17:31:01.849005","F:/PROJECTS/IVMT1_Gene_Validation_R/raw_read_analysis/reports/tac102_4B3p_fast/full_v1/candidates/chunk_000168.csv","F:/PROJECTS/IVMT1_Gene_Validation_R/raw_read_analysis/reports/tac102_4B3p_fast/full_v1/validated/chunk_000168.csv","F:/PROJECTS/IVMT1_Gene_Validation_R/raw_read_analysis/reports/tac102_4B3p_fast/full_v1/paired/chunk_000168.csv"
169,16800001,16900000,100000,100000,0,0,0,0,0,"8.66523003578186","COMPLETE","2026-08-16 17:31:02.874235","2026-08-16 17:31:11.548221","F:/PROJECTS/IVMT1_Gene_Validation_R/raw_read_analysis/reports/tac102_4B3p_fast/full_v1/candidates/chunk_000169.csv","F:/PROJECTS/IVMT1_Gene_Validation_R/raw_read_analysis/reports/tac102_4B3p_fast/full_v1/validated/chunk_000169.csv","F:/PROJECTS/IVMT1_Gene_Validation_R/raw_read_analysis/reports/tac102_4B3p_fast/full_v1/paired/chunk_000169.csv"
170,16900001,17000000,100000,100000,0,1,0,1,0,"16.1460590362549","COMPLETE","2026-08-16 17:31:12.785502","2026-08-16 17:31:28.93632","F:/PROJECTS/IVMT1_Gene_Validation_R/raw_read_analysis/reports/tac102_4B3p_fast/full_v1/candidates/chunk_000170.csv","F:/PROJECTS/IVMT1_Gene_Validation_R/raw_read_analysis/reports/tac102_4B3p_fast/full_v1/validated/chunk_000170.csv","F:/PROJECTS/IVMT1_Gene_Validation_R/raw_read_analysis/reports/tac102_4B3p_fast/full_v1/paired/chunk_000170.csv"
171,17000001,17100000,100000,100000,2,2,2,3,3,"22.4811191558838","COMPLETE","2026-08-16 17:31:29.508659","2026-08-16 17:31:51.995446","F:/PROJECTS/IVMT1_Gene_Validation_R/raw_read_analysis/reports/tac102_4B3p_fast/full_v1/candidates/chunk_000171.csv","F:/PROJECTS/IVMT1_Gene_Validation_R/raw_read_analysis/reports/tac102_4B3p_fast/full_v1/validated/chunk_000171.csv","F:/PROJECTS/IVMT1_Gene_Validation_R/raw_read_analysis/reports/tac102_4B3p_fast/full_v1/paired/chunk_000171.csv"
172,17100001,17200000,100000,100000,0,0,0,0,0,"8.69119811058044","COMPLETE","2026-08-16 17:31:52.886613","2026-08-16 17:32:01.582108","F:/PROJECTS/IVMT1_Gene_Validation_R/raw_read_analysis/reports/tac102_4B3p_fast/full_v1/candidates/chunk_000172.csv","F:/PROJECTS/IVMT1_Gene_Validation_R/raw_read_analysis/reports/tac102_4B3p_fast/full_v1/validated/chunk_000172.csv","F:/PROJECTS/IVMT1_Gene_Validation_R/raw_read_analysis/reports/tac102_4B3p_fast/full_v1/paired/chunk_000172.csv"
173,17200001,17300000,100000,100000,1,0,2,0,0,"15.6772680282593","COMPLETE","2026-08-16 17:32:02.64821","2026-08-16 17:32:18.330349","F:/PROJECTS/IVMT1_Gene_Validation_R/raw_read_analysis/reports/tac102_4B3p_fast/full_v1/candidates/chunk_000173.csv","F:/PROJECTS/IVMT1_Gene_Validation_R/raw_read_analysis/reports/tac102_4B3p_fast/full_v1/validated/chunk_000173.csv","F:/PROJECTS/IVMT1_Gene_Validation_R/raw_read_analysis/reports/tac102_4B3p_fast/full_v1/paired/chunk_000173.csv"
174,17300001,17400000,100000,100000,2,0,2,0,0,"17.8245379924774","COMPLETE","2026-08-16 17:32:18.904903","2026-08-16 17:32:36.734117","F:/PROJECTS/IVMT1_Gene_Validation_R/raw_read_analysis/reports/tac102_4B3p_fast/full_v1/candidates/chunk_000174.csv","F:/PROJECTS/IVMT1_Gene_Validation_R/raw_read_analysis/reports/tac102_4B3p_fast/full_v1/validated/chunk_000174.csv","F:/PROJECTS/IVMT1_Gene_Validation_R/raw_read_analysis/reports/tac102_4B3p_fast/full_v1/paired/chunk_000174.csv"
175,17400001,17500000,100000,100000,2,0,2,0,0,"16.8153669834137","COMPLETE","2026-08-16 17:32:37.614022","2026-08-16 17:32:54.434214","F:/PROJECTS/IVMT1_Gene_Validation_R/raw_read_analysis/reports/tac102_4B3p_fast/full_v1/candidates/chunk_000175.csv","F:/PROJECTS/IVMT1_Gene_Validation_R/raw_read_analysis/reports/tac102_4B3p_fast/full_v1/validated/chunk_000175.csv","F:/PROJECTS/IVMT1_Gene_Validation_R/raw_read_analysis/reports/tac102_4B3p_fast/full_v1/paired/chunk_000175.csv"
176,17500001,17600000,100000,100000,0,0,0,0,0,"7.94352912902832","COMPLETE","2026-08-16 17:32:55.612469","2026-08-16 17:33:03.561014","F:/PROJECTS/IVMT1_Gene_Validation_R/raw_read_analysis/reports/tac102_4B3p_fast/full_v1/candidates/chunk_000176.csv","F:/PROJECTS/IVMT1_Gene_Validation_R/raw_read_analysis/reports/tac102_4B3p_fast/full_v1/validated/chunk_000176.csv","F:/PROJECTS/IVMT1_Gene_Validation_R/raw_read_analysis/reports/tac102_4B3p_fast/full_v1/paired/chunk_000176.csv"
177,17600001,17700000,100000,100000,0,0,0,0,0,"8.68419909477234","COMPLETE","2026-08-16 17:33:04.164377","2026-08-16 17:33:12.854276","F:/PROJECTS/IVMT1_Gene_Validation_R/raw_read_analysis/reports/tac102_4B3p_fast/full_v1/candidates/chunk_000177.csv","F:/PROJECTS/IVMT1_Gene_Validation_R/raw_read_analysis/reports/tac102_4B3p_fast/full_v1/validated/chunk_000177.csv","F:/PROJECTS/IVMT1_Gene_Validation_R/raw_read_analysis/reports/tac102_4B3p_fast/full_v1/paired/chunk_000177.csv"
178,17700001,17800000,100000,100000,1,2,1,2,2,"21.9779620170593","COMPLETE","2026-08-16 17:33:13.976881","2026-08-16 17:33:35.959792","F:/PROJECTS/IVMT1_Gene_Validation_R/raw_read_analysis/reports/tac102_4B3p_fast/full_v1/candidates/chunk_000178.csv","F:/PROJECTS/IVMT1_Gene_Validation_R/raw_read_analysis/reports/tac102_4B3p_fast/full_v1/validated/chunk_000178.csv","F:/PROJECTS/IVMT1_Gene_Validation_R/raw_read_analysis/reports/tac102_4B3p_fast/full_v1/paired/chunk_000178.csv"
179,17800001,17900000,100000,100000,1,0,1,0,0,"16.4128289222717","COMPLETE","2026-08-16 17:33:36.954358","2026-08-16 17:33:53.372551","F:/PROJECTS/IVMT1_Gene_Validation_R/raw_read_analysis/reports/tac102_4B3p_fast/full_v1/candidates/chunk_000179.csv","F:/PROJECTS/IVMT1_Gene_Validation_R/raw_read_analysis/reports/tac102_4B3p_fast/full_v1/validated/chunk_000179.csv","F:/PROJECTS/IVMT1_Gene_Validation_R/raw_read_analysis/reports/tac102_4B3p_fast/full_v1/paired/chunk_000179.csv"
180,17900001,18000000,100000,100000,0,1,0,2,0,"15.5133950710297","COMPLETE","2026-08-16 17:33:53.997387","2026-08-16 17:34:09.51922","F:/PROJECTS/IVMT1_Gene_Validation_R/raw_read_analysis/reports/tac102_4B3p_fast/full_v1/candidates/chunk_000180.csv","F:/PROJECTS/IVMT1_Gene_Validation_R/raw_read_analysis/reports/tac102_4B3p_fast/full_v1/validated/chunk_000180.csv","F:/PROJECTS/IVMT1_Gene_Validation_R/raw_read_analysis/reports/tac102_4B3p_fast/full_v1/paired/chunk_000180.csv"
181,18000001,18100000,100000,100000,0,1,0,1,0,"15.840451002121","COMPLETE","2026-08-16 17:34:10.469019","2026-08-16 17:34:26.317252","F:/PROJECTS/IVMT1_Gene_Validation_R/raw_read_analysis/reports/tac102_4B3p_fast/full_v1/candidates/chunk_000181.csv","F:/PROJECTS/IVMT1_Gene_Validation_R/raw_read_analysis/reports/tac102_4B3p_fast/full_v1/validated/chunk_000181.csv","F:/PROJECTS/IVMT1_Gene_Validation_R/raw_read_analysis/reports/tac102_4B3p_fast/full_v1/paired/chunk_000181.csv"
182,18100001,18200000,100000,100000,0,1,0,1,0,"15.124330997467","COMPLETE","2026-08-16 17:34:28.105073","2026-08-16 17:34:43.235855","F:/PROJECTS/IVMT1_Gene_Validation_R/raw_read_analysis/reports/tac102_4B3p_fast/full_v1/candidates/chunk_000182.csv","F:/PROJECTS/IVMT1_Gene_Validation_R/raw_read_analysis/reports/tac102_4B3p_fast/full_v1/validated/chunk_000182.csv","F:/PROJECTS/IVMT1_Gene_Validation_R/raw_read_analysis/reports/tac102_4B3p_fast/full_v1/paired/chunk_000182.csv"
183,18200001,18300000,100000,100000,1,0,1,0,0,"15.0931379795074","COMPLETE","2026-08-16 17:34:44.011938","2026-08-16 17:34:59.111023","F:/PROJECTS/IVMT1_Gene_Validation_R/raw_read_analysis/reports/tac102_4B3p_fast/full_v1/candidates/chunk_000183.csv","F:/PROJECTS/IVMT1_Gene_Validation_R/raw_read_analysis/reports/tac102_4B3p_fast/full_v1/validated/chunk_000183.csv","F:/PROJECTS/IVMT1_Gene_Validation_R/raw_read_analysis/reports/tac102_4B3p_fast/full_v1/paired/chunk_000183.csv"
184,18300001,18400000,100000,100000,1,1,1,1,2,"18.5098431110382","COMPLETE","2026-08-16 17:35:00.158608","2026-08-16 17:35:18.674075","F:/PROJECTS/IVMT1_Gene_Validation_R/raw_read_analysis/reports/tac102_4B3p_fast/full_v1/candidates/chunk_000184.csv","F:/PROJECTS/IVMT1_Gene_Validation_R/raw_read_analysis/reports/tac102_4B3p_fast/full_v1/validated/chunk_000184.csv","F:/PROJECTS/IVMT1_Gene_Validation_R/raw_read_analysis/reports/tac102_4B3p_fast/full_v1/paired/chunk_000184.csv"
185,18400001,18500000,100000,100000,1,1,2,1,3,"19.4815530776978","COMPLETE","2026-08-16 17:35:19.698544","2026-08-16 17:35:39.185077","F:/PROJECTS/IVMT1_Gene_Validation_R/raw_read_analysis/reports/tac102_4B3p_fast/full_v1/candidates/chunk_000185.csv","F:/PROJECTS/IVMT1_Gene_Validation_R/raw_read_analysis/reports/tac102_4B3p_fast/full_v1/validated/chunk_000185.csv","F:/PROJECTS/IVMT1_Gene_Validation_R/raw_read_analysis/reports/tac102_4B3p_fast/full_v1/paired/chunk_000185.csv"
186,18500001,18600000,100000,100000,0,1,0,1,0,"16.3491570949554","COMPLETE","2026-08-16 17:35:39.734222","2026-08-16 17:35:56.088284","F:/PROJECTS/IVMT1_Gene_Validation_R/raw_read_analysis/reports/tac102_4B3p_fast/full_v1/candidates/chunk_000186.csv","F:/PROJECTS/IVMT1_Gene_Validation_R/raw_read_analysis/reports/tac102_4B3p_fast/full_v1/validated/chunk_000186.csv","F:/PROJECTS/IVMT1_Gene_Validation_R/raw_read_analysis/reports/tac102_4B3p_fast/full_v1/paired/chunk_000186.csv"
187,18600001,18700000,100000,100000,0,1,0,1,0,"15.3471150398254","COMPLETE","2026-08-16 17:35:56.965554","2026-08-16 17:36:12.319159","F:/PROJECTS/IVMT1_Gene_Validation_R/raw_read_analysis/reports/tac102_4B3p_fast/full_v1/candidates/chunk_000187.csv","F:/PROJECTS/IVMT1_Gene_Validation_R/raw_read_analysis/reports/tac102_4B3p_fast/full_v1/validated/chunk_000187.csv","F:/PROJECTS/IVMT1_Gene_Validation_R/raw_read_analysis/reports/tac102_4B3p_fast/full_v1/paired/chunk_000187.csv"
188,18700001,18800000,100000,100000,1,3,2,3,4,"21.8066918849945","COMPLETE","2026-08-16 17:36:13.517502","2026-08-16 17:36:35.329552","F:/PROJECTS/IVMT1_Gene_Validation_R/raw_read_analysis/reports/tac102_4B3p_fast/full_v1/candidates/chunk_000188.csv","F:/PROJECTS/IVMT1_Gene_Validation_R/raw_read_analysis/reports/tac102_4B3p_fast/full_v1/validated/chunk_000188.csv","F:/PROJECTS/IVMT1_Gene_Validation_R/raw_read_analysis/reports/tac102_4B3p_fast/full_v1/paired/chunk_000188.csv"
189,18800001,18900000,100000,100000,2,0,3,0,0,"17.9991688728333","COMPLETE","2026-08-16 17:36:35.97743","2026-08-16 17:36:53.981738","F:/PROJECTS/IVMT1_Gene_Validation_R/raw_read_analysis/reports/tac102_4B3p_fast/full_v1/candidates/chunk_000189.csv","F:/PROJECTS/IVMT1_Gene_Validation_R/raw_read_analysis/reports/tac102_4B3p_fast/full_v1/validated/chunk_000189.csv","F:/PROJECTS/IVMT1_Gene_Validation_R/raw_read_analysis/reports/tac102_4B3p_fast/full_v1/paired/chunk_000189.csv"
190,18900001,19000000,100000,100000,2,0,3,0,0,"17.5604710578918","COMPLETE","2026-08-16 17:36:54.84953","2026-08-16 17:37:12.415365","F:/PROJECTS/IVMT1_Gene_Validation_R/raw_read_analysis/reports/tac102_4B3p_fast/full_v1/candidates/chunk_000190.csv","F:/PROJECTS/IVMT1_Gene_Validation_R/raw_read_analysis/reports/tac102_4B3p_fast/full_v1/validated/chunk_000190.csv","F:/PROJECTS/IVMT1_Gene_Validation_R/raw_read_analysis/reports/tac102_4B3p_fast/full_v1/paired/chunk_000190.csv"
191,19000001,19100000,100000,100000,0,0,0,0,0,"8.44499397277832","COMPLETE","2026-08-16 17:37:13.448322","2026-08-16 17:37:21.898669","F:/PROJECTS/IVMT1_Gene_Validation_R/raw_read_analysis/reports/tac102_4B3p_fast/full_v1/candidates/chunk_000191.csv","F:/PROJECTS/IVMT1_Gene_Validation_R/raw_read_analysis/reports/tac102_4B3p_fast/full_v1/validated/chunk_000191.csv","F:/PROJECTS/IVMT1_Gene_Validation_R/raw_read_analysis/reports/tac102_4B3p_fast/full_v1/paired/chunk_000191.csv"
192,19100001,19200000,100000,100000,0,0,0,0,0,"8.42784404754639","COMPLETE","2026-08-16 17:37:22.530443","2026-08-16 17:37:30.966775","F:/PROJECTS/IVMT1_Gene_Validation_R/raw_read_analysis/reports/tac102_4B3p_fast/full_v1/candidates/chunk_000192.csv","F:/PROJECTS/IVMT1_Gene_Validation_R/raw_read_analysis/reports/tac102_4B3p_fast/full_v1/validated/chunk_000192.csv","F:/PROJECTS/IVMT1_Gene_Validation_R/raw_read_analysis/reports/tac102_4B3p_fast/full_v1/paired/chunk_000192.csv"
193,19200001,19300000,100000,100000,2,0,3,0,0,"18.0038089752197","COMPLETE","2026-08-16 17:37:31.981532","2026-08-16 17:37:49.991082","F:/PROJECTS/IVMT1_Gene_Validation_R/raw_read_analysis/reports/tac102_4B3p_fast/full_v1/candidates/chunk_000193.csv","F:/PROJECTS/IVMT1_Gene_Validation_R/raw_read_analysis/reports/tac102_4B3p_fast/full_v1/validated/chunk_000193.csv","F:/PROJECTS/IVMT1_Gene_Validation_R/raw_read_analysis/reports/tac102_4B3p_fast/full_v1/paired/chunk_000193.csv"
194,19300001,19400000,100000,100000,2,1,2,2,3,"20.2984430789948","COMPLETE","2026-08-16 17:37:50.91043","2026-08-16 17:38:11.21359","F:/PROJECTS/IVMT1_Gene_Validation_R/raw_read_analysis/reports/tac102_4B3p_fast/full_v1/candidates/chunk_000194.csv","F:/PROJECTS/IVMT1_Gene_Validation_R/raw_read_analysis/reports/tac102_4B3p_fast/full_v1/validated/chunk_000194.csv","F:/PROJECTS/IVMT1_Gene_Validation_R/raw_read_analysis/reports/tac102_4B3p_fast/full_v1/paired/chunk_000194.csv"
195,19400001,19500000,100000,100000,1,0,1,0,0,"16.2134170532227","COMPLETE","2026-08-16 17:38:12.142603","2026-08-16 17:38:28.360884","F:/PROJECTS/IVMT1_Gene_Validation_R/raw_read_analysis/reports/tac102_4B3p_fast/full_v1/candidates/chunk_000195.csv","F:/PROJECTS/IVMT1_Gene_Validation_R/raw_read_analysis/reports/tac102_4B3p_fast/full_v1/validated/chunk_000195.csv","F:/PROJECTS/IVMT1_Gene_Validation_R/raw_read_analysis/reports/tac102_4B3p_fast/full_v1/paired/chunk_000195.csv"
196,19500001,19600000,100000,100000,0,1,0,1,0,"15.7151110172272","COMPLETE","2026-08-16 17:38:28.955118","2026-08-16 17:38:44.675386","F:/PROJECTS/IVMT1_Gene_Validation_R/raw_read_analysis/reports/tac102_4B3p_fast/full_v1/candidates/chunk_000196.csv","F:/PROJECTS/IVMT1_Gene_Validation_R/raw_read_analysis/reports/tac102_4B3p_fast/full_v1/validated/chunk_000196.csv","F:/PROJECTS/IVMT1_Gene_Validation_R/raw_read_analysis/reports/tac102_4B3p_fast/full_v1/paired/chunk_000196.csv"
197,19600001,19700000,100000,100000,0,0,0,0,0,"8.11744403839111","COMPLETE","2026-08-16 17:38:45.729753","2026-08-16 17:38:53.853966","F:/PROJECTS/IVMT1_Gene_Validation_R/raw_read_analysis/reports/tac102_4B3p_fast/full_v1/candidates/chunk_000197.csv","F:/PROJECTS/IVMT1_Gene_Validation_R/raw_read_analysis/reports/tac102_4B3p_fast/full_v1/validated/chunk_000197.csv","F:/PROJECTS/IVMT1_Gene_Validation_R/raw_read_analysis/reports/tac102_4B3p_fast/full_v1/paired/chunk_000197.csv"
198,19700001,19800000,100000,100000,0,1,0,1,1,"16.3430531024933","COMPLETE","2026-08-16 17:38:55.109814","2026-08-16 17:39:11.458035","F:/PROJECTS/IVMT1_Gene_Validation_R/raw_read_analysis/reports/tac102_4B3p_fast/full_v1/candidates/chunk_000198.csv","F:/PROJECTS/IVMT1_Gene_Validation_R/raw_read_analysis/reports/tac102_4B3p_fast/full_v1/validated/chunk_000198.csv","F:/PROJECTS/IVMT1_Gene_Validation_R/raw_read_analysis/reports/tac102_4B3p_fast/full_v1/paired/chunk_000198.csv"
199,19800001,19900000,100000,100000,2,1,3,1,0,"20.5638840198517","COMPLETE","2026-08-16 17:39:12.028757","2026-08-16 17:39:32.599675","F:/PROJECTS/IVMT1_Gene_Validation_R/raw_read_analysis/reports/tac102_4B3p_fast/full_v1/candidates/chunk_000199.csv","F:/PROJECTS/IVMT1_Gene_Validation_R/raw_read_analysis/reports/tac102_4B3p_fast/full_v1/validated/chunk_000199.csv","F:/PROJECTS/IVMT1_Gene_Validation_R/raw_read_analysis/reports/tac102_4B3p_fast/full_v1/paired/chunk_000199.csv"
200,19900001,20000000,100000,100000,1,2,1,2,0,"19.8536109924316","COMPLETE","2026-08-16 17:39:33.518702","2026-08-16 17:39:53.379753","F:/PROJECTS/IVMT1_Gene_Validation_R/raw_read_analysis/reports/tac102_4B3p_fast/full_v1/candidates/chunk_000200.csv","F:/PROJECTS/IVMT1_Gene_Validation_R/raw_read_analysis/reports/tac102_4B3p_fast/full_v1/validated/chunk_000200.csv","F:/PROJECTS/IVMT1_Gene_Validation_R/raw_read_analysis/reports/tac102_4B3p_fast/full_v1/paired/chunk_000200.csv"
201,20000001,20100000,100000,100000,1,0,1,0,0,"14.8865280151367","COMPLETE","2026-08-16 17:39:55.295324","2026-08-16 17:40:10.189911","F:/PROJECTS/IVMT1_Gene_Validation_R/raw_read_analysis/reports/tac102_4B3p_fast/full_v1/candidates/chunk_000201.csv","F:/PROJECTS/IVMT1_Gene_Validation_R/raw_read_analysis/reports/tac102_4B3p_fast/full_v1/validated/chunk_000201.csv","F:/PROJECTS/IVMT1_Gene_Validation_R/raw_read_analysis/reports/tac102_4B3p_fast/full_v1/paired/chunk_000201.csv"
202,20100001,20200000,100000,100000,0,1,0,2,0,"16.9051167964935","COMPLETE","2026-08-16 17:40:11.036796","2026-08-16 17:40:27.948122","F:/PROJECTS/IVMT1_Gene_Validation_R/raw_read_analysis/reports/tac102_4B3p_fast/full_v1/candidates/chunk_000202.csv","F:/PROJECTS/IVMT1_Gene_Validation_R/raw_read_analysis/reports/tac102_4B3p_fast/full_v1/validated/chunk_000202.csv","F:/PROJECTS/IVMT1_Gene_Validation_R/raw_read_analysis/reports/tac102_4B3p_fast/full_v1/paired/chunk_000202.csv"
203,20200001,20300000,100000,100000,1,2,1,2,3,"21.3989839553833","COMPLETE","2026-08-16 17:40:29.007947","2026-08-16 17:40:50.415024","F:/PROJECTS/IVMT1_Gene_Validation_R/raw_read_analysis/reports/tac102_4B3p_fast/full_v1/candidates/chunk_000203.csv","F:/PROJECTS/IVMT1_Gene_Validation_R/raw_read_analysis/reports/tac102_4B3p_fast/full_v1/validated/chunk_000203.csv","F:/PROJECTS/IVMT1_Gene_Validation_R/raw_read_analysis/reports/tac102_4B3p_fast/full_v1/paired/chunk_000203.csv"
204,20300001,20400000,100000,100000,2,1,2,2,3,"21.4602210521698","COMPLETE","2026-08-16 17:40:51.501024","2026-08-16 17:41:12.966304","F:/PROJECTS/IVMT1_Gene_Validation_R/raw_read_analysis/reports/tac102_4B3p_fast/full_v1/candidates/chunk_000204.csv","F:/PROJECTS/IVMT1_Gene_Validation_R/raw_read_analysis/reports/tac102_4B3p_fast/full_v1/validated/chunk_000204.csv","F:/PROJECTS/IVMT1_Gene_Validation_R/raw_read_analysis/reports/tac102_4B3p_fast/full_v1/paired/chunk_000204.csv"
205,20400001,20500000,100000,100000,3,1,4,2,4,"22.3801009654999","COMPLETE","2026-08-16 17:41:13.579857","2026-08-16 17:41:35.964828","F:/PROJECTS/IVMT1_Gene_Validation_R/raw_read_analysis/reports/tac102_4B3p_fast/full_v1/candidates/chunk_000205.csv","F:/PROJECTS/IVMT1_Gene_Validation_R/raw_read_analysis/reports/tac102_4B3p_fast/full_v1/validated/chunk_000205.csv","F:/PROJECTS/IVMT1_Gene_Validation_R/raw_read_analysis/reports/tac102_4B3p_fast/full_v1/paired/chunk_000205.csv"
206,20500001,20600000,100000,100000,0,0,0,0,0,"8.57504320144653","COMPLETE","2026-08-16 17:41:36.83368","2026-08-16 17:41:45.415262","F:/PROJECTS/IVMT1_Gene_Validation_R/raw_read_analysis/reports/tac102_4B3p_fast/full_v1/candidates/chunk_000206.csv","F:/PROJECTS/IVMT1_Gene_Validation_R/raw_read_analysis/reports/tac102_4B3p_fast/full_v1/validated/chunk_000206.csv","F:/PROJECTS/IVMT1_Gene_Validation_R/raw_read_analysis/reports/tac102_4B3p_fast/full_v1/paired/chunk_000206.csv"
207,20600001,20700000,100000,100000,1,0,1,0,0,"16.6221899986267","COMPLETE","2026-08-16 17:41:46.530837","2026-08-16 17:42:03.158952","F:/PROJECTS/IVMT1_Gene_Validation_R/raw_read_analysis/reports/tac102_4B3p_fast/full_v1/candidates/chunk_000207.csv","F:/PROJECTS/IVMT1_Gene_Validation_R/raw_read_analysis/reports/tac102_4B3p_fast/full_v1/validated/chunk_000207.csv","F:/PROJECTS/IVMT1_Gene_Validation_R/raw_read_analysis/reports/tac102_4B3p_fast/full_v1/paired/chunk_000207.csv"
208,20700001,20800000,100000,100000,2,1,2,1,3,"20.0956990718842","COMPLETE","2026-08-16 17:42:03.736335","2026-08-16 17:42:23.83886","F:/PROJECTS/IVMT1_Gene_Validation_R/raw_read_analysis/reports/tac102_4B3p_fast/full_v1/candidates/chunk_000208.csv","F:/PROJECTS/IVMT1_Gene_Validation_R/raw_read_analysis/reports/tac102_4B3p_fast/full_v1/validated/chunk_000208.csv","F:/PROJECTS/IVMT1_Gene_Validation_R/raw_read_analysis/reports/tac102_4B3p_fast/full_v1/paired/chunk_000208.csv"
209,20800001,20900000,100000,100000,0,0,0,0,0,"8.56391501426697","COMPLETE","2026-08-16 17:42:25.691308","2026-08-16 17:42:34.260147","F:/PROJECTS/IVMT1_Gene_Validation_R/raw_read_analysis/reports/tac102_4B3p_fast/full_v1/candidates/chunk_000209.csv","F:/PROJECTS/IVMT1_Gene_Validation_R/raw_read_analysis/reports/tac102_4B3p_fast/full_v1/validated/chunk_000209.csv","F:/PROJECTS/IVMT1_Gene_Validation_R/raw_read_analysis/reports/tac102_4B3p_fast/full_v1/paired/chunk_000209.csv"
210,20900001,21000000,100000,100000,0,1,0,1,0,"14.9489748477936","COMPLETE","2026-08-16 17:42:35.193432","2026-08-16 17:42:50.148502","F:/PROJECTS/IVMT1_Gene_Validation_R/raw_read_analysis/reports/tac102_4B3p_fast/full_v1/candidates/chunk_000210.csv","F:/PROJECTS/IVMT1_Gene_Validation_R/raw_read_analysis/reports/tac102_4B3p_fast/full_v1/validated/chunk_000210.csv","F:/PROJECTS/IVMT1_Gene_Validation_R/raw_read_analysis/reports/tac102_4B3p_fast/full_v1/paired/chunk_000210.csv"
211,21000001,21100000,100000,100000,1,0,2,0,0,"16.9654369354248","COMPLETE","2026-08-16 17:42:50.810415","2026-08-16 17:43:07.7809","F:/PROJECTS/IVMT1_Gene_Validation_R/raw_read_analysis/reports/tac102_4B3p_fast/full_v1/candidates/chunk_000211.csv","F:/PROJECTS/IVMT1_Gene_Validation_R/raw_read_analysis/reports/tac102_4B3p_fast/full_v1/validated/chunk_000211.csv","F:/PROJECTS/IVMT1_Gene_Validation_R/raw_read_analysis/reports/tac102_4B3p_fast/full_v1/paired/chunk_000211.csv"
212,21100001,21200000,100000,100000,0,1,0,1,0,"15.8695559501648","COMPLETE","2026-08-16 17:43:08.827009","2026-08-16 17:43:24.702555","F:/PROJECTS/IVMT1_Gene_Validation_R/raw_read_analysis/reports/tac102_4B3p_fast/full_v1/candidates/chunk_000212.csv","F:/PROJECTS/IVMT1_Gene_Validation_R/raw_read_analysis/reports/tac102_4B3p_fast/full_v1/validated/chunk_000212.csv","F:/PROJECTS/IVMT1_Gene_Validation_R/raw_read_analysis/reports/tac102_4B3p_fast/full_v1/paired/chunk_000212.csv"
213,21200001,21300000,100000,100000,1,0,1,0,0,"16.587415933609","COMPLETE","2026-08-16 17:43:25.627855","2026-08-16 17:43:42.221976","F:/PROJECTS/IVMT1_Gene_Validation_R/raw_read_analysis/reports/tac102_4B3p_fast/full_v1/candidates/chunk_000213.csv","F:/PROJECTS/IVMT1_Gene_Validation_R/raw_read_analysis/reports/tac102_4B3p_fast/full_v1/validated/chunk_000213.csv","F:/PROJECTS/IVMT1_Gene_Validation_R/raw_read_analysis/reports/tac102_4B3p_fast/full_v1/paired/chunk_000213.csv"
214,21300001,21400000,100000,100000,0,0,0,0,0,"8.18799090385437","COMPLETE","2026-08-16 17:43:42.768676","2026-08-16 17:43:50.961483","F:/PROJECTS/IVMT1_Gene_Validation_R/raw_read_analysis/reports/tac102_4B3p_fast/full_v1/candidates/chunk_000214.csv","F:/PROJECTS/IVMT1_Gene_Validation_R/raw_read_analysis/reports/tac102_4B3p_fast/full_v1/validated/chunk_000214.csv","F:/PROJECTS/IVMT1_Gene_Validation_R/raw_read_analysis/reports/tac102_4B3p_fast/full_v1/paired/chunk_000214.csv"
215,21400001,21500000,100000,100000,0,1,0,1,0,"15.6214690208435","COMPLETE","2026-08-16 17:43:51.826788","2026-08-16 17:44:07.455472","F:/PROJECTS/IVMT1_Gene_Validation_R/raw_read_analysis/reports/tac102_4B3p_fast/full_v1/candidates/chunk_000215.csv","F:/PROJECTS/IVMT1_Gene_Validation_R/raw_read_analysis/reports/tac102_4B3p_fast/full_v1/validated/chunk_000215.csv","F:/PROJECTS/IVMT1_Gene_Validation_R/raw_read_analysis/reports/tac102_4B3p_fast/full_v1/paired/chunk_000215.csv"
216,21500001,21600000,100000,100000,1,0,1,0,1,"16.4708209037781","COMPLETE","2026-08-16 17:44:08.610002","2026-08-16 17:44:25.088178","F:/PROJECTS/IVMT1_Gene_Validation_R/raw_read_analysis/reports/tac102_4B3p_fast/full_v1/candidates/chunk_000216.csv","F:/PROJECTS/IVMT1_Gene_Validation_R/raw_read_analysis/reports/tac102_4B3p_fast/full_v1/validated/chunk_000216.csv","F:/PROJECTS/IVMT1_Gene_Validation_R/raw_read_analysis/reports/tac102_4B3p_fast/full_v1/paired/chunk_000216.csv"
217,21600001,21700000,100000,100000,0,0,0,0,0,"8.50964999198914","COMPLETE","2026-08-16 17:44:25.82449","2026-08-16 17:44:34.339666","F:/PROJECTS/IVMT1_Gene_Validation_R/raw_read_analysis/reports/tac102_4B3p_fast/full_v1/candidates/chunk_000217.csv","F:/PROJECTS/IVMT1_Gene_Validation_R/raw_read_analysis/reports/tac102_4B3p_fast/full_v1/validated/chunk_000217.csv","F:/PROJECTS/IVMT1_Gene_Validation_R/raw_read_analysis/reports/tac102_4B3p_fast/full_v1/paired/chunk_000217.csv"
218,21700001,21800000,100000,100000,1,1,1,1,2,"19.0346038341522","COMPLETE","2026-08-16 17:44:35.382106","2026-08-16 17:44:54.421937","F:/PROJECTS/IVMT1_Gene_Validation_R/raw_read_analysis/reports/tac102_4B3p_fast/full_v1/candidates/chunk_000218.csv","F:/PROJECTS/IVMT1_Gene_Validation_R/raw_read_analysis/reports/tac102_4B3p_fast/full_v1/validated/chunk_000218.csv","F:/PROJECTS/IVMT1_Gene_Validation_R/raw_read_analysis/reports/tac102_4B3p_fast/full_v1/paired/chunk_000218.csv"
219,21800001,21900000,100000,100000,0,0,0,0,0,"8.861732006073","COMPLETE","2026-08-16 17:44:55.376318","2026-08-16 17:45:04.243841","F:/PROJECTS/IVMT1_Gene_Validation_R/raw_read_analysis/reports/tac102_4B3p_fast/full_v1/candidates/chunk_000219.csv","F:/PROJECTS/IVMT1_Gene_Validation_R/raw_read_analysis/reports/tac102_4B3p_fast/full_v1/validated/chunk_000219.csv","F:/PROJECTS/IVMT1_Gene_Validation_R/raw_read_analysis/reports/tac102_4B3p_fast/full_v1/paired/chunk_000219.csv"
220,21900001,22000000,100000,100000,1,0,2,0,0,"17.3179759979248","COMPLETE","2026-08-16 17:45:05.080134","2026-08-16 17:45:22.40384","F:/PROJECTS/IVMT1_Gene_Validation_R/raw_read_analysis/reports/tac102_4B3p_fast/full_v1/candidates/chunk_000220.csv","F:/PROJECTS/IVMT1_Gene_Validation_R/raw_read_analysis/reports/tac102_4B3p_fast/full_v1/validated/chunk_000220.csv","F:/PROJECTS/IVMT1_Gene_Validation_R/raw_read_analysis/reports/tac102_4B3p_fast/full_v1/paired/chunk_000220.csv"
221,22000001,22100000,100000,100000,1,2,2,2,3,"20.493644952774","COMPLETE","2026-08-16 17:45:23.29846","2026-08-16 17:45:43.797275","F:/PROJECTS/IVMT1_Gene_Validation_R/raw_read_analysis/reports/tac102_4B3p_fast/full_v1/candidates/chunk_000221.csv","F:/PROJECTS/IVMT1_Gene_Validation_R/raw_read_analysis/reports/tac102_4B3p_fast/full_v1/validated/chunk_000221.csv","F:/PROJECTS/IVMT1_Gene_Validation_R/raw_read_analysis/reports/tac102_4B3p_fast/full_v1/paired/chunk_000221.csv"
222,22100001,22200000,100000,100000,2,1,2,2,1,"21.1189680099487","COMPLETE","2026-08-16 17:45:44.706495","2026-08-16 17:46:05.830751","F:/PROJECTS/IVMT1_Gene_Validation_R/raw_read_analysis/reports/tac102_4B3p_fast/full_v1/candidates/chunk_000222.csv","F:/PROJECTS/IVMT1_Gene_Validation_R/raw_read_analysis/reports/tac102_4B3p_fast/full_v1/validated/chunk_000222.csv","F:/PROJECTS/IVMT1_Gene_Validation_R/raw_read_analysis/reports/tac102_4B3p_fast/full_v1/paired/chunk_000222.csv"
223,22200001,22300000,100000,100000,3,0,5,0,1,"20.2111151218414","COMPLETE","2026-08-16 17:46:06.820484","2026-08-16 17:46:27.036943","F:/PROJECTS/IVMT1_Gene_Validation_R/raw_read_analysis/reports/tac102_4B3p_fast/full_v1/candidates/chunk_000223.csv","F:/PROJECTS/IVMT1_Gene_Validation_R/raw_read_analysis/reports/tac102_4B3p_fast/full_v1/validated/chunk_000223.csv","F:/PROJECTS/IVMT1_Gene_Validation_R/raw_read_analysis/reports/tac102_4B3p_fast/full_v1/paired/chunk_000223.csv"
224,22300001,22400000,100000,100000,0,1,0,1,0,"14.8021140098572","COMPLETE","2026-08-16 17:46:27.657631","2026-08-16 17:46:42.464992","F:/PROJECTS/IVMT1_Gene_Validation_R/raw_read_analysis/reports/tac102_4B3p_fast/full_v1/candidates/chunk_000224.csv","F:/PROJECTS/IVMT1_Gene_Validation_R/raw_read_analysis/reports/tac102_4B3p_fast/full_v1/validated/chunk_000224.csv","F:/PROJECTS/IVMT1_Gene_Validation_R/raw_read_analysis/reports/tac102_4B3p_fast/full_v1/paired/chunk_000224.csv"
225,22400001,22500000,100000,100000,0,0,0,0,0,"8.1809720993042","COMPLETE","2026-08-16 17:46:44.21173","2026-08-16 17:46:52.397737","F:/PROJECTS/IVMT1_Gene_Validation_R/raw_read_analysis/reports/tac102_4B3p_fast/full_v1/candidates/chunk_000225.csv","F:/PROJECTS/IVMT1_Gene_Validation_R/raw_read_analysis/reports/tac102_4B3p_fast/full_v1/validated/chunk_000225.csv","F:/PROJECTS/IVMT1_Gene_Validation_R/raw_read_analysis/reports/tac102_4B3p_fast/full_v1/paired/chunk_000225.csv"
226,22500001,22600000,100000,100000,1,1,1,1,0,"18.0905699729919","COMPLETE","2026-08-16 17:46:53.380277","2026-08-16 17:47:11.476873","F:/PROJECTS/IVMT1_Gene_Validation_R/raw_read_analysis/reports/tac102_4B3p_fast/full_v1/candidates/chunk_000226.csv","F:/PROJECTS/IVMT1_Gene_Validation_R/raw_read_analysis/reports/tac102_4B3p_fast/full_v1/validated/chunk_000226.csv","F:/PROJECTS/IVMT1_Gene_Validation_R/raw_read_analysis/reports/tac102_4B3p_fast/full_v1/paired/chunk_000226.csv"
227,22600001,22700000,100000,100000,1,3,2,4,3,"22.2700281143188","COMPLETE","2026-08-16 17:47:12.059635","2026-08-16 17:47:34.335871","F:/PROJECTS/IVMT1_Gene_Validation_R/raw_read_analysis/reports/tac102_4B3p_fast/full_v1/candidates/chunk_000227.csv","F:/PROJECTS/IVMT1_Gene_Validation_R/raw_read_analysis/reports/tac102_4B3p_fast/full_v1/validated/chunk_000227.csv","F:/PROJECTS/IVMT1_Gene_Validation_R/raw_read_analysis/reports/tac102_4B3p_fast/full_v1/paired/chunk_000227.csv"
228,22700001,22800000,100000,100000,1,0,1,0,0,"15.8816800117493","COMPLETE","2026-08-16 17:47:35.259348","2026-08-16 17:47:51.146039","F:/PROJECTS/IVMT1_Gene_Validation_R/raw_read_analysis/reports/tac102_4B3p_fast/full_v1/candidates/chunk_000228.csv","F:/PROJECTS/IVMT1_Gene_Validation_R/raw_read_analysis/reports/tac102_4B3p_fast/full_v1/validated/chunk_000228.csv","F:/PROJECTS/IVMT1_Gene_Validation_R/raw_read_analysis/reports/tac102_4B3p_fast/full_v1/paired/chunk_000228.csv"
229,22800001,22900000,100000,100000,1,1,2,1,0,"18.4284250736237","COMPLETE","2026-08-16 17:47:52.202867","2026-08-16 17:48:10.638323","F:/PROJECTS/IVMT1_Gene_Validation_R/raw_read_analysis/reports/tac102_4B3p_fast/full_v1/candidates/chunk_000229.csv","F:/PROJECTS/IVMT1_Gene_Validation_R/raw_read_analysis/reports/tac102_4B3p_fast/full_v1/validated/chunk_000229.csv","F:/PROJECTS/IVMT1_Gene_Validation_R/raw_read_analysis/reports/tac102_4B3p_fast/full_v1/paired/chunk_000229.csv"
230,22900001,23000000,100000,100000,0,0,0,0,0,"8.44464612007141","COMPLETE","2026-08-16 17:48:11.223923","2026-08-16 17:48:19.67424","F:/PROJECTS/IVMT1_Gene_Validation_R/raw_read_analysis/reports/tac102_4B3p_fast/full_v1/candidates/chunk_000230.csv","F:/PROJECTS/IVMT1_Gene_Validation_R/raw_read_analysis/reports/tac102_4B3p_fast/full_v1/validated/chunk_000230.csv","F:/PROJECTS/IVMT1_Gene_Validation_R/raw_read_analysis/reports/tac102_4B3p_fast/full_v1/paired/chunk_000230.csv"
231,23000001,23100000,100000,100000,0,1,0,1,0,"15.8106970787048","COMPLETE","2026-08-16 17:48:20.651985","2026-08-16 17:48:36.471235","F:/PROJECTS/IVMT1_Gene_Validation_R/raw_read_analysis/reports/tac102_4B3p_fast/full_v1/candidates/chunk_000231.csv","F:/PROJECTS/IVMT1_Gene_Validation_R/raw_read_analysis/reports/tac102_4B3p_fast/full_v1/validated/chunk_000231.csv","F:/PROJECTS/IVMT1_Gene_Validation_R/raw_read_analysis/reports/tac102_4B3p_fast/full_v1/paired/chunk_000231.csv"
232,23100001,23200000,100000,100000,0,0,0,0,0,"8.42031693458557","COMPLETE","2026-08-16 17:48:37.54957","2026-08-16 17:48:45.9753","F:/PROJECTS/IVMT1_Gene_Validation_R/raw_read_analysis/reports/tac102_4B3p_fast/full_v1/candidates/chunk_000232.csv","F:/PROJECTS/IVMT1_Gene_Validation_R/raw_read_analysis/reports/tac102_4B3p_fast/full_v1/validated/chunk_000232.csv","F:/PROJECTS/IVMT1_Gene_Validation_R/raw_read_analysis/reports/tac102_4B3p_fast/full_v1/paired/chunk_000232.csv"
233,23200001,23300000,100000,100000,1,2,1,3,3,"20.6333200931549","COMPLETE","2026-08-16 17:48:46.549479","2026-08-16 17:49:07.188155","F:/PROJECTS/IVMT1_Gene_Validation_R/raw_read_analysis/reports/tac102_4B3p_fast/full_v1/candidates/chunk_000233.csv","F:/PROJECTS/IVMT1_Gene_Validation_R/raw_read_analysis/reports/tac102_4B3p_fast/full_v1/validated/chunk_000233.csv","F:/PROJECTS/IVMT1_Gene_Validation_R/raw_read_analysis/reports/tac102_4B3p_fast/full_v1/paired/chunk_000233.csv"
234,23300001,23400000,100000,100000,1,1,2,1,3,"20.5433640480042","COMPLETE","2026-08-16 17:49:08.05508","2026-08-16 17:49:28.604486","F:/PROJECTS/IVMT1_Gene_Validation_R/raw_read_analysis/reports/tac102_4B3p_fast/full_v1/candidates/chunk_000234.csv","F:/PROJECTS/IVMT1_Gene_Validation_R/raw_read_analysis/reports/tac102_4B3p_fast/full_v1/validated/chunk_000234.csv","F:/PROJECTS/IVMT1_Gene_Validation_R/raw_read_analysis/reports/tac102_4B3p_fast/full_v1/paired/chunk_000234.csv"
235,23400001,23500000,100000,100000,1,0,1,0,1,"14.9841368198395","COMPLETE","2026-08-16 17:49:29.529159","2026-08-16 17:49:44.518521","F:/PROJECTS/IVMT1_Gene_Validation_R/raw_read_analysis/reports/tac102_4B3p_fast/full_v1/candidates/chunk_000235.csv","F:/PROJECTS/IVMT1_Gene_Validation_R/raw_read_analysis/reports/tac102_4B3p_fast/full_v1/validated/chunk_000235.csv","F:/PROJECTS/IVMT1_Gene_Validation_R/raw_read_analysis/reports/tac102_4B3p_fast/full_v1/paired/chunk_000235.csv"
236,23500001,23600000,100000,100000,2,2,2,2,2,"21.5382211208344","COMPLETE","2026-08-16 17:49:45.147596","2026-08-16 17:50:06.696484","F:/PROJECTS/IVMT1_Gene_Validation_R/raw_read_analysis/reports/tac102_4B3p_fast/full_v1/candidates/chunk_000236.csv","F:/PROJECTS/IVMT1_Gene_Validation_R/raw_read_analysis/reports/tac102_4B3p_fast/full_v1/validated/chunk_000236.csv","F:/PROJECTS/IVMT1_Gene_Validation_R/raw_read_analysis/reports/tac102_4B3p_fast/full_v1/paired/chunk_000236.csv"
237,23600001,23700000,100000,100000,2,0,2,0,0,"17.1313951015472","COMPLETE","2026-08-16 17:50:08.599938","2026-08-16 17:50:25.736545","F:/PROJECTS/IVMT1_Gene_Validation_R/raw_read_analysis/reports/tac102_4B3p_fast/full_v1/candidates/chunk_000237.csv","F:/PROJECTS/IVMT1_Gene_Validation_R/raw_read_analysis/reports/tac102_4B3p_fast/full_v1/validated/chunk_000237.csv","F:/PROJECTS/IVMT1_Gene_Validation_R/raw_read_analysis/reports/tac102_4B3p_fast/full_v1/paired/chunk_000237.csv"
238,23700001,23800000,100000,100000,0,0,0,0,0,"8.23499298095703","COMPLETE","2026-08-16 17:50:26.656793","2026-08-16 17:50:34.897202","F:/PROJECTS/IVMT1_Gene_Validation_R/raw_read_analysis/reports/tac102_4B3p_fast/full_v1/candidates/chunk_000238.csv","F:/PROJECTS/IVMT1_Gene_Validation_R/raw_read_analysis/reports/tac102_4B3p_fast/full_v1/validated/chunk_000238.csv","F:/PROJECTS/IVMT1_Gene_Validation_R/raw_read_analysis/reports/tac102_4B3p_fast/full_v1/paired/chunk_000238.csv"
239,23800001,23900000,100000,100000,0,1,0,1,0,"16.5830111503601","COMPLETE","2026-08-16 17:50:35.546851","2026-08-16 17:50:52.135316","F:/PROJECTS/IVMT1_Gene_Validation_R/raw_read_analysis/reports/tac102_4B3p_fast/full_v1/candidates/chunk_000239.csv","F:/PROJECTS/IVMT1_Gene_Validation_R/raw_read_analysis/reports/tac102_4B3p_fast/full_v1/validated/chunk_000239.csv","F:/PROJECTS/IVMT1_Gene_Validation_R/raw_read_analysis/reports/tac102_4B3p_fast/full_v1/paired/chunk_000239.csv"
240,23900001,24000000,100000,100000,1,0,1,0,0,"16.1276068687439","COMPLETE","2026-08-16 17:50:53.145564","2026-08-16 17:51:09.279062","F:/PROJECTS/IVMT1_Gene_Validation_R/raw_read_analysis/reports/tac102_4B3p_fast/full_v1/candidates/chunk_000240.csv","F:/PROJECTS/IVMT1_Gene_Validation_R/raw_read_analysis/reports/tac102_4B3p_fast/full_v1/validated/chunk_000240.csv","F:/PROJECTS/IVMT1_Gene_Validation_R/raw_read_analysis/reports/tac102_4B3p_fast/full_v1/paired/chunk_000240.csv"
241,24000001,24100000,100000,100000,1,0,1,0,0,"15.8351209163666","COMPLETE","2026-08-16 17:51:10.349591","2026-08-16 17:51:26.191328","F:/PROJECTS/IVMT1_Gene_Validation_R/raw_read_analysis/reports/tac102_4B3p_fast/full_v1/candidates/chunk_000241.csv","F:/PROJECTS/IVMT1_Gene_Validation_R/raw_read_analysis/reports/tac102_4B3p_fast/full_v1/validated/chunk_000241.csv","F:/PROJECTS/IVMT1_Gene_Validation_R/raw_read_analysis/reports/tac102_4B3p_fast/full_v1/paired/chunk_000241.csv"
242,24100001,24200000,100000,100000,2,2,2,2,2,"20.8711969852448","COMPLETE","2026-08-16 17:51:26.856003","2026-08-16 17:51:47.732789","F:/PROJECTS/IVMT1_Gene_Validation_R/raw_read_analysis/reports/tac102_4B3p_fast/full_v1/candidates/chunk_000242.csv","F:/PROJECTS/IVMT1_Gene_Validation_R/raw_read_analysis/reports/tac102_4B3p_fast/full_v1/validated/chunk_000242.csv","F:/PROJECTS/IVMT1_Gene_Validation_R/raw_read_analysis/reports/tac102_4B3p_fast/full_v1/paired/chunk_000242.csv"
243,24200001,24300000,100000,100000,0,0,0,0,0,"8.03626298904419","COMPLETE","2026-08-16 17:51:49.499335","2026-08-16 17:51:57.54149","F:/PROJECTS/IVMT1_Gene_Validation_R/raw_read_analysis/reports/tac102_4B3p_fast/full_v1/candidates/chunk_000243.csv","F:/PROJECTS/IVMT1_Gene_Validation_R/raw_read_analysis/reports/tac102_4B3p_fast/full_v1/validated/chunk_000243.csv","F:/PROJECTS/IVMT1_Gene_Validation_R/raw_read_analysis/reports/tac102_4B3p_fast/full_v1/paired/chunk_000243.csv"
244,24300001,24400000,100000,100000,0,0,0,0,0,"8.53341484069824","COMPLETE","2026-08-16 17:51:58.612826","2026-08-16 17:52:07.152633","F:/PROJECTS/IVMT1_Gene_Validation_R/raw_read_analysis/reports/tac102_4B3p_fast/full_v1/candidates/chunk_000244.csv","F:/PROJECTS/IVMT1_Gene_Validation_R/raw_read_analysis/reports/tac102_4B3p_fast/full_v1/validated/chunk_000244.csv","F:/PROJECTS/IVMT1_Gene_Validation_R/raw_read_analysis/reports/tac102_4B3p_fast/full_v1/paired/chunk_000244.csv"
245,24400001,24500000,100000,100000,0,1,0,1,0,"14.9002480506897","COMPLETE","2026-08-16 17:52:07.995314","2026-08-16 17:52:22.904756","F:/PROJECTS/IVMT1_Gene_Validation_R/raw_read_analysis/reports/tac102_4B3p_fast/full_v1/candidates/chunk_000245.csv","F:/PROJECTS/IVMT1_Gene_Validation_R/raw_read_analysis/reports/tac102_4B3p_fast/full_v1/validated/chunk_000245.csv","F:/PROJECTS/IVMT1_Gene_Validation_R/raw_read_analysis/reports/tac102_4B3p_fast/full_v1/paired/chunk_000245.csv"
246,24500001,24600000,100000,100000,1,1,1,1,0,"16.5429918766022","COMPLETE","2026-08-16 17:52:24.509246","2026-08-16 17:52:41.058502","F:/PROJECTS/IVMT1_Gene_Validation_R/raw_read_analysis/reports/tac102_4B3p_fast/full_v1/candidates/chunk_000246.csv","F:/PROJECTS/IVMT1_Gene_Validation_R/raw_read_analysis/reports/tac102_4B3p_fast/full_v1/validated/chunk_000246.csv","F:/PROJECTS/IVMT1_Gene_Validation_R/raw_read_analysis/reports/tac102_4B3p_fast/full_v1/paired/chunk_000246.csv"
247,24600001,24700000,100000,100000,4,2,5,2,2,"25.0359859466553","COMPLETE","2026-08-16 17:52:42.19315","2026-08-16 17:53:07.236173","F:/PROJECTS/IVMT1_Gene_Validation_R/raw_read_analysis/reports/tac102_4B3p_fast/full_v1/candidates/chunk_000247.csv","F:/PROJECTS/IVMT1_Gene_Validation_R/raw_read_analysis/reports/tac102_4B3p_fast/full_v1/validated/chunk_000247.csv","F:/PROJECTS/IVMT1_Gene_Validation_R/raw_read_analysis/reports/tac102_4B3p_fast/full_v1/paired/chunk_000247.csv"
248,24700001,24800000,100000,100000,0,2,0,2,0,"16.5352602005005","COMPLETE","2026-08-16 17:53:08.296203","2026-08-16 17:53:24.837509","F:/PROJECTS/IVMT1_Gene_Validation_R/raw_read_analysis/reports/tac102_4B3p_fast/full_v1/candidates/chunk_000248.csv","F:/PROJECTS/IVMT1_Gene_Validation_R/raw_read_analysis/reports/tac102_4B3p_fast/full_v1/validated/chunk_000248.csv","F:/PROJECTS/IVMT1_Gene_Validation_R/raw_read_analysis/reports/tac102_4B3p_fast/full_v1/paired/chunk_000248.csv"
249,24800001,24900000,100000,100000,0,0,0,0,0,"8.34157490730286","COMPLETE","2026-08-16 17:53:25.511496","2026-08-16 17:53:33.85976","F:/PROJECTS/IVMT1_Gene_Validation_R/raw_read_analysis/reports/tac102_4B3p_fast/full_v1/candidates/chunk_000249.csv","F:/PROJECTS/IVMT1_Gene_Validation_R/raw_read_analysis/reports/tac102_4B3p_fast/full_v1/validated/chunk_000249.csv","F:/PROJECTS/IVMT1_Gene_Validation_R/raw_read_analysis/reports/tac102_4B3p_fast/full_v1/paired/chunk_000249.csv"
250,24900001,25000000,100000,100000,0,0,0,0,0,"7.97043800354004","COMPLETE","2026-08-16 17:53:34.818426","2026-08-16 17:53:42.794602","F:/PROJECTS/IVMT1_Gene_Validation_R/raw_read_analysis/reports/tac102_4B3p_fast/full_v1/candidates/chunk_000250.csv","F:/PROJECTS/IVMT1_Gene_Validation_R/raw_read_analysis/reports/tac102_4B3p_fast/full_v1/validated/chunk_000250.csv","F:/PROJECTS/IVMT1_Gene_Validation_R/raw_read_analysis/reports/tac102_4B3p_fast/full_v1/paired/chunk_000250.csv"
251,25000001,25100000,100000,100000,2,0,4,0,1,"18.5900568962097","COMPLETE","2026-08-16 17:53:43.972872","2026-08-16 17:54:02.568928","F:/PROJECTS/IVMT1_Gene_Validation_R/raw_read_analysis/reports/tac102_4B3p_fast/full_v1/candidates/chunk_000251.csv","F:/PROJECTS/IVMT1_Gene_Validation_R/raw_read_analysis/reports/tac102_4B3p_fast/full_v1/validated/chunk_000251.csv","F:/PROJECTS/IVMT1_Gene_Validation_R/raw_read_analysis/reports/tac102_4B3p_fast/full_v1/paired/chunk_000251.csv"
252,25100001,25200000,100000,100000,0,1,0,2,0,"16.6403779983521","COMPLETE","2026-08-16 17:54:03.192384","2026-08-16 17:54:19.838443","F:/PROJECTS/IVMT1_Gene_Validation_R/raw_read_analysis/reports/tac102_4B3p_fast/full_v1/candidates/chunk_000252.csv","F:/PROJECTS/IVMT1_Gene_Validation_R/raw_read_analysis/reports/tac102_4B3p_fast/full_v1/validated/chunk_000252.csv","F:/PROJECTS/IVMT1_Gene_Validation_R/raw_read_analysis/reports/tac102_4B3p_fast/full_v1/paired/chunk_000252.csv"
253,25200001,25300000,100000,100000,0,0,0,0,0,"8.00160598754883","COMPLETE","2026-08-16 17:54:20.742894","2026-08-16 17:54:28.751711","F:/PROJECTS/IVMT1_Gene_Validation_R/raw_read_analysis/reports/tac102_4B3p_fast/full_v1/candidates/chunk_000253.csv","F:/PROJECTS/IVMT1_Gene_Validation_R/raw_read_analysis/reports/tac102_4B3p_fast/full_v1/validated/chunk_000253.csv","F:/PROJECTS/IVMT1_Gene_Validation_R/raw_read_analysis/reports/tac102_4B3p_fast/full_v1/paired/chunk_000253.csv"
254,25300001,25400000,100000,100000,0,0,0,0,0,"7.97614288330078","COMPLETE","2026-08-16 17:54:29.724575","2026-08-16 17:54:37.7062","F:/PROJECTS/IVMT1_Gene_Validation_R/raw_read_analysis/reports/tac102_4B3p_fast/full_v1/candidates/chunk_000254.csv","F:/PROJECTS/IVMT1_Gene_Validation_R/raw_read_analysis/reports/tac102_4B3p_fast/full_v1/validated/chunk_000254.csv","F:/PROJECTS/IVMT1_Gene_Validation_R/raw_read_analysis/reports/tac102_4B3p_fast/full_v1/paired/chunk_000254.csv"
255,25400001,25500000,100000,100000,0,1,0,1,0,"15.5357429981232","COMPLETE","2026-08-16 17:54:38.481142","2026-08-16 17:54:54.026367","F:/PROJECTS/IVMT1_Gene_Validation_R/raw_read_analysis/reports/tac102_4B3p_fast/full_v1/candidates/chunk_000255.csv","F:/PROJECTS/IVMT1_Gene_Validation_R/raw_read_analysis/reports/tac102_4B3p_fast/full_v1/validated/chunk_000255.csv","F:/PROJECTS/IVMT1_Gene_Validation_R/raw_read_analysis/reports/tac102_4B3p_fast/full_v1/paired/chunk_000255.csv"
256,25500001,25600000,100000,100000,1,0,1,0,0,"15.6999549865723","COMPLETE","2026-08-16 17:54:55.030558","2026-08-16 17:55:10.736238","F:/PROJECTS/IVMT1_Gene_Validation_R/raw_read_analysis/reports/tac102_4B3p_fast/full_v1/candidates/chunk_000256.csv","F:/PROJECTS/IVMT1_Gene_Validation_R/raw_read_analysis/reports/tac102_4B3p_fast/full_v1/validated/chunk_000256.csv","F:/PROJECTS/IVMT1_Gene_Validation_R/raw_read_analysis/reports/tac102_4B3p_fast/full_v1/paired/chunk_000256.csv"
257,25600001,25700000,100000,100000,0,0,0,0,0,"8.14840888977051","COMPLETE","2026-08-16 17:55:11.966519","2026-08-16 17:55:20.123439","F:/PROJECTS/IVMT1_Gene_Validation_R/raw_read_analysis/reports/tac102_4B3p_fast/full_v1/candidates/chunk_000257.csv","F:/PROJECTS/IVMT1_Gene_Validation_R/raw_read_analysis/reports/tac102_4B3p_fast/full_v1/validated/chunk_000257.csv","F:/PROJECTS/IVMT1_Gene_Validation_R/raw_read_analysis/reports/tac102_4B3p_fast/full_v1/paired/chunk_000257.csv"
258,25700001,25800000,100000,100000,0,0,0,0,0,"8.47878503799438","COMPLETE","2026-08-16 17:55:20.848725","2026-08-16 17:55:29.336341","F:/PROJECTS/IVMT1_Gene_Validation_R/raw_read_analysis/reports/tac102_4B3p_fast/full_v1/candidates/chunk_000258.csv","F:/PROJECTS/IVMT1_Gene_Validation_R/raw_read_analysis/reports/tac102_4B3p_fast/full_v1/validated/chunk_000258.csv","F:/PROJECTS/IVMT1_Gene_Validation_R/raw_read_analysis/reports/tac102_4B3p_fast/full_v1/paired/chunk_000258.csv"
259,25800001,25900000,100000,100000,1,2,1,2,2,"19.5283799171448","COMPLETE","2026-08-16 17:55:30.418102","2026-08-16 17:55:49.953224","F:/PROJECTS/IVMT1_Gene_Validation_R/raw_read_analysis/reports/tac102_4B3p_fast/full_v1/candidates/chunk_000259.csv","F:/PROJECTS/IVMT1_Gene_Validation_R/raw_read_analysis/reports/tac102_4B3p_fast/full_v1/validated/chunk_000259.csv","F:/PROJECTS/IVMT1_Gene_Validation_R/raw_read_analysis/reports/tac102_4B3p_fast/full_v1/paired/chunk_000259.csv"
260,25900001,26000000,100000,100000,3,3,3,4,3,"24.2718060016632","COMPLETE","2026-08-16 17:55:50.888155","2026-08-16 17:56:15.166664","F:/PROJECTS/IVMT1_Gene_Validation_R/raw_read_analysis/reports/tac102_4B3p_fast/full_v1/candidates/chunk_000260.csv","F:/PROJECTS/IVMT1_Gene_Validation_R/raw_read_analysis/reports/tac102_4B3p_fast/full_v1/validated/chunk_000260.csv","F:/PROJECTS/IVMT1_Gene_Validation_R/raw_read_analysis/reports/tac102_4B3p_fast/full_v1/paired/chunk_000260.csv"
261,26000001,26100000,100000,100000,1,0,1,0,0,"15.1448340415955","COMPLETE","2026-08-16 17:56:15.783983","2026-08-16 17:56:30.934843","F:/PROJECTS/IVMT1_Gene_Validation_R/raw_read_analysis/reports/tac102_4B3p_fast/full_v1/candidates/chunk_000261.csv","F:/PROJECTS/IVMT1_Gene_Validation_R/raw_read_analysis/reports/tac102_4B3p_fast/full_v1/validated/chunk_000261.csv","F:/PROJECTS/IVMT1_Gene_Validation_R/raw_read_analysis/reports/tac102_4B3p_fast/full_v1/paired/chunk_000261.csv"
262,26100001,26200000,100000,100000,0,1,0,1,0,"14.317596912384","COMPLETE","2026-08-16 17:56:32.690552","2026-08-16 17:56:47.014401","F:/PROJECTS/IVMT1_Gene_Validation_R/raw_read_analysis/reports/tac102_4B3p_fast/full_v1/candidates/chunk_000262.csv","F:/PROJECTS/IVMT1_Gene_Validation_R/raw_read_analysis/reports/tac102_4B3p_fast/full_v1/validated/chunk_000262.csv","F:/PROJECTS/IVMT1_Gene_Validation_R/raw_read_analysis/reports/tac102_4B3p_fast/full_v1/paired/chunk_000262.csv"
263,26200001,26300000,100000,100000,0,2,0,3,0,"16.8168170452118","COMPLETE","2026-08-16 17:56:48.246971","2026-08-16 17:57:05.070912","F:/PROJECTS/IVMT1_Gene_Validation_R/raw_read_analysis/reports/tac102_4B3p_fast/full_v1/candidates/chunk_000263.csv","F:/PROJECTS/IVMT1_Gene_Validation_R/raw_read_analysis/reports/tac102_4B3p_fast/full_v1/validated/chunk_000263.csv","F:/PROJECTS/IVMT1_Gene_Validation_R/raw_read_analysis/reports/tac102_4B3p_fast/full_v1/paired/chunk_000263.csv"
264,26300001,26400000,100000,100000,2,0,3,0,0,"17.963604927063","COMPLETE","2026-08-16 17:57:05.638046","2026-08-16 17:57:23.607509","F:/PROJECTS/IVMT1_Gene_Validation_R/raw_read_analysis/reports/tac102_4B3p_fast/full_v1/candidates/chunk_000264.csv","F:/PROJECTS/IVMT1_Gene_Validation_R/raw_read_analysis/reports/tac102_4B3p_fast/full_v1/validated/chunk_000264.csv","F:/PROJECTS/IVMT1_Gene_Validation_R/raw_read_analysis/reports/tac102_4B3p_fast/full_v1/paired/chunk_000264.csv"
265,26400001,26500000,100000,100000,0,0,0,0,0,"8.19047808647156","COMPLETE","2026-08-16 17:57:24.583194","2026-08-16 17:57:32.779298","F:/PROJECTS/IVMT1_Gene_Validation_R/raw_read_analysis/reports/tac102_4B3p_fast/full_v1/candidates/chunk_000265.csv","F:/PROJECTS/IVMT1_Gene_Validation_R/raw_read_analysis/reports/tac102_4B3p_fast/full_v1/validated/chunk_000265.csv","F:/PROJECTS/IVMT1_Gene_Validation_R/raw_read_analysis/reports/tac102_4B3p_fast/full_v1/paired/chunk_000265.csv"
266,26500001,26600000,100000,100000,0,0,0,0,0,"8.18650484085083","COMPLETE","2026-08-16 17:57:33.771748","2026-08-16 17:57:41.965521","F:/PROJECTS/IVMT1_Gene_Validation_R/raw_read_analysis/reports/tac102_4B3p_fast/full_v1/candidates/chunk_000266.csv","F:/PROJECTS/IVMT1_Gene_Validation_R/raw_read_analysis/reports/tac102_4B3p_fast/full_v1/validated/chunk_000266.csv","F:/PROJECTS/IVMT1_Gene_Validation_R/raw_read_analysis/reports/tac102_4B3p_fast/full_v1/paired/chunk_000266.csv"
267,26600001,26700000,100000,100000,1,0,1,0,0,"16.321357011795","COMPLETE","2026-08-16 17:57:42.646195","2026-08-16 17:57:58.973831","F:/PROJECTS/IVMT1_Gene_Validation_R/raw_read_analysis/reports/tac102_4B3p_fast/full_v1/candidates/chunk_000267.csv","F:/PROJECTS/IVMT1_Gene_Validation_R/raw_read_analysis/reports/tac102_4B3p_fast/full_v1/validated/chunk_000267.csv","F:/PROJECTS/IVMT1_Gene_Validation_R/raw_read_analysis/reports/tac102_4B3p_fast/full_v1/paired/chunk_000267.csv"
268,26700001,26800000,100000,100000,0,1,0,1,0,"15.0371041297913","COMPLETE","2026-08-16 17:57:59.91426","2026-08-16 17:58:14.957542","F:/PROJECTS/IVMT1_Gene_Validation_R/raw_read_analysis/reports/tac102_4B3p_fast/full_v1/candidates/chunk_000268.csv","F:/PROJECTS/IVMT1_Gene_Validation_R/raw_read_analysis/reports/tac102_4B3p_fast/full_v1/validated/chunk_000268.csv","F:/PROJECTS/IVMT1_Gene_Validation_R/raw_read_analysis/reports/tac102_4B3p_fast/full_v1/paired/chunk_000268.csv"
269,26800001,26900000,100000,100000,0,0,0,0,0,"8.25166201591492","COMPLETE","2026-08-16 17:58:16.146503","2026-08-16 17:58:24.406549","F:/PROJECTS/IVMT1_Gene_Validation_R/raw_read_analysis/reports/tac102_4B3p_fast/full_v1/candidates/chunk_000269.csv","F:/PROJECTS/IVMT1_Gene_Validation_R/raw_read_analysis/reports/tac102_4B3p_fast/full_v1/validated/chunk_000269.csv","F:/PROJECTS/IVMT1_Gene_Validation_R/raw_read_analysis/reports/tac102_4B3p_fast/full_v1/paired/chunk_000269.csv"
270,26900001,27000000,100000,100000,1,0,2,0,1,"16.7327129840851","COMPLETE","2026-08-16 17:58:25.188875","2026-08-16 17:58:41.927332","F:/PROJECTS/IVMT1_Gene_Validation_R/raw_read_analysis/reports/tac102_4B3p_fast/full_v1/candidates/chunk_000270.csv","F:/PROJECTS/IVMT1_Gene_Validation_R/raw_read_analysis/reports/tac102_4B3p_fast/full_v1/validated/chunk_000270.csv","F:/PROJECTS/IVMT1_Gene_Validation_R/raw_read_analysis/reports/tac102_4B3p_fast/full_v1/paired/chunk_000270.csv"
271,27000001,27100000,100000,100000,0,1,0,1,0,"16.13525390625","COMPLETE","2026-08-16 17:58:42.715301","2026-08-16 17:58:58.8567","F:/PROJECTS/IVMT1_Gene_Validation_R/raw_read_analysis/reports/tac102_4B3p_fast/full_v1/candidates/chunk_000271.csv","F:/PROJECTS/IVMT1_Gene_Validation_R/raw_read_analysis/reports/tac102_4B3p_fast/full_v1/validated/chunk_000271.csv","F:/PROJECTS/IVMT1_Gene_Validation_R/raw_read_analysis/reports/tac102_4B3p_fast/full_v1/paired/chunk_000271.csv"
272,27100001,27200000,100000,100000,1,0,1,0,0,"16.1945819854736","COMPLETE","2026-08-16 17:58:59.765013","2026-08-16 17:59:15.96732","F:/PROJECTS/IVMT1_Gene_Validation_R/raw_read_analysis/reports/tac102_4B3p_fast/full_v1/candidates/chunk_000272.csv","F:/PROJECTS/IVMT1_Gene_Validation_R/raw_read_analysis/reports/tac102_4B3p_fast/full_v1/validated/chunk_000272.csv","F:/PROJECTS/IVMT1_Gene_Validation_R/raw_read_analysis/reports/tac102_4B3p_fast/full_v1/paired/chunk_000272.csv"
273,27200001,27300000,100000,100000,0,0,0,0,0,"7.99723792076111","COMPLETE","2026-08-16 17:59:16.945533","2026-08-16 17:59:24.949613","F:/PROJECTS/IVMT1_Gene_Validation_R/raw_read_analysis/reports/tac102_4B3p_fast/full_v1/candidates/chunk_000273.csv","F:/PROJECTS/IVMT1_Gene_Validation_R/raw_read_analysis/reports/tac102_4B3p_fast/full_v1/validated/chunk_000273.csv","F:/PROJECTS/IVMT1_Gene_Validation_R/raw_read_analysis/reports/tac102_4B3p_fast/full_v1/paired/chunk_000273.csv"
274,27300001,27400000,100000,100000,2,2,3,2,5,"22.4952571392059","COMPLETE","2026-08-16 17:59:25.562245","2026-08-16 17:59:48.066793","F:/PROJECTS/IVMT1_Gene_Validation_R/raw_read_analysis/reports/tac102_4B3p_fast/full_v1/candidates/chunk_000274.csv","F:/PROJECTS/IVMT1_Gene_Validation_R/raw_read_analysis/reports/tac102_4B3p_fast/full_v1/validated/chunk_000274.csv","F:/PROJECTS/IVMT1_Gene_Validation_R/raw_read_analysis/reports/tac102_4B3p_fast/full_v1/paired/chunk_000274.csv"
275,27400001,27500000,100000,100000,1,0,1,0,1,"16.1190421581268","COMPLETE","2026-08-16 17:59:48.992766","2026-08-16 18:00:05.118094","F:/PROJECTS/IVMT1_Gene_Validation_R/raw_read_analysis/reports/tac102_4B3p_fast/full_v1/candidates/chunk_000275.csv","F:/PROJECTS/IVMT1_Gene_Validation_R/raw_read_analysis/reports/tac102_4B3p_fast/full_v1/validated/chunk_000275.csv","F:/PROJECTS/IVMT1_Gene_Validation_R/raw_read_analysis/reports/tac102_4B3p_fast/full_v1/paired/chunk_000275.csv"
276,27500001,27600000,100000,100000,1,0,1,0,0,"16.0894849300385","COMPLETE","2026-08-16 18:00:06.262895","2026-08-16 18:00:22.360039","F:/PROJECTS/IVMT1_Gene_Validation_R/raw_read_analysis/reports/tac102_4B3p_fast/full_v1/candidates/chunk_000276.csv","F:/PROJECTS/IVMT1_Gene_Validation_R/raw_read_analysis/reports/tac102_4B3p_fast/full_v1/validated/chunk_000276.csv","F:/PROJECTS/IVMT1_Gene_Validation_R/raw_read_analysis/reports/tac102_4B3p_fast/full_v1/paired/chunk_000276.csv"
277,27600001,27700000,100000,100000,0,0,0,0,0,"8.23294997215271","COMPLETE","2026-08-16 18:00:22.963439","2026-08-16 18:00:31.202036","F:/PROJECTS/IVMT1_Gene_Validation_R/raw_read_analysis/reports/tac102_4B3p_fast/full_v1/candidates/chunk_000277.csv","F:/PROJECTS/IVMT1_Gene_Validation_R/raw_read_analysis/reports/tac102_4B3p_fast/full_v1/validated/chunk_000277.csv","F:/PROJECTS/IVMT1_Gene_Validation_R/raw_read_analysis/reports/tac102_4B3p_fast/full_v1/paired/chunk_000277.csv"
278,27700001,27800000,100000,100000,0,1,0,1,0,"16.5185060501099","COMPLETE","2026-08-16 18:00:32.151991","2026-08-16 18:00:48.680468","F:/PROJECTS/IVMT1_Gene_Validation_R/raw_read_analysis/reports/tac102_4B3p_fast/full_v1/candidates/chunk_000278.csv","F:/PROJECTS/IVMT1_Gene_Validation_R/raw_read_analysis/reports/tac102_4B3p_fast/full_v1/validated/chunk_000278.csv","F:/PROJECTS/IVMT1_Gene_Validation_R/raw_read_analysis/reports/tac102_4B3p_fast/full_v1/paired/chunk_000278.csv"
279,27800001,27900000,100000,100000,0,0,0,0,0,"7.95614004135132","COMPLETE","2026-08-16 18:00:49.989361","2026-08-16 18:00:57.951422","F:/PROJECTS/IVMT1_Gene_Validation_R/raw_read_analysis/reports/tac102_4B3p_fast/full_v1/candidates/chunk_000279.csv","F:/PROJECTS/IVMT1_Gene_Validation_R/raw_read_analysis/reports/tac102_4B3p_fast/full_v1/validated/chunk_000279.csv","F:/PROJECTS/IVMT1_Gene_Validation_R/raw_read_analysis/reports/tac102_4B3p_fast/full_v1/paired/chunk_000279.csv"
280,27900001,28000000,100000,100000,1,1,1,1,2,"19.0411829948425","COMPLETE","2026-08-16 18:00:58.657641","2026-08-16 18:01:17.705822","F:/PROJECTS/IVMT1_Gene_Validation_R/raw_read_analysis/reports/tac102_4B3p_fast/full_v1/candidates/chunk_000280.csv","F:/PROJECTS/IVMT1_Gene_Validation_R/raw_read_analysis/reports/tac102_4B3p_fast/full_v1/validated/chunk_000280.csv","F:/PROJECTS/IVMT1_Gene_Validation_R/raw_read_analysis/reports/tac102_4B3p_fast/full_v1/paired/chunk_000280.csv"
281,28000001,28100000,100000,100000,1,0,1,0,0,"15.895828962326","COMPLETE","2026-08-16 18:01:18.590341","2026-08-16 18:01:34.492208","F:/PROJECTS/IVMT1_Gene_Validation_R/raw_read_analysis/reports/tac102_4B3p_fast/full_v1/candidates/chunk_000281.csv","F:/PROJECTS/IVMT1_Gene_Validation_R/raw_read_analysis/reports/tac102_4B3p_fast/full_v1/validated/chunk_000281.csv","F:/PROJECTS/IVMT1_Gene_Validation_R/raw_read_analysis/reports/tac102_4B3p_fast/full_v1/paired/chunk_000281.csv"
282,28100001,28200000,100000,100000,0,2,0,2,0,"17.5020899772644","COMPLETE","2026-08-16 18:01:35.677897","2026-08-16 18:01:53.189593","F:/PROJECTS/IVMT1_Gene_Validation_R/raw_read_analysis/reports/tac102_4B3p_fast/full_v1/candidates/chunk_000282.csv","F:/PROJECTS/IVMT1_Gene_Validation_R/raw_read_analysis/reports/tac102_4B3p_fast/full_v1/validated/chunk_000282.csv","F:/PROJECTS/IVMT1_Gene_Validation_R/raw_read_analysis/reports/tac102_4B3p_fast/full_v1/paired/chunk_000282.csv"
283,28200001,28300000,100000,100000,0,1,0,2,0,"15.6829051971436","COMPLETE","2026-08-16 18:01:53.824648","2026-08-16 18:02:09.513562","F:/PROJECTS/IVMT1_Gene_Validation_R/raw_read_analysis/reports/tac102_4B3p_fast/full_v1/candidates/chunk_000283.csv","F:/PROJECTS/IVMT1_Gene_Validation_R/raw_read_analysis/reports/tac102_4B3p_fast/full_v1/validated/chunk_000283.csv","F:/PROJECTS/IVMT1_Gene_Validation_R/raw_read_analysis/reports/tac102_4B3p_fast/full_v1/paired/chunk_000283.csv"
284,28300001,28337187,37187,37187,0,0,0,0,0,"3.33293414115906","COMPLETE","2026-08-16 18:02:09.858532","2026-08-16 18:02:13.198137","F:/PROJECTS/IVMT1_Gene_Validation_R/raw_read_analysis/reports/tac102_4B3p_fast/full_v1/candidates/chunk_000284.csv","F:/PROJECTS/IVMT1_Gene_Validation_R/raw_read_analysis/reports/tac102_4B3p_fast/full_v1/validated/chunk_000284.csv","F:/PROJECTS/IVMT1_Gene_Validation_R/raw_read_analysis/reports/tac102_4B3p_fast/full_v1/paired/chunk_000284.csv"
