"qseqid","sseqid","pident","length","mismatch","gapopen","qstart","qend","sstart","send","evalue","bitscore","gene","mate","qstart_raw","qend_raw","sstart_raw","send_raw","q_span_aa","s_span_nt","expected_nt_span","span_matches_3x"
"TAC102","SRR7910035.24442018",100,100,0,0,830,929,2,301,4.45e-63,214,"TAC102","R1",830,929,301,2,100,300,300,TRUE
"TAC102","SRR7910035.2320332",100,100,0,0,824,923,2,301,4.45e-63,214,"TAC102","R1",824,923,301,2,100,300,300,TRUE
"TAC102","SRR7910035.8560816",100,100,0,0,834,933,1,300,4.64e-63,214,"TAC102","R1",834,933,1,300,100,300,300,TRUE
"TAC102","SRR7910035.6532656",100,100,0,0,834,933,1,300,4.64e-63,214,"TAC102","R1",834,933,300,1,100,300,300,TRUE
"TAC102","SRR7910035.5226135",100,100,0,0,834,933,1,300,4.64e-63,214,"TAC102","R1",834,933,300,1,100,300,300,TRUE
"TAC102","SRR7910035.14698894",100,100,0,0,825,924,2,301,5.5e-63,214,"TAC102","R1",825,924,301,2,100,300,300,TRUE
"TAC102","SRR7910035.14282885",100,100,0,0,825,924,2,301,5.5e-63,214,"TAC102","R1",825,924,301,2,100,300,300,TRUE
"TAC102","SRR7910035.3269599",100,100,0,0,823,922,1,300,5.79e-63,214,"TAC102","R1",823,922,300,1,100,300,300,TRUE
"TAC102","SRR7910035.9020260",100,100,0,0,829,928,2,301,6.08e-63,214,"TAC102","R1",829,928,301,2,100,300,300,TRUE
"TAC102","SRR7910035.16418857",99,100,1,0,823,922,2,301,1.73e-62,213,"TAC102","R1",823,922,2,301,100,300,300,TRUE
"TAC102","SRR7910035.4285739",100,100,0,0,818,917,2,301,1.86e-62,212,"TAC102","R1",818,917,301,2,100,300,300,TRUE
"TAC102","SRR7910035.12848717",100,99,0,0,836,934,4,300,2.03e-62,212,"TAC102","R1",836,934,300,4,99,297,297,TRUE
"TAC102","SRR7910035.25587482",100,100,0,0,817,916,1,300,2.05e-62,212,"TAC102","R1",817,916,300,1,100,300,300,TRUE
"TAC102","SRR7910035.18658851",100,100,0,0,816,915,1,300,2.05e-62,212,"TAC102","R1",816,915,300,1,100,300,300,TRUE
"TAC102","SRR7910035.9624886",100,100,0,0,817,916,1,300,2.05e-62,212,"TAC102","R1",817,916,1,300,100,300,300,TRUE
"TAC102","SRR7910035.13224633",100,100,0,0,815,914,1,300,2.67e-62,212,"TAC102","R1",815,914,300,1,100,300,300,TRUE
"TAC102","SRR7910035.130872",100,100,0,0,815,914,2,301,2.67e-62,212,"TAC102","R1",815,914,2,301,100,300,300,TRUE
"TAC102","SRR7910035.2774596",100,99,0,0,836,934,3,299,2.89e-62,212,"TAC102","R1",836,934,299,3,99,297,297,TRUE
"TAC102","SRR7910035.27341245",100,99,0,0,833,931,3,299,2.92e-62,212,"TAC102","R1",833,931,299,3,99,297,297,TRUE
"TAC102","SRR7910035.16505288",100,99,0,0,833,931,3,299,2.92e-62,212,"TAC102","R1",833,931,3,299,99,297,297,TRUE
"TAC102","SRR7910035.28112104",100,99,0,0,824,922,3,299,3.23e-62,212,"TAC102","R1",824,922,299,3,99,297,297,TRUE
"TAC102","SRR7910035.20868247",100,99,0,0,824,922,3,299,3.23e-62,212,"TAC102","R1",824,922,299,3,99,297,297,TRUE
"TAC102","SRR7910035.4925746",100,100,0,0,814,913,2,301,3.98e-62,211,"TAC102","R1",814,913,301,2,100,300,300,TRUE
"TAC102","SRR7910035.19865064",99,100,1,0,822,921,1,300,4.63e-62,211,"TAC102","R1",822,921,300,1,100,300,300,TRUE
"TAC102","SRR7910035.24781886",100,100,0,0,813,912,2,301,4.73e-62,211,"TAC102","R1",813,912,301,2,100,300,300,TRUE
"TAC102","SRR7910035.16979072",100,100,0,0,813,912,1,300,4.73e-62,211,"TAC102","R1",813,912,1,300,100,300,300,TRUE
"TAC102","SRR7910035.8769447",100,100,0,0,409,508,2,301,6.13e-62,211,"TAC102","R1",409,508,2,301,100,300,300,TRUE
"TAC102","SRR7910035.16836272",100,100,0,0,812,911,1,300,6.32e-62,211,"TAC102","R1",812,911,300,1,100,300,300,TRUE
"TAC102","SRR7910035.25779626",100,99,0,0,823,921,3,299,6.99e-62,211,"TAC102","R1",823,921,299,3,99,297,297,TRUE
"TAC102","SRR7910035.4936808",100,98,0,0,837,934,6,299,8.63e-62,211,"TAC102","R1",837,934,299,6,98,294,294,TRUE
"TAC102","SRR7910035.10834787",100,99,0,0,819,917,3,299,9.64e-62,210,"TAC102","R1",819,917,3,299,99,297,297,TRUE
"TAC102","SRR7910035.13968383",100,100,0,0,414,513,1,300,9.73e-62,210,"TAC102","R1",414,513,1,300,100,300,300,TRUE
"TAC102","SRR7910035.5861048",100,99,0,0,818,916,3,299,1.47e-61,210,"TAC102","R1",818,916,3,299,99,297,297,TRUE
"TAC102","SRR7910035.26829738",98,100,2,0,823,922,2,301,1.51e-61,210,"TAC102","R1",823,922,2,301,100,300,300,TRUE
"TAC102","SRR7910035.10749793",100,100,0,0,407,506,2,301,1.94e-61,209,"TAC102","R1",407,506,2,301,100,300,300,TRUE
"TAC102","SRR7910035.3303096",100,100,0,0,809,908,1,300,2.07e-61,209,"TAC102","R1",809,908,300,1,100,300,300,TRUE
"TAC102","SRR7910035.4595306",98.99,99,1,0,831,929,3,299,2.12e-61,209,"TAC102","R1",831,929,299,3,99,297,297,TRUE
"TAC102","SRR7910035.5918483",100,100,0,0,808,907,2,301,2.22e-61,209,"TAC102","R1",808,907,301,2,100,300,300,TRUE
"TAC102","SRR7910035.25320361",98.99,99,1,0,822,920,3,299,2.45e-61,209,"TAC102","R1",822,920,299,3,99,297,297,TRUE
"TAC102","SRR7910035.24859523",100,100,0,0,405,504,1,300,2.85e-61,209,"TAC102","R1",405,504,1,300,100,300,300,TRUE
"TAC102","SRR7910035.24120482",100,100,0,0,405,504,1,300,2.85e-61,209,"TAC102","R1",405,504,1,300,100,300,300,TRUE
"TAC102","SRR7910035.22283367",99,100,1,0,264,363,1,300,2.88e-61,209,"TAC102","R1",264,363,1,300,100,300,300,TRUE
"TAC102","SRR7910035.18241028",99,100,1,0,264,363,1,300,2.88e-61,209,"TAC102","R1",264,363,1,300,100,300,300,TRUE
"TAC102","SRR7910035.15065062",99,100,1,0,264,363,2,301,2.88e-61,209,"TAC102","R1",264,363,301,2,100,300,300,TRUE
"TAC102","SRR7910035.8537722",99,100,1,0,264,363,1,300,2.88e-61,209,"TAC102","R1",264,363,300,1,100,300,300,TRUE
"TAC102","SRR7910035.14714326",100,99,0,0,813,911,2,298,3.27e-61,209,"TAC102","R1",813,911,2,298,99,297,297,TRUE
"TAC102","SRR7910035.21930581",100,100,0,0,415,514,2,301,3.28e-61,209,"TAC102","R1",415,514,2,301,100,300,300,TRUE
"TAC102","SRR7910035.17894300",100,100,0,0,415,514,1,300,3.28e-61,209,"TAC102","R1",415,514,1,300,100,300,300,TRUE
"TAC102","SRR7910035.26492395",98.99,99,1,0,823,921,3,299,3.34e-61,209,"TAC102","R1",823,921,3,299,99,297,297,TRUE
"TAC102","SRR7910035.4384499",100,100,0,0,54,153,1,300,3.51e-61,209,"TAC102","R1",54,153,300,1,100,300,300,TRUE
"TAC102","SRR7910035.23395600",100,99,0,0,410,508,3,299,3.58e-61,209,"TAC102","R1",410,508,3,299,99,297,297,TRUE
"TAC102","SRR7910035.22790707",99,100,1,0,818,917,2,301,3.66e-61,209,"TAC102","R1",818,917,2,301,100,300,300,TRUE
"TAC102","SRR7910035.25090191",100,99,0,0,410,508,3,299,3.69e-61,209,"TAC102","R1",410,508,299,3,99,297,297,TRUE
"TAC102","SRR7910035.23455844",100,97,0,0,838,934,10,300,3.85e-61,209,"TAC102","R1",838,934,300,10,97,291,291,TRUE
"TAC102","SRR7910035.2214095",100,100,0,0,51,150,2,301,3.92e-61,209,"TAC102","R1",51,150,2,301,100,300,300,TRUE
"TAC102","SRR7910035.15413275",100,100,0,0,48,147,1,300,4.08e-61,209,"TAC102","R1",48,147,300,1,100,300,300,TRUE
"TAC102","SRR7910035.3795237",100,99,0,0,412,510,3,299,4.17e-61,209,"TAC102","R1",412,510,3,299,99,297,297,TRUE
"TAC102","SRR7910035.23727224",100,97,0,0,838,934,3,293,4.51e-61,208,"TAC102","R1",838,934,3,293,97,291,291,TRUE
"TAC102","SRR7910035.3374409",100,99,0,0,414,512,3,299,4.51e-61,208,"TAC102","R1",414,512,3,299,99,297,297,TRUE
"TAC102","SRR7910035.143117",100,99,0,0,414,512,3,299,4.51e-61,208,"TAC102","R1",414,512,3,299,99,297,297,TRUE
"TAC102","SRR7910035.19396426",99,100,1,0,408,507,1,300,4.56e-61,208,"TAC102","R1",408,507,300,1,100,300,300,TRUE
"TAC102","SRR7910035.7160933",99,100,1,0,251,350,2,301,4.79e-61,208,"TAC102","R1",251,350,301,2,100,300,300,TRUE
"TAC102","SRR7910035.22767256",100,100,0,0,52,151,2,301,4.94e-61,208,"TAC102","R1",52,151,301,2,100,300,300,TRUE
"TAC102","SRR7910035.6796755",100,100,0,0,421,520,1,300,5.14e-61,208,"TAC102","R1",421,520,300,1,100,300,300,TRUE
"TAC102","SRR7910035.10431100",100,100,0,0,404,503,2,301,5.19e-61,208,"TAC102","R1",404,503,2,301,100,300,300,TRUE
"TAC102","SRR7910035.7919249",100,100,0,0,404,503,2,301,5.19e-61,208,"TAC102","R1",404,503,2,301,100,300,300,TRUE
"TAC102","SRR7910035.5823030",100,100,0,0,404,503,2,301,5.19e-61,208,"TAC102","R1",404,503,2,301,100,300,300,TRUE
"TAC102","SRR7910035.5086324",100,100,0,0,404,503,2,301,5.19e-61,208,"TAC102","R1",404,503,2,301,100,300,300,TRUE
"TAC102","SRR7910035.19804666",99,100,1,0,250,349,1,300,5.25e-61,208,"TAC102","R1",250,349,300,1,100,300,300,TRUE
"TAC102","SRR7910035.14705590",100,99,0,0,206,304,3,299,5.35e-61,208,"TAC102","R1",206,304,3,299,99,297,297,TRUE
"TAC102","SRR7910035.11486789",100,100,0,0,44,143,2,301,5.92e-61,208,"TAC102","R1",44,143,301,2,100,300,300,TRUE
"TAC102","SRR7910035.4017648",100,100,0,0,44,143,1,300,5.92e-61,208,"TAC102","R1",44,143,300,1,100,300,300,TRUE
"TAC102","SRR7910035.19169447",100,100,0,0,43,142,2,301,5.98e-61,208,"TAC102","R1",43,142,2,301,100,300,300,TRUE
"TAC102","SRR7910035.6157159",100,100,0,0,416,515,2,301,5.98e-61,208,"TAC102","R1",416,515,301,2,100,300,300,TRUE
"TAC102","SRR7910035.23799023",100,100,0,0,55,154,1,300,6.35e-61,208,"TAC102","R1",55,154,300,1,100,300,300,TRUE
"TAC102","SRR7910035.20138932",100,100,0,0,55,154,2,301,6.35e-61,208,"TAC102","R1",55,154,301,2,100,300,300,TRUE
"TAC102","SRR7910035.19017844",100,100,0,0,55,154,2,301,6.35e-61,208,"TAC102","R1",55,154,301,2,100,300,300,TRUE
"TAC102","SRR7910035.13469211",100,100,0,0,56,155,1,300,6.35e-61,208,"TAC102","R1",56,155,300,1,100,300,300,TRUE
"TAC102","SRR7910035.26304157",99,100,1,0,258,357,1,300,6.41e-61,208,"TAC102","R1",258,357,1,300,100,300,300,TRUE
"TAC102","SRR7910035.26348064",98,100,2,0,264,363,1,300,6.67e-61,208,"TAC102","R1",264,363,1,300,100,300,300,TRUE
"TAC102","SRR7910035.25995347",99,100,1,0,254,353,1,300,7.16e-61,208,"TAC102","R1",254,353,300,1,100,300,300,TRUE
"TAC102","SRR7910035.9303760",99,100,1,0,260,359,2,301,7.16e-61,208,"TAC102","R1",260,359,2,301,100,300,300,TRUE
"TAC102","SRR7910035.25858400",100,100,0,0,401,500,1,300,7.53e-61,208,"TAC102","R1",401,500,1,300,100,300,300,TRUE
"TAC102","SRR7910035.774267",98.99,99,1,0,818,916,3,299,7.6e-61,208,"TAC102","R1",818,916,299,3,99,297,297,TRUE
"TAC102","SRR7910035.21817605",99,100,1,0,255,354,1,300,7.76e-61,208,"TAC102","R1",255,354,300,1,100,300,300,TRUE
"TAC102","SRR7910035.23557650",100,100,0,0,42,141,1,300,7.99e-61,208,"TAC102","R1",42,141,1,300,100,300,300,TRUE
"TAC102","SRR7910035.22520500",100,99,0,0,407,505,3,299,8.32e-61,208,"TAC102","R1",407,505,299,3,99,297,297,TRUE
"TAC102","SRR7910035.1279723",99,100,1,0,405,504,1,300,8.32e-61,208,"TAC102","R1",405,504,300,1,100,300,300,TRUE
"TAC102","SRR7910035.14833189",99,100,1,0,409,508,2,301,8.49e-61,207,"TAC102","R1",409,508,2,301,100,300,300,TRUE
"TAC102","SRR7910035.14199610",100,100,0,0,418,517,2,301,8.75e-61,207,"TAC102","R1",418,517,301,2,100,300,300,TRUE
"TAC102","SRR7910035.19971207",100,100,0,0,289,388,1,300,9.29e-61,207,"TAC102","R1",289,388,300,1,100,300,300,TRUE
"TAC102","SRR7910035.3991430",100,100,0,0,289,388,2,301,9.29e-61,207,"TAC102","R1",289,388,2,301,100,300,300,TRUE
"TAC102","SRR7910035.21118686",100,100,0,0,425,524,2,301,9.48e-61,207,"TAC102","R1",425,524,301,2,100,300,300,TRUE
"TAC102","SRR7910035.3352494",98.99,99,1,0,264,362,3,299,1.11e-60,207,"TAC102","R1",264,362,3,299,99,297,297,TRUE
"TAC102","SRR7910035.3194223",98.99,99,1,0,264,362,2,298,1.11e-60,207,"TAC102","R1",264,362,2,298,99,297,297,TRUE
"TAC102","SRR7910035.2543475",98.99,99,1,0,264,362,3,299,1.11e-60,207,"TAC102","R1",264,362,3,299,99,297,297,TRUE
"TAC102","SRR7910035.815757",98.99,99,1,0,264,362,2,298,1.11e-60,207,"TAC102","R1",264,362,2,298,99,297,297,TRUE
"TAC102","SRR7910035.19963960",99,100,1,0,240,339,2,301,1.19e-60,207,"TAC102","R1",240,339,301,2,100,300,300,TRUE
"TAC102","SRR7910035.12914175",99,100,1,0,240,339,1,300,1.19e-60,207,"TAC102","R1",240,339,300,1,100,300,300,TRUE
"TAC102","SRR7910035.9353801",99,100,1,0,240,339,1,300,1.19e-60,207,"TAC102","R1",240,339,1,300,100,300,300,TRUE
"TAC102","SRR7910035.14414725",99,100,1,0,241,340,2,301,1.22e-60,207,"TAC102","R1",241,340,2,301,100,300,300,TRUE
"TAC102","SRR7910035.369276",100,99,0,0,406,504,2,298,1.22e-60,207,"TAC102","R1",406,504,298,2,99,297,297,TRUE
"TAC102","SRR7910035.23018446",99,100,1,0,266,365,1,300,1.23e-60,207,"TAC102","R1",266,365,1,300,100,300,300,TRUE
"TAC102","SRR7910035.21847931",100,100,0,0,38,137,1,300,1.23e-60,207,"TAC102","R1",38,137,1,300,100,300,300,TRUE
"TAC102","SRR7910035.8345661",99,100,1,0,266,365,1,300,1.23e-60,207,"TAC102","R1",266,365,1,300,100,300,300,TRUE
"TAC102","SRR7910035.16827767",100,99,0,0,808,906,3,299,1.28e-60,207,"TAC102","R1",808,906,3,299,99,297,297,TRUE
"TAC102","SRR7910035.5730537",98,100,2,0,251,350,1,300,1.28e-60,207,"TAC102","R1",251,350,300,1,100,300,300,TRUE
"TAC102","SRR7910035.9966351",100,100,0,0,41,140,2,301,1.29e-60,207,"TAC102","R1",41,140,2,301,100,300,300,TRUE
"TAC102","SRR7910035.23133019",99,100,1,0,238,337,2,301,1.35e-60,207,"TAC102","R1",238,337,301,2,100,300,300,TRUE
"TAC102","SRR7910035.27807171",100,100,0,0,290,389,1,300,1.47e-60,207,"TAC102","R1",290,389,1,300,100,300,300,TRUE
"TAC102","SRR7910035.27483087",100,100,0,0,37,136,2,301,1.47e-60,207,"TAC102","R1",37,136,2,301,100,300,300,TRUE
"TAC102","SRR7910035.11717975",100,100,0,0,290,389,1,300,1.47e-60,207,"TAC102","R1",290,389,1,300,100,300,300,TRUE
"TAC102","SRR7910035.5031558",100,100,0,0,290,389,2,301,1.47e-60,207,"TAC102","R1",290,389,301,2,100,300,300,TRUE
"TAC102","SRR7910035.22125446",99,100,1,0,249,348,1,300,1.49e-60,207,"TAC102","R1",249,348,300,1,100,300,300,TRUE
"TAC102","SRR7910035.21869708",99,100,1,0,234,333,2,301,1.49e-60,207,"TAC102","R1",234,333,2,301,100,300,300,TRUE
"TAC102","SRR7910035.17051633",99,100,1,0,249,348,1,300,1.49e-60,207,"TAC102","R1",249,348,300,1,100,300,300,TRUE
"TAC102","SRR7910035.4936648",99,100,1,0,239,338,1,300,1.5e-60,207,"TAC102","R1",239,338,1,300,100,300,300,TRUE
"TAC102","SRR7910035.21878169",100,100,0,0,398,497,1,300,1.53e-60,207,"TAC102","R1",398,497,1,300,100,300,300,TRUE
"TAC102","SRR7910035.7170035",99,100,1,0,421,520,1,300,1.6e-60,207,"TAC102","R1",421,520,1,300,100,300,300,TRUE
"TAC102","SRR7910035.27568063",99,100,1,0,54,153,2,301,1.61e-60,207,"TAC102","R1",54,153,301,2,100,300,300,TRUE
"TAC102","SRR7910035.28165309",100,99,0,0,415,513,3,299,1.63e-60,207,"TAC102","R1",415,513,299,3,99,297,297,TRUE
"TAC102","SRR7910035.1902792",99,100,1,0,230,329,2,301,1.64e-60,207,"TAC102","R1",230,329,301,2,100,300,300,TRUE
"TAC102","SRR7910035.6552870",100,99,0,0,808,906,2,298,1.69e-60,207,"TAC102","R1",808,906,298,2,99,297,297,TRUE
"TAC102","SRR7910035.23926764",99,100,1,0,411,510,1,300,1.71e-60,207,"TAC102","R1",411,510,1,300,100,300,300,TRUE
"TAC102","SRR7910035.27461394",99,100,1,0,247,346,2,301,1.8e-60,207,"TAC102","R1",247,346,301,2,100,300,300,TRUE
"TAC102","SRR7910035.24890179",100,100,0,0,426,525,1,300,1.84e-60,207,"TAC102","R1",426,525,300,1,100,300,300,TRUE
"TAC102","SRR7910035.22893951",100,100,0,0,426,525,2,301,1.84e-60,207,"TAC102","R1",426,525,301,2,100,300,300,TRUE
"TAC102","SRR7910035.14193615",100,100,0,0,426,525,1,300,1.84e-60,207,"TAC102","R1",426,525,300,1,100,300,300,TRUE
"TAC102","SRR7910035.3898625",100,99,0,0,405,503,2,298,1.87e-60,207,"TAC102","R1",405,503,298,2,99,297,297,TRUE
"TAC102","SRR7910035.26303207",98.99,99,1,0,259,357,3,299,1.95e-60,207,"TAC102","R1",259,357,3,299,99,297,297,TRUE
"TAC102","SRR7910035.12929338",99,100,1,0,228,327,1,300,1.95e-60,207,"TAC102","R1",228,327,300,1,100,300,300,TRUE
"TAC102","SRR7910035.6629153",99,100,1,0,228,327,1,300,1.95e-60,207,"TAC102","R1",228,327,1,300,100,300,300,TRUE
"TAC102","SRR7910035.2204621",98.99,99,1,0,252,350,3,299,1.95e-60,207,"TAC102","R1",252,350,299,3,99,297,297,TRUE
"TAC102","SRR7910035.4270633",96.97,99,3,0,827,925,2,298,1.97e-60,207,"TAC102","R1",827,925,298,2,99,297,297,TRUE
"TAC102","SRR7910035.26625331",100,100,0,0,397,496,2,301,2.01e-60,207,"TAC102","R1",397,496,301,2,100,300,300,TRUE
"TAC102","SRR7910035.16453160",99,100,1,0,208,307,1,300,2.05e-60,207,"TAC102","R1",208,307,1,300,100,300,300,TRUE
"TAC102","SRR7910035.6282374",99,100,1,0,209,308,2,301,2.05e-60,207,"TAC102","R1",209,308,301,2,100,300,300,TRUE
"TAC102","SRR7910035.382436",99,100,1,0,208,307,1,300,2.05e-60,207,"TAC102","R1",208,307,1,300,100,300,300,TRUE
"TAC102","SRR7910035.23104628",99,100,1,0,205,304,1,300,2.09e-60,207,"TAC102","R1",205,304,300,1,100,300,300,TRUE
"TAC102","SRR7910035.5008948",100,100,0,0,291,390,2,301,2.11e-60,207,"TAC102","R1",291,390,301,2,100,300,300,TRUE
"TAC102","SRR7910035.2122579",100,100,0,0,291,390,2,301,2.11e-60,207,"TAC102","R1",291,390,301,2,100,300,300,TRUE
"TAC102","SRR7910035.901617",100,99,0,0,50,148,1,297,2.13e-60,207,"TAC102","R1",50,148,297,1,99,297,297,TRUE
"TAC102","SRR7910035.17236270",99,100,1,0,210,309,1,300,2.2e-60,207,"TAC102","R1",210,309,300,1,100,300,300,TRUE
"TAC102","SRR7910035.16555254",99,100,1,0,267,366,1,300,2.2e-60,207,"TAC102","R1",267,366,1,300,100,300,300,TRUE
"TAC102","SRR7910035.3864017",100,99,0,0,50,148,3,299,2.2e-60,207,"TAC102","R1",50,148,3,299,99,297,297,TRUE
"TAC102","SRR7910035.17245608",99,100,1,0,246,345,2,301,2.24e-60,206,"TAC102","R1",246,345,2,301,100,300,300,TRUE
"TAC102","SRR7910035.1576866",98.99,99,1,0,263,361,1,297,2.28e-60,206,"TAC102","R1",263,361,297,1,99,297,297,TRUE
"TAC102","SRR7910035.16821492",99,100,1,0,206,305,1,300,2.29e-60,206,"TAC102","R1",206,305,300,1,100,300,300,TRUE
"TAC102","SRR7910035.14067819",99,100,1,0,261,360,1,300,2.29e-60,206,"TAC102","R1",261,360,1,300,100,300,300,TRUE
"TAC102","SRR7910035.11816853",99,100,1,0,45,144,1,300,2.29e-60,206,"TAC102","R1",45,144,1,300,100,300,300,TRUE
"TAC102","SRR7910035.4834639",100,99,0,0,52,150,3,299,2.31e-60,206,"TAC102","R1",52,150,299,3,99,297,297,TRUE
"TAC102","SRR7910035.28273357",99,100,1,0,223,322,2,301,2.33e-60,206,"TAC102","R1",223,322,301,2,100,300,300,TRUE
"TAC102","SRR7910035.8658414",99,100,1,0,279,378,1,300,2.33e-60,206,"TAC102","R1",279,378,1,300,100,300,300,TRUE
"TAC102","SRR7910035.26546324",98.99,99,1,0,263,361,2,298,2.36e-60,206,"TAC102","R1",263,361,2,298,99,297,297,TRUE
"TAC102","SRR7910035.25216228",99,100,1,0,227,326,1,300,2.36e-60,206,"TAC102","R1",227,326,300,1,100,300,300,TRUE
"TAC102","SRR7910035.28039634",99,100,1,0,229,328,1,300,2.43e-60,206,"TAC102","R1",229,328,300,1,100,300,300,TRUE
"TAC102","SRR7910035.22724271",99,100,1,0,229,328,1,300,2.43e-60,206,"TAC102","R1",229,328,1,300,100,300,300,TRUE
"TAC102","SRR7910035.20014949",100,100,0,0,296,395,1,300,2.45e-60,206,"TAC102","R1",296,395,1,300,100,300,300,TRUE
"TAC102","SRR7910035.25601680",99,100,1,0,222,321,2,301,2.5e-60,206,"TAC102","R1",222,321,301,2,100,300,300,TRUE
"TAC102","SRR7910035.4528116",99,100,1,0,281,380,1,300,2.55e-60,206,"TAC102","R1",281,380,300,1,100,300,300,TRUE
"TAC102","SRR7910035.3393384",100,99,0,0,421,519,3,299,2.55e-60,206,"TAC102","R1",421,519,3,299,99,297,297,TRUE
"TAC102","SRR7910035.19820945",99,100,1,0,283,382,2,301,2.58e-60,206,"TAC102","R1",283,382,301,2,100,300,300,TRUE
"TAC102","SRR7910035.24327317",99,100,1,0,232,331,1,300,2.66e-60,206,"TAC102","R1",232,331,300,1,100,300,300,TRUE
"TAC102","SRR7910035.14266141",99,100,1,0,232,331,1,300,2.66e-60,206,"TAC102","R1",232,331,300,1,100,300,300,TRUE
"TAC102","SRR7910035.1982304",100,99,0,0,49,147,3,299,2.66e-60,206,"TAC102","R1",49,147,299,3,99,297,297,TRUE
"TAC102","SRR7910035.8168521",99,100,1,0,207,306,1,300,2.68e-60,206,"TAC102","R1",207,306,300,1,100,300,300,TRUE
"TAC102","SRR7910035.4938754",99,100,1,0,207,306,2,301,2.68e-60,206,"TAC102","R1",207,306,2,301,100,300,300,TRUE
"TAC102","SRR7910035.2486340",99,100,1,0,207,306,2,301,2.68e-60,206,"TAC102","R1",207,306,2,301,100,300,300,TRUE
"TAC102","SRR7910035.2589252",99,100,1,0,50,149,1,300,2.71e-60,206,"TAC102","R1",50,149,300,1,100,300,300,TRUE
"TAC102","SRR7910035.7997241",100,99,0,0,44,142,2,298,2.77e-60,206,"TAC102","R1",44,142,2,298,99,297,297,TRUE
"TAC102","SRR7910035.12891740",100,99,0,0,46,144,1,297,2.79e-60,206,"TAC102","R1",46,144,297,1,99,297,297,TRUE
"TAC102","SRR7910035.21079869",99,100,1,0,282,381,1,300,2.85e-60,206,"TAC102","R1",282,381,1,300,100,300,300,TRUE
"TAC102","SRR7910035.4272107",99,100,1,0,282,381,2,301,2.85e-60,206,"TAC102","R1",282,381,2,301,100,300,300,TRUE
"TAC102","SRR7910035.28264650",100,100,0,0,396,495,1,300,2.97e-60,206,"TAC102","R1",396,495,300,1,100,300,300,TRUE
"TAC102","SRR7910035.16383947",100,100,0,0,396,495,1,300,2.97e-60,206,"TAC102","R1",396,495,300,1,100,300,300,TRUE
"TAC102","SRR7910035.13835571",99,100,1,0,424,523,2,301,2.97e-60,206,"TAC102","R1",424,523,301,2,100,300,300,TRUE
"TAC102","SRR7910035.21213448",99,100,1,0,221,320,1,300,3.06e-60,206,"TAC102","R1",221,320,1,300,100,300,300,TRUE
"TAC102","SRR7910035.6227358",99,100,1,0,221,320,1,300,3.06e-60,206,"TAC102","R1",221,320,300,1,100,300,300,TRUE
"TAC102","SRR7910035.13954950",100,99,0,0,56,154,3,299,3.09e-60,206,"TAC102","R1",56,154,299,3,99,297,297,TRUE
"TAC102","SRR7910035.19676510",99,100,1,0,272,371,2,301,3.15e-60,206,"TAC102","R1",272,371,301,2,100,300,300,TRUE
"TAC102","SRR7910035.7784867",99,100,1,0,271,370,2,301,3.15e-60,206,"TAC102","R1",271,370,301,2,100,300,300,TRUE
"TAC102","SRR7910035.3969610",99,100,1,0,272,371,1,300,3.15e-60,206,"TAC102","R1",272,371,1,300,100,300,300,TRUE
"TAC102","SRR7910035.16095965",99,100,1,0,212,311,2,301,3.18e-60,206,"TAC102","R1",212,311,301,2,100,300,300,TRUE
"TAC102","SRR7910035.2395753",99,100,1,0,226,325,2,301,3.18e-60,206,"TAC102","R1",226,325,2,301,100,300,300,TRUE
"TAC102","SRR7910035.1023244",100,100,0,0,430,529,1,300,3.18e-60,206,"TAC102","R1",430,529,300,1,100,300,300,TRUE
"TAC102","SRR7910035.20850791",99,100,1,0,243,342,2,301,3.25e-60,206,"TAC102","R1",243,342,301,2,100,300,300,TRUE
"TAC102","SRR7910035.20753294",98.99,99,1,0,255,353,2,298,3.25e-60,206,"TAC102","R1",255,353,298,2,99,297,297,TRUE
"TAC102","SRR7910035.13873425",99,100,1,0,204,303,2,301,3.25e-60,206,"TAC102","R1",204,303,2,301,100,300,300,TRUE
"TAC102","SRR7910035.3637532",98.99,99,1,0,256,354,3,299,3.31e-60,206,"TAC102","R1",256,354,3,299,99,297,297,TRUE
"TAC102","SRR7910035.26433500",99,100,1,0,285,384,2,301,3.35e-60,206,"TAC102","R1",285,384,2,301,100,300,300,TRUE
"TAC102","SRR7910035.23529258",98.99,99,1,0,258,356,3,299,3.59e-60,206,"TAC102","R1",258,356,3,299,99,297,297,TRUE
"TAC102","SRR7910035.27932584",99,100,1,0,213,312,1,300,3.66e-60,206,"TAC102","R1",213,312,300,1,100,300,300,TRUE
"TAC102","SRR7910035.14492032",99,100,1,0,213,312,2,301,3.66e-60,206,"TAC102","R1",213,312,301,2,100,300,300,TRUE
"TAC102","SRR7910035.13240742",99,100,1,0,213,312,1,300,3.66e-60,206,"TAC102","R1",213,312,300,1,100,300,300,TRUE
"TAC102","SRR7910035.19145944",100,100,0,0,39,138,1,300,3.7e-60,206,"TAC102","R1",39,138,1,300,100,300,300,TRUE
"TAC102","SRR7910035.5876596",99,100,1,0,211,310,1,300,4.01e-60,206,"TAC102","R1",211,310,300,1,100,300,300,TRUE
"TAC102","SRR7910035.10330268",100,99,0,0,48,146,3,299,4.13e-60,206,"TAC102","R1",48,146,299,3,99,297,297,TRUE
"TAC102","SRR7910035.2013874",100,100,0,0,298,397,2,301,4.13e-60,206,"TAC102","R1",298,397,301,2,100,300,300,TRUE
"TAC102","SRR7910035.4809017",100,100,0,0,297,396,2,301,4.34e-60,206,"TAC102","R1",297,396,301,2,100,300,300,TRUE
"TAC102","SRR7910035.12454559",100,98,0,0,808,905,3,296,4.38e-60,206,"TAC102","R1",808,905,296,3,98,294,294,TRUE
"TAC102","SRR7910035.26780049",100,99,0,0,45,143,3,299,4.43e-60,206,"TAC102","R1",45,143,299,3,99,297,297,TRUE
"TAC102","SRR7910035.5748575",100,100,0,0,299,398,2,301,4.43e-60,206,"TAC102","R1",299,398,2,301,100,300,300,TRUE
"TAC102","SRR7910035.1871613",99,100,1,0,269,368,2,301,4.61e-60,206,"TAC102","R1",269,368,301,2,100,300,300,TRUE
"TAC102","SRR7910035.5654003",98.99,99,1,0,241,339,3,299,4.65e-60,206,"TAC102","R1",241,339,299,3,99,297,297,TRUE
"TAC102","SRR7910035.2726317",98.99,99,1,0,241,339,3,299,4.65e-60,206,"TAC102","R1",241,339,299,3,99,297,297,TRUE
"TAC102","SRR7910035.4267801",97.98,99,2,0,251,349,2,298,4.94e-60,206,"TAC102","R1",251,349,298,2,99,297,297,TRUE
"TAC102","SRR7910035.879699",98.99,99,1,0,238,336,3,299,4.94e-60,206,"TAC102","R1",238,336,3,299,99,297,297,TRUE
"TAC102","SRR7910035.8051314",99,100,1,0,401,500,2,301,4.99e-60,206,"TAC102","R1",401,500,2,301,100,300,300,TRUE
"TAC102","SRR7910035.15332612",98.99,99,1,0,413,511,3,299,5.2e-60,206,"TAC102","R1",413,511,299,3,99,297,297,TRUE
"TAC102","SRR7910035.24353960",100,99,0,0,289,387,5,301,5.46e-60,206,"TAC102","R1",289,387,5,301,99,297,297,TRUE
"TAC102","SRR7910035.10309194",100,100,0,0,67,166,1,300,5.46e-60,206,"TAC102","R1",67,166,300,1,100,300,300,TRUE
"TAC102","SRR7910035.1834775",100,99,0,0,38,136,2,298,5.62e-60,205,"TAC102","R1",38,136,2,298,99,297,297,TRUE
"TAC102","SRR7910035.14844252",99,100,1,0,203,302,2,301,5.68e-60,206,"TAC102","R1",203,302,301,2,100,300,300,TRUE
"TAC102","SRR7910035.207928",100,99,0,0,400,498,3,299,5.68e-60,206,"TAC102","R1",400,498,3,299,99,297,297,TRUE
"TAC102","SRR7910035.5899111",100,99,0,0,42,140,3,299,5.74e-60,206,"TAC102","R1",42,140,299,3,99,297,297,TRUE
"TAC102","SRR7910035.3734357",100,99,0,0,38,136,2,298,5.8e-60,205,"TAC102","R1",38,136,298,2,99,297,297,TRUE
"TAC102","SRR7910035.176866",99,100,1,0,51,150,2,301,6.1e-60,205,"TAC102","R1",51,150,2,301,100,300,300,TRUE
"TAC102","SRR7910035.6757065",100,100,0,0,68,167,2,301,6.28e-60,205,"TAC102","R1",68,167,2,301,100,300,300,TRUE
"TAC102","SRR7910035.3885342",98.99,99,1,0,231,329,3,299,6.28e-60,205,"TAC102","R1",231,329,299,3,99,297,297,TRUE
"TAC102","SRR7910035.3400393",100,100,0,0,68,167,1,300,6.28e-60,205,"TAC102","R1",68,167,300,1,100,300,300,TRUE
"TAC102","SRR7910035.6454750",100,100,0,0,318,417,1,300,6.54e-60,205,"TAC102","R1",318,417,1,300,100,300,300,TRUE
"TAC102","SRR7910035.2472322",100,99,0,0,54,152,3,299,6.54e-60,205,"TAC102","R1",54,152,299,3,99,297,297,TRUE
"TAC102","SRR7910035.5047871",97.98,99,2,0,263,361,3,299,6.6e-60,205,"TAC102","R1",263,361,299,3,99,297,297,TRUE
"TAC102","SRR7910035.13541798",100,95,0,0,840,934,17,301,6.67e-60,205,"TAC102","R1",840,934,301,17,95,285,285,TRUE
"TAC102","SRR7910035.8134077",100,99,0,0,290,388,3,299,7.3e-60,205,"TAC102","R1",290,388,299,3,99,297,297,TRUE
"TAC102","SRR7910035.5096542",100,99,0,0,290,388,3,299,7.3e-60,205,"TAC102","R1",290,388,299,3,99,297,297,TRUE
"TAC102","SRR7910035.15047131",99,100,1,0,48,147,2,301,7.52e-60,205,"TAC102","R1",48,147,2,301,100,300,300,TRUE
"TAC102","SRR7910035.4371222",98.99,99,1,0,234,332,3,299,7.67e-60,205,"TAC102","R1",234,332,3,299,99,297,297,TRUE
"TAC102","SRR7910035.12044657",98,100,2,0,222,321,1,300,7.75e-60,205,"TAC102","R1",222,321,1,300,100,300,300,TRUE
"TAC102","SRR7910035.24949791",100,99,0,0,35,133,2,298,7.99e-60,205,"TAC102","R1",35,133,298,2,99,297,297,TRUE
"TAC102","SRR7910035.14674111",100,99,0,0,35,133,3,299,7.99e-60,205,"TAC102","R1",35,133,299,3,99,297,297,TRUE
"TAC102","SRR7910035.24293655",98,100,2,0,229,328,2,301,8.07e-60,205,"TAC102","R1",229,328,2,301,100,300,300,TRUE
"TAC102","SRR7910035.21837777",98.99,99,1,0,268,366,3,299,8.23e-60,205,"TAC102","R1",268,366,3,299,99,297,297,TRUE
"TAC102","SRR7910035.5751978",98.99,99,1,0,268,366,3,299,8.23e-60,205,"TAC102","R1",268,366,3,299,99,297,297,TRUE
"TAC102","SRR7910035.15388043",98.99,99,1,0,229,327,3,299,8.48e-60,205,"TAC102","R1",229,327,299,3,99,297,297,TRUE
"TAC102","SRR7910035.6195782",100,99,0,0,36,134,1,297,8.9e-60,205,"TAC102","R1",36,134,1,297,99,297,297,TRUE
"TAC102","SRR7910035.25990512",98.99,99,1,0,280,378,3,299,9e-60,205,"TAC102","R1",280,378,299,3,99,297,297,TRUE
"TAC102","SRR7910035.8623892",98.99,99,1,0,282,380,3,299,9e-60,205,"TAC102","R1",282,380,299,3,99,297,297,TRUE
"TAC102","SRR7910035.26352705",98.99,99,1,0,250,348,1,297,9.1e-60,205,"TAC102","R1",250,348,1,297,99,297,297,TRUE
"TAC102","SRR7910035.27850694",98.99,99,1,0,267,365,3,299,9.19e-60,205,"TAC102","R1",267,365,299,3,99,297,297,TRUE
"TAC102","SRR7910035.14742230",98.99,99,1,0,267,365,3,299,9.19e-60,205,"TAC102","R1",267,365,299,3,99,297,297,TRUE
"TAC102","SRR7910035.20414108",98.99,99,1,0,281,379,3,299,9.28e-60,205,"TAC102","R1",281,379,299,3,99,297,297,TRUE
"TAC102","SRR7910035.13532673",98.99,99,1,0,281,379,2,298,9.28e-60,205,"TAC102","R1",281,379,2,298,99,297,297,TRUE
"TAC102","SRR7910035.8684276",98.99,99,1,0,281,379,2,298,9.28e-60,205,"TAC102","R1",281,379,2,298,99,297,297,TRUE
"TAC102","SRR7910035.10163299",98.99,99,1,0,262,360,3,299,9.37e-60,205,"TAC102","R1",262,360,299,3,99,297,297,TRUE
"TAC102","SRR7910035.26970514",100,99,0,0,41,139,3,299,9.47e-60,205,"TAC102","R1",41,139,299,3,99,297,297,TRUE
"TAC102","SRR7910035.24356176",100,100,0,0,437,536,2,301,9.66e-60,205,"TAC102","R1",437,536,2,301,100,300,300,TRUE
"TAC102","SRR7910035.23753205",100,100,0,0,437,536,1,300,9.66e-60,205,"TAC102","R1",437,536,1,300,100,300,300,TRUE
"TAC102","SRR7910035.8121456",100,100,0,0,358,457,2,301,9.75e-60,205,"TAC102","R1",358,457,2,301,100,300,300,TRUE
"TAC102","SRR7910035.4385928",100,100,0,0,76,175,1,300,9.75e-60,205,"TAC102","R1",76,175,300,1,100,300,300,TRUE
"TAC102","SRR7910035.10965638",100,99,0,0,57,155,2,298,9.85e-60,205,"TAC102","R1",57,155,298,2,99,297,297,TRUE
"TAC102","SRR7910035.14077483",98.99,99,1,0,223,321,2,298,9.95e-60,205,"TAC102","R1",223,321,2,298,99,297,297,TRUE
"TAC102","SRR7910035.18289573",100,100,0,0,61,160,2,301,1.01e-59,205,"TAC102","R1",61,160,301,2,100,300,300,TRUE
"TAC102","SRR7910035.15762148",99,100,1,0,19,118,1,300,1.01e-59,205,"TAC102","R1",19,118,300,1,100,300,300,TRUE
"TAC102","SRR7910035.14234005",100,100,0,0,61,160,2,301,1.01e-59,205,"TAC102","R1",61,160,301,2,100,300,300,TRUE
"TAC102","SRR7910035.4225637",100,99,0,0,295,393,3,299,1.04e-59,205,"TAC102","R1",295,393,299,3,99,297,297,TRUE
"TAC102","SRR7910035.23982345",98.99,99,1,0,234,332,2,298,1.06e-59,205,"TAC102","R1",234,332,298,2,99,297,297,TRUE
"TAC102","SRR7910035.8144534",98.99,99,1,0,225,323,3,299,1.06e-59,205,"TAC102","R1",225,323,299,3,99,297,297,TRUE
"TAC102","SRR7910035.6954594",99,100,1,0,47,146,2,301,1.06e-59,205,"TAC102","R1",47,146,301,2,100,300,300,TRUE
"TAC102","SRR7910035.2284802",98.99,99,1,0,404,502,3,299,1.06e-59,205,"TAC102","R1",404,502,3,299,99,297,297,TRUE
"TAC102","SRR7910035.13363772",100,100,0,0,317,416,1,300,1.07e-59,205,"TAC102","R1",317,416,1,300,100,300,300,TRUE
"TAC102","SRR7910035.28195715",100,99,0,0,39,137,2,298,1.08e-59,205,"TAC102","R1",39,137,298,2,99,297,297,TRUE
"TAC102","SRR7910035.17146304",100,99,0,0,39,137,3,299,1.08e-59,205,"TAC102","R1",39,137,3,299,99,297,297,TRUE
"TAC102","SRR7910035.7813623",98.99,99,1,0,261,359,2,298,1.09e-59,205,"TAC102","R1",261,359,298,2,99,297,297,TRUE
"TAC102","SRR7910035.18580830",100,99,0,0,296,394,3,299,1.1e-59,204,"TAC102","R1",296,394,3,299,99,297,297,TRUE
"TAC102","SRR7910035.4055120",100,99,0,0,296,394,3,299,1.1e-59,204,"TAC102","R1",296,394,3,299,99,297,297,TRUE
"TAC102","SRR7910035.11406950",98.99,99,1,0,224,322,3,299,1.12e-59,204,"TAC102","R1",224,322,299,3,99,297,297,TRUE
"TAC102","SRR7910035.7934862",98.99,99,1,0,224,322,3,299,1.12e-59,204,"TAC102","R1",224,322,299,3,99,297,297,TRUE
"TAC102","SRR7910035.15188768",99,100,1,0,20,119,2,301,1.14e-59,204,"TAC102","R1",20,119,301,2,100,300,300,TRUE
"TAC102","SRR7910035.10040133",99,100,1,0,53,152,1,300,1.14e-59,204,"TAC102","R1",53,152,1,300,100,300,300,TRUE
"TAC102","SRR7910035.11387220",99,100,1,0,202,301,2,301,1.17e-59,204,"TAC102","R1",202,301,2,301,100,300,300,TRUE
"TAC102","SRR7910035.19818522",100,100,0,0,393,492,2,301,1.19e-59,204,"TAC102","R1",393,492,2,301,100,300,300,TRUE
"TAC102","SRR7910035.17086818",100,100,0,0,352,451,2,301,1.19e-59,204,"TAC102","R1",352,451,2,301,100,300,300,TRUE
"TAC102","SRR7910035.14018453",98.99,99,1,0,206,304,1,297,1.19e-59,204,"TAC102","R1",206,304,1,297,99,297,297,TRUE
"TAC102","SRR7910035.2733802",100,100,0,0,393,492,1,300,1.19e-59,204,"TAC102","R1",393,492,1,300,100,300,300,TRUE
"TAC102","SRR7910035.1695299",99,100,1,0,43,142,1,300,1.19e-59,204,"TAC102","R1",43,142,1,300,100,300,300,TRUE
"TAC102","SRR7910035.18616861",98.99,99,1,0,209,307,1,297,1.21e-59,204,"TAC102","R1",209,307,1,297,99,297,297,TRUE
"TAC102","SRR7910035.19601690",98.99,99,1,0,286,384,1,297,1.24e-59,204,"TAC102","R1",286,384,1,297,99,297,297,TRUE
"TAC102","SRR7910035.4845433",98.99,99,1,0,286,384,1,297,1.24e-59,204,"TAC102","R1",286,384,1,297,99,297,297,TRUE
"TAC102","SRR7910035.24460629",97.98,99,2,0,252,350,3,299,1.25e-59,204,"TAC102","R1",252,350,3,299,99,297,297,TRUE
"TAC102","SRR7910035.14726872",100,100,0,0,445,544,1,300,1.25e-59,204,"TAC102","R1",445,544,1,300,100,300,300,TRUE
"TAC102","SRR7910035.9291751",98.99,99,1,0,210,308,3,299,1.25e-59,204,"TAC102","R1",210,308,3,299,99,297,297,TRUE
"TAC102","SRR7910035.8081977",98,100,2,0,417,516,2,301,1.26e-59,204,"TAC102","R1",417,516,301,2,100,300,300,TRUE
"TAC102","SRR7910035.23516795",100,99,0,0,291,389,2,298,1.28e-59,204,"TAC102","R1",291,389,2,298,99,297,297,TRUE
"TAC102","SRR7910035.10160182",99,100,1,0,45,144,1,300,1.28e-59,204,"TAC102","R1",45,144,1,300,100,300,300,TRUE
"TAC102","SRR7910035.27595825",100,100,0,0,346,445,2,301,1.3e-59,204,"TAC102","R1",346,445,301,2,100,300,300,TRUE
"TAC102","SRR7910035.25223059",100,100,0,0,347,446,1,300,1.3e-59,204,"TAC102","R1",347,446,1,300,100,300,300,TRUE
"TAC102","SRR7910035.9367776",98.99,99,1,0,224,322,2,298,1.3e-59,204,"TAC102","R1",224,322,298,2,99,297,297,TRUE
"TAC102","SRR7910035.19227587",98,100,2,0,230,329,2,301,1.32e-59,204,"TAC102","R1",230,329,301,2,100,300,300,TRUE
"TAC102","SRR7910035.15071888",99,100,1,0,40,139,2,301,1.32e-59,204,"TAC102","R1",40,139,2,301,100,300,300,TRUE
"TAC102","SRR7910035.9825653",99,100,1,0,22,121,2,301,1.34e-59,204,"TAC102","R1",22,121,301,2,100,300,300,TRUE
"TAC102","SRR7910035.26546165",100,99,0,0,293,391,3,299,1.36e-59,204,"TAC102","R1",293,391,3,299,99,297,297,TRUE
"TAC102","SRR7910035.25806225",100,99,0,0,293,391,3,299,1.36e-59,204,"TAC102","R1",293,391,3,299,99,297,297,TRUE
"TAC102","SRR7910035.23418974",100,100,0,0,353,452,1,300,1.4e-59,204,"TAC102","R1",353,452,1,300,100,300,300,TRUE
"TAC102","SRR7910035.16237852",100,100,0,0,354,453,1,300,1.4e-59,204,"TAC102","R1",354,453,1,300,100,300,300,TRUE
"TAC102","SRR7910035.11941806",100,100,0,0,353,452,1,300,1.4e-59,204,"TAC102","R1",353,452,1,300,100,300,300,TRUE
"TAC102","SRR7910035.4944350",100,100,0,0,354,453,1,300,1.4e-59,204,"TAC102","R1",354,453,1,300,100,300,300,TRUE
"TAC102","SRR7910035.25926557",100,100,0,0,394,493,1,300,1.41e-59,204,"TAC102","R1",394,493,1,300,100,300,300,TRUE
"TAC102","SRR7910035.20538010",100,100,0,0,340,439,2,301,1.41e-59,204,"TAC102","R1",340,439,301,2,100,300,300,TRUE
"TAC102","SRR7910035.10369357",100,100,0,0,340,439,1,300,1.41e-59,204,"TAC102","R1",340,439,1,300,100,300,300,TRUE
"TAC102","SRR7910035.8359932",100,100,0,0,395,494,1,300,1.43e-59,204,"TAC102","R1",395,494,300,1,100,300,300,TRUE
"TAC102","SRR7910035.3868939",100,100,0,0,355,454,1,300,1.43e-59,204,"TAC102","R1",355,454,1,300,100,300,300,TRUE
"TAC102","SRR7910035.22584542",100,100,0,0,356,455,2,301,1.44e-59,204,"TAC102","R1",356,455,2,301,100,300,300,TRUE
"TAC102","SRR7910035.3699752",100,99,0,0,58,156,3,299,1.45e-59,204,"TAC102","R1",58,156,299,3,99,297,297,TRUE
"TAC102","SRR7910035.5929241",100,99,0,0,433,531,3,299,1.47e-59,204,"TAC102","R1",433,531,299,3,99,297,297,TRUE
"TAC102","SRR7910035.27812687",97.98,99,2,0,265,363,3,299,1.47e-59,204,"TAC102","R1",265,363,299,3,99,297,297,TRUE
"TAC102","SRR7910035.9709118",98,100,2,0,269,368,1,300,1.48e-59,204,"TAC102","R1",269,368,1,300,100,300,300,TRUE
"TAC102","SRR7910035.27402424",100,98,0,0,53,150,1,294,1.5e-59,204,"TAC102","R1",53,150,1,294,98,294,294,TRUE
"TAC102","SRR7910035.21022940",98,100,2,0,232,331,1,300,1.5e-59,204,"TAC102","R1",232,331,300,1,100,300,300,TRUE
"TAC102","SRR7910035.14250236",98.99,99,1,0,222,320,2,298,1.51e-59,204,"TAC102","R1",222,320,298,2,99,297,297,TRUE
"TAC102","SRR7910035.7526720",100,99,0,0,433,531,3,299,1.51e-59,204,"TAC102","R1",433,531,3,299,99,297,297,TRUE
"TAC102","SRR7910035.25865140",100,100,0,0,64,163,1,300,1.53e-59,204,"TAC102","R1",64,163,1,300,100,300,300,TRUE
"TAC102","SRR7910035.11354902",100,100,0,0,63,162,2,301,1.53e-59,204,"TAC102","R1",63,162,2,301,100,300,300,TRUE
"TAC102","SRR7910035.19103104",97.98,99,2,0,237,335,3,299,1.56e-59,204,"TAC102","R1",237,335,299,3,99,297,297,TRUE
"TAC102","SRR7910035.25740267",99,100,1,0,31,130,1,300,1.58e-59,204,"TAC102","R1",31,130,300,1,100,300,300,TRUE
"TAC102","SRR7910035.11552775",99,100,1,0,31,130,1,300,1.58e-59,204,"TAC102","R1",31,130,1,300,100,300,300,TRUE
"TAC102","SRR7910035.10966908",99,100,1,0,31,130,1,300,1.58e-59,204,"TAC102","R1",31,130,300,1,100,300,300,TRUE
"TAC102","SRR7910035.6499016",98.99,99,1,0,284,382,2,298,1.59e-59,204,"TAC102","R1",284,382,2,298,99,297,297,TRUE
"TAC102","SRR7910035.1969281",98.99,99,1,0,284,382,3,299,1.59e-59,204,"TAC102","R1",284,382,3,299,99,297,297,TRUE
"TAC102","SRR7910035.20466121",100,100,0,0,73,172,2,301,1.61e-59,204,"TAC102","R1",73,172,2,301,100,300,300,TRUE
"TAC102","SRR7910035.20409286",100,100,0,0,73,172,1,300,1.61e-59,204,"TAC102","R1",73,172,300,1,100,300,300,TRUE
"TAC102","SRR7910035.24612228",97,100,3,0,263,362,2,301,1.62e-59,204,"TAC102","R1",263,362,2,301,100,300,300,TRUE
"TAC102","SRR7910035.4642267",98.969,97,1,0,817,913,3,293,1.64e-59,204,"TAC102","R1",817,913,293,3,97,291,291,TRUE
"TAC102","SRR7910035.5366339",99,100,1,0,33,132,1,300,1.64e-59,204,"TAC102","R1",33,132,1,300,100,300,300,TRUE
"TAC102","SRR7910035.27490946",98.99,99,1,0,227,325,3,299,1.66e-59,204,"TAC102","R1",227,325,3,299,99,297,297,TRUE
"TAC102","SRR7910035.11863220",100,99,0,0,298,396,2,298,1.69e-59,204,"TAC102","R1",298,396,2,298,99,297,297,TRUE
"TAC102","SRR7910035.23565771",100,99,0,0,297,395,2,298,1.69e-59,204,"TAC102","R1",297,395,2,298,99,297,297,TRUE
"TAC102","SRR7910035.6285031",100,98,0,0,47,144,3,296,1.7e-59,204,"TAC102","R1",47,144,3,296,98,294,294,TRUE
"TAC102","SRR7910035.26539055",100,99,0,0,299,397,2,298,1.72e-59,204,"TAC102","R1",299,397,2,298,99,297,297,TRUE
"TAC102","SRR7910035.15147487",98,100,2,0,208,307,1,300,1.72e-59,204,"TAC102","R1",208,307,1,300,100,300,300,TRUE
"TAC102","SRR7910035.22902401",99,100,1,0,217,316,2,301,1.74e-59,204,"TAC102","R1",217,316,2,301,100,300,300,TRUE
"TAC102","SRR7910035.10890942",100,99,0,0,300,398,3,299,1.74e-59,204,"TAC102","R1",300,398,299,3,99,297,297,TRUE
"TAC102","SRR7910035.8831445",99,100,1,0,217,316,2,301,1.74e-59,204,"TAC102","R1",217,316,2,301,100,300,300,TRUE
"TAC102","SRR7910035.1727619",100,99,0,0,300,398,3,299,1.74e-59,204,"TAC102","R1",300,398,3,299,99,297,297,TRUE
"TAC102","SRR7910035.23989954",98.99,99,1,0,285,383,2,298,1.78e-59,204,"TAC102","R1",285,383,298,2,99,297,297,TRUE
"TAC102","SRR7910035.18997802",99,100,1,0,78,177,2,301,1.78e-59,204,"TAC102","R1",78,177,2,301,100,300,300,TRUE
"TAC102","SRR7910035.3538301",98.99,99,1,0,270,368,3,299,1.78e-59,204,"TAC102","R1",270,368,299,3,99,297,297,TRUE
"TAC102","SRR7910035.28097798",97.98,99,2,0,819,917,3,299,1.81e-59,204,"TAC102","R1",819,917,299,3,99,297,297,TRUE
"TAC102","SRR7910035.2174535",97.98,99,2,0,811,909,2,298,1.81e-59,204,"TAC102","R1",811,909,2,298,99,297,297,TRUE
"TAC102","SRR7910035.21488905",98.958,96,1,0,839,934,13,300,1.85e-59,204,"TAC102","R1",839,934,300,13,96,288,288,TRUE
"TAC102","SRR7910035.13340758",100,99,0,0,301,399,2,298,1.92e-59,204,"TAC102","R1",301,399,2,298,99,297,297,TRUE
"TAC102","SRR7910035.14389581",100,99,0,0,431,529,3,299,1.94e-59,204,"TAC102","R1",431,529,3,299,99,297,297,TRUE
"TAC102","SRR7910035.5974382",100,99,0,0,431,529,2,298,1.94e-59,204,"TAC102","R1",431,529,2,298,99,297,297,TRUE
"TAC102","SRR7910035.22177003",98.99,99,1,0,271,369,3,299,1.96e-59,204,"TAC102","R1",271,369,299,3,99,297,297,TRUE
"TAC102","SRR7910035.18685541",98.99,99,1,0,56,154,2,298,2.02e-59,204,"TAC102","R1",56,154,2,298,99,297,297,TRUE
"TAC102","SRR7910035.9473400",98.99,99,1,0,276,374,2,298,2.06e-59,204,"TAC102","R1",276,374,2,298,99,297,297,TRUE
"TAC102","SRR7910035.17243307",99,100,1,0,1,100,2,301,2.08e-59,204,"TAC102","R1",1,100,301,2,100,300,300,TRUE
"TAC102","SRR7910035.7412463",99,100,1,0,1,100,1,300,2.08e-59,204,"TAC102","R1",1,100,300,1,100,300,300,TRUE
"TAC102","SRR7910035.169406",99,100,1,0,1,100,1,300,2.08e-59,204,"TAC102","R1",1,100,300,1,100,300,300,TRUE
"TAC102","SRR7910035.1470286",100,99,0,0,59,157,3,299,2.11e-59,204,"TAC102","R1",59,157,299,3,99,297,297,TRUE
"TAC102","SRR7910035.22583440",100,100,0,0,441,540,1,300,2.15e-59,204,"TAC102","R1",441,540,1,300,100,300,300,TRUE
"TAC102","SRR7910035.12009605",100,100,0,0,316,415,2,301,2.19e-59,204,"TAC102","R1",316,415,2,301,100,300,300,TRUE
"TAC102","SRR7910035.18531907",98,100,2,0,281,380,2,301,2.24e-59,204,"TAC102","R1",281,380,301,2,100,300,300,TRUE
"TAC102","SRR7910035.25749561",98.99,99,1,0,275,373,3,299,2.3e-59,204,"TAC102","R1",275,373,3,299,99,297,297,TRUE
"TAC102","SRR7910035.18391019",98.99,99,1,0,275,373,3,299,2.3e-59,204,"TAC102","R1",275,373,299,3,99,297,297,TRUE
"TAC102","SRR7910035.12505360",98.99,99,1,0,275,373,3,299,2.3e-59,204,"TAC102","R1",275,373,299,3,99,297,297,TRUE
"TAC102","SRR7910035.11262707",98.99,99,1,0,275,373,3,299,2.3e-59,204,"TAC102","R1",275,373,299,3,99,297,297,TRUE
"TAC102","SRR7910035.2894953",98.99,99,1,0,275,373,3,299,2.3e-59,204,"TAC102","R1",275,373,299,3,99,297,297,TRUE
"TAC102","SRR7910035.25754747",99,100,1,0,193,292,1,300,2.33e-59,204,"TAC102","R1",193,292,1,300,100,300,300,TRUE
"TAC102","SRR7910035.13487028",99,100,1,0,193,292,2,301,2.33e-59,204,"TAC102","R1",193,292,301,2,100,300,300,TRUE
"TAC102","SRR7910035.14234255",98.99,99,1,0,51,149,2,298,2.5e-59,204,"TAC102","R1",51,149,298,2,99,297,297,TRUE
"TAC102","SRR7910035.18618214",100,100,0,0,349,448,1,300,2.55e-59,204,"TAC102","R1",349,448,300,1,100,300,300,TRUE
"TAC102","SRR7910035.22946888",100,100,0,0,388,487,1,300,2.57e-59,204,"TAC102","R1",388,487,1,300,100,300,300,TRUE
"TAC102","SRR7910035.10926583",100,100,0,0,388,487,1,300,2.57e-59,204,"TAC102","R1",388,487,300,1,100,300,300,TRUE
"TAC102","SRR7910035.25173034",100,100,0,0,439,538,2,301,2.68e-59,204,"TAC102","R1",439,538,2,301,100,300,300,TRUE
"TAC102","SRR7910035.21901969",99,100,1,0,220,319,1,300,2.68e-59,204,"TAC102","R1",220,319,300,1,100,300,300,TRUE
"TAC102","SRR7910035.21013201",96,100,4,0,830,929,1,300,2.7e-59,204,"TAC102","R1",830,929,300,1,100,300,300,TRUE
"TAC102","SRR7910035.25049254",98,100,2,0,48,147,1,300,2.76e-59,204,"TAC102","R1",48,147,300,1,100,300,300,TRUE
"TAC102","SRR7910035.12447317",100,99,0,0,301,399,2,298,2.87e-59,203,"TAC102","R1",301,399,298,2,99,297,297,TRUE
"TAC102","SRR7910035.12679767",99,100,1,0,192,291,2,301,2.9e-59,203,"TAC102","R1",192,291,301,2,100,300,300,TRUE
"TAC102","SRR7910035.4528482",99,100,1,0,339,438,1,300,2.9e-59,203,"TAC102","R1",339,438,300,1,100,300,300,TRUE
"TAC102","SRR7910035.4483542",100,100,0,0,387,486,1,300,2.93e-59,203,"TAC102","R1",387,486,1,300,100,300,300,TRUE
"TAC102","SRR7910035.25399725",99,100,1,0,200,299,2,301,3.05e-59,203,"TAC102","R1",200,299,301,2,100,300,300,TRUE
"TAC102","SRR7910035.13174326",99,100,1,0,199,298,1,300,3.05e-59,203,"TAC102","R1",199,298,1,300,100,300,300,TRUE
"TAC102","SRR7910035.4855456",98.99,99,1,0,291,389,2,298,3.07e-59,203,"TAC102","R1",291,389,2,298,99,297,297,TRUE
"TAC102","SRR7910035.28240888",97.98,99,2,0,262,360,3,299,3.08e-59,203,"TAC102","R1",262,360,299,3,99,297,297,TRUE
"TAC102","SRR7910035.26817417",98,100,2,0,203,302,1,300,3.17e-59,203,"TAC102","R1",203,302,300,1,100,300,300,TRUE
"TAC102","SRR7910035.19627616",100,100,0,0,362,461,2,301,3.17e-59,203,"TAC102","R1",362,461,301,2,100,300,300,TRUE
"TAC102","SRR7910035.12324543",99,100,1,0,296,395,2,301,3.17e-59,203,"TAC102","R1",296,395,301,2,100,300,300,TRUE
"TAC102","SRR7910035.16427456",99,100,1,0,26,125,1,300,3.2e-59,203,"TAC102","R1",26,125,1,300,100,300,300,TRUE
"TAC102","SRR7910035.14807790",98.99,99,1,0,215,313,3,299,3.24e-59,203,"TAC102","R1",215,313,3,299,99,297,297,TRUE
"TAC102","SRR7910035.4814357",100,100,0,0,334,433,2,301,3.24e-59,203,"TAC102","R1",334,433,2,301,100,300,300,TRUE
"TAC102","SRR7910035.4771331",100,100,0,0,334,433,1,300,3.24e-59,203,"TAC102","R1",334,433,1,300,100,300,300,TRUE
"TAC102","SRR7910035.15907272",98,100,2,0,204,303,2,301,3.27e-59,203,"TAC102","R1",204,303,2,301,100,300,300,TRUE
"TAC102","SRR7910035.16748794",96,100,4,0,831,930,2,301,3.47e-59,203,"TAC102","R1",831,930,2,301,100,300,300,TRUE
"TAC102","SRR7910035.20854117",99,100,1,0,341,440,2,301,3.54e-59,203,"TAC102","R1",341,440,301,2,100,300,300,TRUE
"TAC102","SRR7910035.12759888",100,99,0,0,76,174,1,297,3.54e-59,203,"TAC102","R1",76,174,1,297,99,297,297,TRUE
"TAC102","SRR7910035.4279866",99,100,1,0,449,548,1,300,3.54e-59,203,"TAC102","R1",449,548,1,300,100,300,300,TRUE
"TAC102","SRR7910035.16523222",99,100,1,0,25,124,2,301,3.61e-59,203,"TAC102","R1",25,124,301,2,100,300,300,TRUE
"TAC102","SRR7910035.4516216",99,100,1,0,356,455,1,300,3.61e-59,203,"TAC102","R1",356,455,300,1,100,300,300,TRUE
"TAC102","SRR7910035.25882338",98,100,2,0,271,370,1,300,3.72e-59,203,"TAC102","R1",271,370,300,1,100,300,300,TRUE
"TAC102","SRR7910035.21074272",100,99,0,0,76,174,3,299,3.72e-59,203,"TAC102","R1",76,174,3,299,99,297,297,TRUE
"TAC102","SRR7910035.18498837",99,100,1,0,490,589,2,301,3.72e-59,203,"TAC102","R1",490,589,301,2,100,300,300,TRUE
"TAC102","SRR7910035.2960029",99,100,1,0,490,589,2,301,3.72e-59,203,"TAC102","R1",490,589,2,301,100,300,300,TRUE
"TAC102","SRR7910035.24002014",100,99,0,0,67,165,2,298,3.76e-59,203,"TAC102","R1",67,165,2,298,99,297,297,TRUE
"TAC102","SRR7910035.12826644",100,100,0,0,329,428,2,301,3.76e-59,203,"TAC102","R1",329,428,2,301,100,300,300,TRUE
"TAC102","SRR7910035.5006392",100,100,0,0,329,428,1,300,3.76e-59,203,"TAC102","R1",329,428,300,1,100,300,300,TRUE
"TAC102","SRR7910035.3617613",98.99,99,1,0,47,145,3,299,3.76e-59,203,"TAC102","R1",47,145,299,3,99,297,297,TRUE
"TAC102","SRR7910035.9902017",98,100,2,0,49,148,1,300,3.83e-59,203,"TAC102","R1",49,148,1,300,100,300,300,TRUE
"TAC102","SRR7910035.5518590",100,99,0,0,435,533,3,299,3.83e-59,203,"TAC102","R1",435,533,3,299,99,297,297,TRUE
"TAC102","SRR7910035.6852762",99,100,1,0,219,318,2,301,3.87e-59,203,"TAC102","R1",219,318,301,2,100,300,300,TRUE
"TAC102","SRR7910035.26725447",100,99,0,0,61,159,2,298,3.9e-59,203,"TAC102","R1",61,159,298,2,99,297,297,TRUE
"TAC102","SRR7910035.26737738",100,99,0,0,447,545,3,299,3.95e-59,203,"TAC102","R1",447,545,3,299,99,297,297,TRUE
"TAC102","SRR7910035.22433013",100,100,0,0,385,484,1,300,3.95e-59,203,"TAC102","R1",385,484,1,300,100,300,300,TRUE
"TAC102","SRR7910035.8141957",100,100,0,0,385,484,2,301,3.95e-59,203,"TAC102","R1",385,484,301,2,100,300,300,TRUE
"TAC102","SRR7910035.24906112",100,100,0,0,438,537,1,300,4.03e-59,203,"TAC102","R1",438,537,1,300,100,300,300,TRUE
"TAC102","SRR7910035.15672891",100,100,0,0,326,425,2,301,4.03e-59,203,"TAC102","R1",326,425,301,2,100,300,300,TRUE
"TAC102","SRR7910035.6616875",97.98,99,2,0,235,333,3,299,4.06e-59,203,"TAC102","R1",235,333,299,3,99,297,297,TRUE
"TAC102","SRR7910035.27984768",100,99,0,0,436,534,3,299,4.11e-59,203,"TAC102","R1",436,534,3,299,99,297,297,TRUE
"TAC102","SRR7910035.20950749",100,94,0,0,841,934,20,301,4.19e-59,203,"TAC102","R1",841,934,301,20,94,282,282,TRUE
"TAC102","SRR7910035.14347708",100,94,0,0,841,934,19,300,4.19e-59,203,"TAC102","R1",841,934,300,19,94,282,282,TRUE
"TAC102","SRR7910035.21170656",99,100,1,0,64,163,1,300,4.28e-59,203,"TAC102","R1",64,163,1,300,100,300,300,TRUE
"TAC102","SRR7910035.9954762",100,99,0,0,318,416,2,298,4.31e-59,203,"TAC102","R1",318,416,2,298,99,297,297,TRUE
"TAC102","SRR7910035.24393509",100,99,0,0,359,457,3,299,4.37e-59,203,"TAC102","R1",359,457,3,299,99,297,297,TRUE
"TAC102","SRR7910035.2339651",100,100,0,0,72,171,2,301,4.37e-59,203,"TAC102","R1",72,171,301,2,100,300,300,TRUE
"TAC102","SRR7910035.163993",100,99,0,0,359,457,2,298,4.37e-59,203,"TAC102","R1",359,457,2,298,99,297,297,TRUE
"TAC102","SRR7910035.13503304",100,99,0,0,352,450,3,299,4.41e-59,203,"TAC102","R1",352,450,299,3,99,297,297,TRUE
"TAC102","SRR7910035.10453860",99,100,1,0,6,105,1,300,4.45e-59,203,"TAC102","R1",6,105,300,1,100,300,300,TRUE
"TAC102","SRR7910035.8567832",100,98,0,0,81,178,2,295,4.59e-59,203,"TAC102","R1",81,178,2,295,98,294,294,TRUE
"TAC102","SRR7910035.896354",100,99,0,0,361,459,2,298,4.64e-59,203,"TAC102","R1",361,459,298,2,99,297,297,TRUE
"TAC102","SRR7910035.18997598",100,99,0,0,75,173,3,299,4.68e-59,203,"TAC102","R1",75,173,299,3,99,297,297,TRUE
"TAC102","SRR7910035.20824050",100,100,0,0,325,424,1,300,4.73e-59,203,"TAC102","R1",325,424,1,300,100,300,300,TRUE
"TAC102","SRR7910035.20496579",100,98,0,0,35,132,6,299,4.73e-59,203,"TAC102","R1",35,132,6,299,98,294,294,TRUE
"TAC102","SRR7910035.19181394",100,100,0,0,325,424,1,300,4.73e-59,203,"TAC102","R1",325,424,1,300,100,300,300,TRUE
"TAC102","SRR7910035.22120476",97.98,99,2,0,231,329,2,298,4.78e-59,203,"TAC102","R1",231,329,298,2,99,297,297,TRUE
"TAC102","SRR7910035.982339",98.99,99,1,0,301,399,3,299,4.82e-59,203,"TAC102","R1",301,399,299,3,99,297,297,TRUE
"TAC102","SRR7910035.27986437",100,100,0,0,323,422,1,300,4.87e-59,203,"TAC102","R1",323,422,1,300,100,300,300,TRUE
"TAC102","SRR7910035.6034150",98,100,2,0,285,384,1,300,4.92e-59,203,"TAC102","R1",285,384,1,300,100,300,300,TRUE
"TAC102","SRR7910035.2811550",100,99,0,0,78,176,3,299,5.02e-59,203,"TAC102","R1",78,176,299,3,99,297,297,TRUE
"TAC102","SRR7910035.27102803",100,99,0,0,355,453,3,299,5.07e-59,203,"TAC102","R1",355,453,299,3,99,297,297,TRUE
"TAC102","SRR7910035.316502",100,100,0,0,71,170,1,300,5.17e-59,203,"TAC102","R1",71,170,1,300,100,300,300,TRUE
"TAC102","SRR7910035.13974186",99,100,1,0,393,492,2,301,5.33e-59,203,"TAC102","R1",393,492,301,2,100,300,300,TRUE
"TAC102","SRR7910035.13708841",99,100,1,0,489,588,2,301,5.38e-59,203,"TAC102","R1",489,588,2,301,100,300,300,TRUE
"TAC102","SRR7910035.2748669",99,100,1,0,489,588,1,300,5.38e-59,203,"TAC102","R1",489,588,1,300,100,300,300,TRUE
"TAC102","SRR7910035.18396492",98.99,99,1,0,20,118,3,299,5.49e-59,202,"TAC102","R1",20,118,299,3,99,297,297,TRUE
"TAC102","SRR7910035.8922510",98.99,99,1,0,20,118,3,299,5.49e-59,202,"TAC102","R1",20,118,3,299,99,297,297,TRUE
"TAC102","SRR7910035.2150469",98.99,99,1,0,20,118,3,299,5.49e-59,202,"TAC102","R1",20,118,3,299,99,297,297,TRUE
"TAC102","SRR7910035.12926250",100,99,0,0,393,491,3,299,5.55e-59,202,"TAC102","R1",393,491,3,299,99,297,297,TRUE
"TAC102","SRR7910035.20197522",99,100,1,0,30,129,1,300,5.6e-59,202,"TAC102","R1",30,129,1,300,100,300,300,TRUE
"TAC102","SRR7910035.10338936",100,100,0,0,363,462,2,301,5.6e-59,202,"TAC102","R1",363,462,301,2,100,300,300,TRUE
"TAC102","SRR7910035.8458081",99,100,1,0,30,129,1,300,5.6e-59,202,"TAC102","R1",30,129,300,1,100,300,300,TRUE
"TAC102","SRR7910035.7093570",100,100,0,0,363,462,1,300,5.6e-59,202,"TAC102","R1",363,462,1,300,100,300,300,TRUE
"TAC102","SRR7910035.25578578",100,100,0,0,364,463,1,300,5.72e-59,202,"TAC102","R1",364,463,300,1,100,300,300,TRUE
"TAC102","SRR7910035.14543024",100,100,0,0,364,463,1,300,5.72e-59,202,"TAC102","R1",364,463,300,1,100,300,300,TRUE
"TAC102","SRR7910035.12506150",100,99,0,0,354,452,3,299,5.89e-59,202,"TAC102","R1",354,452,299,3,99,297,297,TRUE
"TAC102","SRR7910035.8686919",100,99,0,0,354,452,3,299,5.89e-59,202,"TAC102","R1",354,452,3,299,99,297,297,TRUE
"TAC102","SRR7910035.7175522",100,99,0,0,354,452,3,299,5.89e-59,202,"TAC102","R1",354,452,3,299,99,297,297,TRUE
"TAC102","SRR7910035.26193535",100,99,0,0,348,446,3,299,6.25e-59,202,"TAC102","R1",348,446,3,299,99,297,297,TRUE
"TAC102","SRR7910035.20552552",99,100,1,0,481,580,2,301,6.25e-59,202,"TAC102","R1",481,580,301,2,100,300,300,TRUE
"TAC102","SRR7910035.20502313",99,100,1,0,481,580,1,300,6.25e-59,202,"TAC102","R1",481,580,1,300,100,300,300,TRUE
"TAC102","SRR7910035.17086690",100,100,0,0,365,464,2,301,6.25e-59,202,"TAC102","R1",365,464,301,2,100,300,300,TRUE
"TAC102","SRR7910035.15057727",99,100,1,0,481,580,2,301,6.25e-59,202,"TAC102","R1",481,580,2,301,100,300,300,TRUE
"TAC102","SRR7910035.13732076",98,100,2,0,216,315,1,300,6.25e-59,202,"TAC102","R1",216,315,300,1,100,300,300,TRUE
"TAC102","SRR7910035.5916717",100,100,0,0,365,464,2,301,6.25e-59,202,"TAC102","R1",365,464,301,2,100,300,300,TRUE
"TAC102","SRR7910035.5113806",100,99,0,0,445,543,2,298,6.37e-59,202,"TAC102","R1",445,543,2,298,99,297,297,TRUE
"TAC102","SRR7910035.11922502",98,100,2,0,244,343,1,300,6.44e-59,202,"TAC102","R1",244,343,300,1,100,300,300,TRUE
"TAC102","SRR7910035.27981680",100,99,0,0,353,451,2,298,6.64e-59,202,"TAC102","R1",353,451,2,298,99,297,297,TRUE
"TAC102","SRR7910035.7477439",97.938,97,2,0,838,934,9,299,6.64e-59,202,"TAC102","R1",838,934,299,9,97,291,291,TRUE
"TAC102","SRR7910035.4996130",100,99,0,0,353,451,3,299,6.64e-59,202,"TAC102","R1",353,451,3,299,99,297,297,TRUE
"TAC102","SRR7910035.27052718",100,100,0,0,304,403,2,301,6.71e-59,202,"TAC102","R1",304,403,301,2,100,300,300,TRUE
"TAC102","SRR7910035.18536124",100,100,0,0,304,403,1,300,6.71e-59,202,"TAC102","R1",304,403,300,1,100,300,300,TRUE
"TAC102","SRR7910035.1758476",100,99,0,0,396,494,3,299,6.71e-59,202,"TAC102","R1",396,494,299,3,99,297,297,TRUE
"TAC102","SRR7910035.814558",100,99,0,0,356,454,3,299,6.71e-59,202,"TAC102","R1",356,454,299,3,99,297,297,TRUE
"TAC102","SRR7910035.24734169",97.98,99,2,0,237,335,3,299,6.77e-59,202,"TAC102","R1",237,335,3,299,99,297,297,TRUE
"TAC102","SRR7910035.22503510",98.98,98,1,0,210,307,3,296,6.83e-59,202,"TAC102","R1",210,307,3,296,98,294,294,TRUE
"TAC102","SRR7910035.11329184",98.99,99,1,0,32,130,3,299,6.83e-59,202,"TAC102","R1",32,130,299,3,99,297,297,TRUE
"TAC102","SRR7910035.19884767",99,100,1,0,483,582,1,300,6.91e-59,202,"TAC102","R1",483,582,1,300,100,300,300,TRUE
"TAC102","SRR7910035.18620182",98.99,99,1,0,203,301,3,299,6.91e-59,202,"TAC102","R1",203,301,299,3,99,297,297,TRUE
"TAC102","SRR7910035.6486309",98.99,99,1,0,203,301,3,299,6.91e-59,202,"TAC102","R1",203,301,3,299,99,297,297,TRUE
"TAC102","SRR7910035.27628305",100,99,0,0,302,400,3,299,6.98e-59,202,"TAC102","R1",302,400,299,3,99,297,297,TRUE
"TAC102","SRR7910035.6821134",99,100,1,0,17,116,1,300,7.12e-59,202,"TAC102","R1",17,116,1,300,100,300,300,TRUE
"TAC102","SRR7910035.2125870",99,100,1,0,16,115,1,300,7.12e-59,202,"TAC102","R1",16,115,300,1,100,300,300,TRUE
"TAC102","SRR7910035.999181",99,100,1,0,16,115,1,300,7.12e-59,202,"TAC102","R1",16,115,300,1,100,300,300,TRUE
"TAC102","SRR7910035.4652557",98.99,99,1,0,54,152,1,297,7.26e-59,202,"TAC102","R1",54,152,1,297,99,297,297,TRUE
"TAC102","SRR7910035.9968781",97,100,3,0,211,310,1,300,7.34e-59,202,"TAC102","R1",211,310,1,300,100,300,300,TRUE
"TAC102","SRR7910035.20034780",99,100,1,0,18,117,1,300,7.48e-59,202,"TAC102","R1",18,117,300,1,100,300,300,TRUE
"TAC102","SRR7910035.15872202",99,100,1,0,18,117,1,300,7.48e-59,202,"TAC102","R1",18,117,300,1,100,300,300,TRUE
"TAC102","SRR7910035.13364598",99,100,1,0,18,117,1,300,7.48e-59,202,"TAC102","R1",18,117,300,1,100,300,300,TRUE
"TAC102","SRR7910035.9341323",99,100,1,0,18,117,2,301,7.48e-59,202,"TAC102","R1",18,117,2,301,100,300,300,TRUE
"TAC102","SRR7910035.2098658",99,100,1,0,9,108,2,301,7.48e-59,202,"TAC102","R1",9,108,301,2,100,300,300,TRUE
"TAC102","SRR7910035.22300104",100,99,0,0,342,440,3,299,7.95e-59,202,"TAC102","R1",342,440,3,299,99,297,297,TRUE
"TAC102","SRR7910035.21813203",100,96,0,0,808,903,1,288,8.11e-59,202,"TAC102","R1",808,903,288,1,96,288,288,TRUE
"TAC102","SRR7910035.20066413",100,100,0,0,371,470,1,300,8.19e-59,202,"TAC102","R1",371,470,1,300,100,300,300,TRUE
"TAC102","SRR7910035.25818545",100,100,0,0,366,465,1,300,8.35e-59,202,"TAC102","R1",366,465,1,300,100,300,300,TRUE
"TAC102","SRR7910035.24158275",100,100,0,0,367,466,2,301,8.35e-59,202,"TAC102","R1",367,466,2,301,100,300,300,TRUE
"TAC102","SRR7910035.20106865",100,99,0,0,392,490,3,299,8.35e-59,202,"TAC102","R1",392,490,3,299,99,297,297,TRUE
"TAC102","SRR7910035.15500674",99,100,1,0,64,163,2,301,8.35e-59,202,"TAC102","R1",64,163,2,301,100,300,300,TRUE
"TAC102","SRR7910035.14437534",100,100,0,0,367,466,2,301,8.35e-59,202,"TAC102","R1",367,466,301,2,100,300,300,TRUE
"TAC102","SRR7910035.6748004",100,99,0,0,392,490,3,299,8.35e-59,202,"TAC102","R1",392,490,3,299,99,297,297,TRUE
"TAC102","SRR7910035.2588614",100,100,0,0,367,466,1,300,8.35e-59,202,"TAC102","R1",367,466,1,300,100,300,300,TRUE
"TAC102","SRR7910035.25476343",97.98,99,2,0,48,146,3,299,9.14e-59,202,"TAC102","R1",48,146,3,299,99,297,297,TRUE
"TAC102","SRR7910035.13558440",100,99,0,0,394,492,2,298,9.14e-59,202,"TAC102","R1",394,492,2,298,99,297,297,TRUE
"TAC102","SRR7910035.7808474",98,100,2,0,490,589,1,300,9.14e-59,202,"TAC102","R1",490,589,300,1,100,300,300,TRUE
"TAC102","SRR7910035.25008459",97.98,99,2,0,427,525,3,299,9.42e-59,202,"TAC102","R1",427,525,3,299,99,297,297,TRUE
"TAC102","SRR7910035.25035810",100,99,0,0,320,418,3,299,9.61e-59,202,"TAC102","R1",320,418,299,3,99,297,297,TRUE
"TAC102","SRR7910035.26578140",99,100,1,0,469,568,2,301,9.8e-59,202,"TAC102","R1",469,568,301,2,100,300,300,TRUE
"TAC102","SRR7910035.9687941",97.98,99,2,0,262,360,3,299,9.8e-59,202,"TAC102","R1",262,360,299,3,99,297,297,TRUE
"TAC102","SRR7910035.9277722",99,100,1,0,469,568,1,300,9.8e-59,202,"TAC102","R1",469,568,1,300,100,300,300,TRUE
"TAC102","SRR7910035.12395467",99,100,1,0,358,457,1,300,9.9e-59,202,"TAC102","R1",358,457,300,1,100,300,300,TRUE
"TAC102","SRR7910035.15056137",98,100,2,0,20,119,1,300,1e-58,202,"TAC102","R1",20,119,300,1,100,300,300,TRUE
"TAC102","SRR7910035.17515791",99,100,1,0,4,103,1,300,1.02e-58,202,"TAC102","R1",4,103,1,300,100,300,300,TRUE
"TAC102","SRR7910035.15149623",100,100,0,0,383,482,2,301,1.03e-58,202,"TAC102","R1",383,482,2,301,100,300,300,TRUE
"TAC102","SRR7910035.11766602",100,100,0,0,383,482,1,300,1.03e-58,202,"TAC102","R1",383,482,300,1,100,300,300,TRUE
"TAC102","SRR7910035.24483226",99,100,1,0,390,489,2,301,1.04e-58,202,"TAC102","R1",390,489,301,2,100,300,300,TRUE
"TAC102","SRR7910035.22603176",99,100,1,0,3,102,1,300,1.04e-58,202,"TAC102","R1",3,102,300,1,100,300,300,TRUE
"TAC102","SRR7910035.16267183",98.99,99,1,0,1,99,2,298,1.04e-58,202,"TAC102","R1",1,99,298,2,99,297,297,TRUE
"TAC102","SRR7910035.13404921",99,100,1,0,3,102,1,300,1.04e-58,202,"TAC102","R1",3,102,300,1,100,300,300,TRUE
"TAC102","SRR7910035.10743576",98.99,99,1,0,1,99,4,300,1.04e-58,202,"TAC102","R1",1,99,4,300,99,297,297,TRUE
"TAC102","SRR7910035.27597236",99,100,1,0,448,547,1,300,1.06e-58,202,"TAC102","R1",448,547,1,300,100,300,300,TRUE
"TAC102","SRR7910035.135796",97.98,99,2,0,35,133,3,299,1.06e-58,202,"TAC102","R1",35,133,299,3,99,297,297,TRUE
"TAC102","SRR7910035.21128318",100,100,0,0,314,413,1,300,1.08e-58,202,"TAC102","R1",314,413,300,1,100,300,300,TRUE
"TAC102","SRR7910035.18557936",97.98,99,2,0,216,314,3,299,1.08e-58,202,"TAC102","R1",216,314,3,299,99,297,297,TRUE
"TAC102","SRR7910035.4802456",98.98,98,1,0,81,178,8,301,1.09e-58,202,"TAC102","R1",81,178,301,8,98,294,294,TRUE
"TAC102","SRR7910035.26467198",98.99,99,1,0,221,319,3,299,1.12e-58,202,"TAC102","R1",221,319,299,3,99,297,297,TRUE
"TAC102","SRR7910035.23120690",97.98,99,2,0,274,372,3,299,1.13e-58,202,"TAC102","R1",274,372,299,3,99,297,297,TRUE
"TAC102","SRR7910035.16075142",98.99,99,1,0,193,291,3,299,1.14e-58,202,"TAC102","R1",193,291,299,3,99,297,297,TRUE
"TAC102","SRR7910035.10130509",98.99,99,1,0,193,291,2,298,1.14e-58,202,"TAC102","R1",193,291,2,298,99,297,297,TRUE
"TAC102","SRR7910035.5772330",99,100,1,0,472,571,2,301,1.16e-58,202,"TAC102","R1",472,571,2,301,100,300,300,TRUE
"TAC102","SRR7910035.5530541",100,96,0,0,808,903,3,290,1.17e-58,202,"TAC102","R1",808,903,290,3,96,288,288,TRUE
"TAC102","SRR7910035.27529283",96,100,4,0,225,324,2,301,1.2e-58,202,"TAC102","R1",225,324,2,301,100,300,300,TRUE
"TAC102","SRR7910035.4692",97.98,99,2,0,231,329,2,298,1.21e-58,202,"TAC102","R1",231,329,298,2,99,297,297,TRUE
"TAC102","SRR7910035.8365417",96.97,99,3,0,252,350,3,299,1.23e-58,202,"TAC102","R1",252,350,299,3,99,297,297,TRUE
"TAC102","SRR7910035.247450",100,96,0,0,808,903,2,289,1.23e-58,202,"TAC102","R1",808,903,289,2,96,288,288,TRUE
"TAC102","SRR7910035.17697800",98.99,99,1,0,199,297,3,299,1.25e-58,202,"TAC102","R1",199,297,299,3,99,297,297,TRUE
"TAC102","SRR7910035.2721312",100,99,0,0,362,460,2,298,1.25e-58,202,"TAC102","R1",362,460,298,2,99,297,297,TRUE
"TAC102","SRR7910035.4841776",98.99,99,1,0,75,173,1,297,1.26e-58,202,"TAC102","R1",75,173,1,297,99,297,297,TRUE
"TAC102","SRR7910035.27619616",98.99,99,1,0,194,292,2,298,1.28e-58,202,"TAC102","R1",194,292,298,2,99,297,297,TRUE
"TAC102","SRR7910035.10515909",97.98,99,2,0,216,314,2,298,1.28e-58,202,"TAC102","R1",216,314,298,2,99,297,297,TRUE
"TAC102","SRR7910035.21742617",96.97,99,3,0,808,906,2,298,1.3e-58,202,"TAC102","R1",808,906,298,2,99,297,297,TRUE
"TAC102","SRR7910035.27127260",100,100,0,0,310,409,1,300,1.31e-58,202,"TAC102","R1",310,409,300,1,100,300,300,TRUE
"TAC102","SRR7910035.24521116",97.98,99,2,0,211,309,3,299,1.31e-58,202,"TAC102","R1",211,309,299,3,99,297,297,TRUE
"TAC102","SRR7910035.10233065",100,99,0,0,440,538,2,298,1.31e-58,202,"TAC102","R1",440,538,2,298,99,297,297,TRUE
"TAC102","SRR7910035.2224754",100,100,0,0,382,481,1,300,1.32e-58,202,"TAC102","R1",382,481,300,1,100,300,300,TRUE
"TAC102","SRR7910035.10670754",96.97,99,3,0,236,334,3,299,1.34e-58,202,"TAC102","R1",236,334,3,299,99,297,297,TRUE
"TAC102","SRR7910035.4516316",99,100,1,0,471,570,2,301,1.34e-58,202,"TAC102","R1",471,570,2,301,100,300,300,TRUE
"TAC102","SRR7910035.22830496",98,100,2,0,299,398,1,300,1.36e-58,202,"TAC102","R1",299,398,300,1,100,300,300,TRUE
"TAC102","SRR7910035.22620213",99,100,1,0,526,625,2,301,1.36e-58,202,"TAC102","R1",526,625,2,301,100,300,300,TRUE
"TAC102","SRR7910035.22021662",100,100,0,0,368,467,1,300,1.38e-58,202,"TAC102","R1",368,467,1,300,100,300,300,TRUE
"TAC102","SRR7910035.7519501",100,100,0,0,313,412,1,300,1.38e-58,202,"TAC102","R1",313,412,1,300,100,300,300,TRUE
"TAC102","SRR7910035.1346716",100,100,0,0,313,412,2,301,1.38e-58,202,"TAC102","R1",313,412,2,301,100,300,300,TRUE
"TAC102","SRR7910035.686616",100,100,0,0,368,467,2,301,1.38e-58,202,"TAC102","R1",368,467,2,301,100,300,300,TRUE
"TAC102","SRR7910035.12398267",100,99,0,0,443,541,2,298,1.4e-58,202,"TAC102","R1",443,541,2,298,99,297,297,TRUE
"TAC102","SRR7910035.24008723",98.99,99,1,0,301,399,3,299,1.46e-58,201,"TAC102","R1",301,399,3,299,99,297,297,TRUE
"TAC102","SRR7910035.19043152",98.99,99,1,0,301,399,2,298,1.46e-58,201,"TAC102","R1",301,399,2,298,99,297,297,TRUE
"TAC102","SRR7910035.1607825",97,100,3,0,415,514,2,301,1.46e-58,201,"TAC102","R1",415,514,301,2,100,300,300,TRUE
"TAC102","SRR7910035.12625143",99,100,1,0,511,610,1,300,1.49e-58,201,"TAC102","R1",511,610,1,300,100,300,300,TRUE
"TAC102","SRR7910035.11156038",99,100,1,0,511,610,1,300,1.49e-58,201,"TAC102","R1",511,610,1,300,100,300,300,TRUE
"TAC102","SRR7910035.10794828",100,100,0,0,308,407,2,301,1.49e-58,201,"TAC102","R1",308,407,301,2,100,300,300,TRUE
"TAC102","SRR7910035.3559571",98,100,2,0,32,131,1,300,1.49e-58,201,"TAC102","R1",32,131,1,300,100,300,300,TRUE
"TAC102","SRR7910035.12523708",100,99,0,0,335,433,2,298,1.5e-58,201,"TAC102","R1",335,433,2,298,99,297,297,TRUE
"TAC102","SRR7910035.28190186",99,100,1,0,462,561,2,301,1.5e-58,201,"TAC102","R1",462,561,2,301,100,300,300,TRUE
"TAC102","SRR7910035.25432249",100,99,0,0,349,447,3,299,1.52e-58,201,"TAC102","R1",349,447,3,299,99,297,297,TRUE
"TAC102","SRR7910035.20424804",100,99,0,0,349,447,2,298,1.52e-58,201,"TAC102","R1",349,447,298,2,99,297,297,TRUE
"TAC102","SRR7910035.16266961",98.99,99,1,0,2,100,3,299,1.52e-58,201,"TAC102","R1",2,100,3,299,99,297,297,TRUE
"TAC102","SRR7910035.14212675",98.99,99,1,0,2,100,2,298,1.52e-58,201,"TAC102","R1",2,100,2,298,99,297,297,TRUE
"TAC102","SRR7910035.24099021",98.947,95,1,0,840,934,15,299,1.53e-58,201,"TAC102","R1",840,934,299,15,95,285,285,TRUE
"TAC102","SRR7910035.648408",98.99,99,1,0,191,289,1,297,1.53e-58,201,"TAC102","R1",191,289,297,1,99,297,297,TRUE
"TAC102","SRR7910035.15047033",97.98,99,2,0,44,142,2,298,1.54e-58,201,"TAC102","R1",44,142,298,2,99,297,297,TRUE
"TAC102","SRR7910035.16698267",98.99,99,1,0,220,318,3,299,1.55e-58,201,"TAC102","R1",220,318,299,3,99,297,297,TRUE
"TAC102","SRR7910035.20919742",100,99,0,0,335,433,3,299,1.55e-58,201,"TAC102","R1",335,433,3,299,99,297,297,TRUE
"TAC102","SRR7910035.12873013",99,100,1,0,527,626,1,300,1.57e-58,201,"TAC102","R1",527,626,1,300,100,300,300,TRUE
"TAC102","SRR7910035.23545207",98.99,99,1,0,192,290,3,299,1.6e-58,201,"TAC102","R1",192,290,299,3,99,297,297,TRUE
"TAC102","SRR7910035.24183124",100,99,0,0,417,515,1,297,1.63e-58,201,"TAC102","R1",417,515,1,297,99,297,297,TRUE
"TAC102","SRR7910035.19731183",100,99,0,0,417,515,3,299,1.63e-58,201,"TAC102","R1",417,515,299,3,99,297,297,TRUE
"TAC102","SRR7910035.3492969",100,99,0,0,417,515,3,299,1.63e-58,201,"TAC102","R1",417,515,299,3,99,297,297,TRUE
"TAC102","SRR7910035.4889180",100,100,0,0,309,408,2,301,1.63e-58,201,"TAC102","R1",309,408,301,2,100,300,300,TRUE
"TAC102","SRR7910035.300942",99,100,1,0,5,104,2,301,1.65e-58,201,"TAC102","R1",5,104,2,301,100,300,300,TRUE
"TAC102","SRR7910035.8920464",100,99,0,0,331,429,2,298,1.66e-58,201,"TAC102","R1",331,429,298,2,99,297,297,TRUE
"TAC102","SRR7910035.23503159",100,100,0,0,321,420,2,301,1.66e-58,201,"TAC102","R1",321,420,301,2,100,300,300,TRUE
"TAC102","SRR7910035.9067578",100,100,0,0,312,411,1,300,1.68e-58,201,"TAC102","R1",312,411,1,300,100,300,300,TRUE
"TAC102","SRR7910035.6387962",100,100,0,0,312,411,1,300,1.68e-58,201,"TAC102","R1",312,411,300,1,100,300,300,TRUE
"TAC102","SRR7910035.14548430",99,100,1,0,442,541,1,300,1.7e-58,201,"TAC102","R1",442,541,300,1,100,300,300,TRUE
"TAC102","SRR7910035.13539411",99,100,1,0,454,553,1,300,1.7e-58,201,"TAC102","R1",454,553,1,300,100,300,300,TRUE
"TAC102","SRR7910035.17220030",98.99,99,1,0,196,294,3,299,1.71e-58,201,"TAC102","R1",196,294,3,299,99,297,297,TRUE
"TAC102","SRR7910035.14040470",97,100,3,0,425,524,2,301,1.73e-58,201,"TAC102","R1",425,524,301,2,100,300,300,TRUE
"TAC102","SRR7910035.11607509",99,100,1,0,466,565,2,301,1.77e-58,201,"TAC102","R1",466,565,2,301,100,300,300,TRUE
"TAC102","SRR7910035.19754103",100,99,0,0,324,422,3,299,1.78e-58,201,"TAC102","R1",324,422,3,299,99,297,297,TRUE
"TAC102","SRR7910035.15826072",100,99,0,0,324,422,2,298,1.78e-58,201,"TAC102","R1",324,422,298,2,99,297,297,TRUE
"TAC102","SRR7910035.1384731",100,99,0,0,332,430,3,299,1.78e-58,201,"TAC102","R1",332,430,3,299,99,297,297,TRUE
"TAC102","SRR7910035.15475047",100,99,0,0,389,487,3,299,1.84e-58,201,"TAC102","R1",389,487,3,299,99,297,297,TRUE
"TAC102","SRR7910035.1609617",100,98,0,0,190,287,6,299,1.86e-58,201,"TAC102","R1",190,287,299,6,98,294,294,TRUE
"TAC102","SRR7910035.1212541",100,99,0,0,303,401,1,297,1.89e-58,201,"TAC102","R1",303,401,297,1,99,297,297,TRUE
"TAC102","SRR7910035.25318518",100,99,0,0,336,434,1,297,1.91e-58,201,"TAC102","R1",336,434,1,297,99,297,297,TRUE
"TAC102","SRR7910035.22389892",97,100,3,0,227,326,1,300,1.93e-58,201,"TAC102","R1",227,326,300,1,100,300,300,TRUE
"TAC102","SRR7910035.3278805",100,99,0,0,303,401,3,299,1.95e-58,201,"TAC102","R1",303,401,3,299,99,297,297,TRUE
"TAC102","SRR7910035.674654",98.99,99,1,0,196,294,2,298,1.95e-58,201,"TAC102","R1",196,294,2,298,99,297,297,TRUE
"TAC102","SRR7910035.28127339",100,99,0,0,336,434,3,299,1.97e-58,201,"TAC102","R1",336,434,299,3,99,297,297,TRUE
"TAC102","SRR7910035.24224962",100,99,0,0,336,434,2,298,1.97e-58,201,"TAC102","R1",336,434,2,298,99,297,297,TRUE
"TAC102","SRR7910035.19676331",99,100,1,0,370,469,1,300,2.01e-58,201,"TAC102","R1",370,469,300,1,100,300,300,TRUE
"TAC102","SRR7910035.25155237",98.99,99,1,0,493,591,2,298,2.03e-58,201,"TAC102","R1",493,591,2,298,99,297,297,TRUE
"TAC102","SRR7910035.18539760",99,100,1,0,496,595,2,301,2.03e-58,201,"TAC102","R1",496,595,301,2,100,300,300,TRUE
"TAC102","SRR7910035.3256620",98.99,99,1,0,490,588,3,299,2.03e-58,201,"TAC102","R1",490,588,3,299,99,297,297,TRUE
"TAC102","SRR7910035.20464172",97,100,3,0,346,445,1,300,2.05e-58,201,"TAC102","R1",346,445,300,1,100,300,300,TRUE
"TAC102","SRR7910035.1368301",98.99,99,1,0,355,453,3,299,2.05e-58,201,"TAC102","R1",355,453,299,3,99,297,297,TRUE
"TAC102","SRR7910035.492732",97.98,99,2,0,205,303,1,297,2.05e-58,201,"TAC102","R1",205,303,297,1,99,297,297,TRUE
"TAC102","SRR7910035.11143565",100,99,0,0,364,462,1,297,2.13e-58,201,"TAC102","R1",364,462,1,297,99,297,297,TRUE
"TAC102","SRR7910035.27810821",99,100,1,0,12,111,1,300,2.13e-58,201,"TAC102","R1",12,111,1,300,100,300,300,TRUE
"TAC102","SRR7910035.23370566",99,100,1,0,12,111,1,300,2.13e-58,201,"TAC102","R1",12,111,300,1,100,300,300,TRUE
"TAC102","SRR7910035.14422633",98.99,99,1,0,67,165,3,299,2.18e-58,201,"TAC102","R1",67,165,3,299,99,297,297,TRUE
"TAC102","SRR7910035.16231248",100,99,0,0,363,461,3,299,2.2e-58,201,"TAC102","R1",363,461,3,299,99,297,297,TRUE
"TAC102","SRR7910035.23993162",100,99,0,0,385,483,1,297,2.22e-58,201,"TAC102","R1",385,483,1,297,99,297,297,TRUE
"TAC102","SRR7910035.5493248",99,100,1,0,390,489,2,301,2.24e-58,201,"TAC102","R1",390,489,2,301,100,300,300,TRUE
"TAC102","SRR7910035.25913314",97.98,99,2,0,216,314,1,297,2.26e-58,201,"TAC102","R1",216,314,297,1,99,297,297,TRUE
"TAC102","SRR7910035.26593003",96.97,99,3,0,270,368,3,299,2.29e-58,201,"TAC102","R1",270,368,299,3,99,297,297,TRUE
"TAC102","SRR7910035.837090",98.99,99,1,0,431,529,2,298,2.33e-58,201,"TAC102","R1",431,529,2,298,99,297,297,TRUE
"TAC102","SRR7910035.20608831",100,100,0,0,373,472,1,300,2.38e-58,201,"TAC102","R1",373,472,300,1,100,300,300,TRUE
"TAC102","SRR7910035.17936648",98,100,2,0,319,418,1,300,2.38e-58,201,"TAC102","R1",319,418,1,300,100,300,300,TRUE
"TAC102","SRR7910035.14824797",97.98,99,2,0,399,497,3,299,2.45e-58,201,"TAC102","R1",399,497,299,3,99,297,297,TRUE
"TAC102","SRR7910035.7830564",99,100,1,0,326,425,1,300,2.45e-58,201,"TAC102","R1",326,425,1,300,100,300,300,TRUE
"TAC102","SRR7910035.27845148",100,100,0,0,377,476,1,300,2.5e-58,201,"TAC102","R1",377,476,300,1,100,300,300,TRUE
"TAC102","SRR7910035.26369245",100,100,0,0,376,475,2,301,2.5e-58,201,"TAC102","R1",376,475,2,301,100,300,300,TRUE
"TAC102","SRR7910035.11475443",97,100,3,0,244,343,2,301,2.5e-58,201,"TAC102","R1",244,343,2,301,100,300,300,TRUE
"TAC102","SRR7910035.8572467",98,100,2,0,27,126,1,300,2.5e-58,201,"TAC102","R1",27,126,300,1,100,300,300,TRUE
"TAC102","SRR7910035.4871297",100,100,0,0,376,475,2,301,2.5e-58,201,"TAC102","R1",376,475,2,301,100,300,300,TRUE
"TAC102","SRR7910035.27366157",97,100,3,0,397,496,1,300,2.53e-58,201,"TAC102","R1",397,496,300,1,100,300,300,TRUE
"TAC102","SRR7910035.28322708",100,100,0,0,375,474,2,301,2.55e-58,201,"TAC102","R1",375,474,2,301,100,300,300,TRUE
"TAC102","SRR7910035.24890505",100,99,0,0,304,402,3,299,2.55e-58,201,"TAC102","R1",304,402,299,3,99,297,297,TRUE
"TAC102","SRR7910035.16967460",98.98,98,1,0,21,118,3,296,2.58e-58,201,"TAC102","R1",21,118,296,3,98,294,294,TRUE
"TAC102","SRR7910035.4206430",100,97,0,0,82,178,3,293,2.6e-58,201,"TAC102","R1",82,178,3,293,97,291,291,TRUE
"TAC102","SRR7910035.26899837",97.98,99,2,0,283,381,2,298,2.74e-58,201,"TAC102","R1",283,381,298,2,99,297,297,TRUE
"TAC102","SRR7910035.9467161",98.99,99,1,0,19,117,3,299,2.77e-58,201,"TAC102","R1",19,117,3,299,99,297,297,TRUE
"TAC102","SRR7910035.19998291",99,100,1,0,503,602,2,301,2.82e-58,201,"TAC102","R1",503,602,2,301,100,300,300,TRUE
"TAC102","SRR7910035.3878593",99,100,1,0,503,602,2,301,2.82e-58,201,"TAC102","R1",503,602,2,301,100,300,300,TRUE
"TAC102","SRR7910035.2155415",94.898,98,5,0,837,934,3,296,2.87e-58,201,"TAC102","R1",837,934,3,296,98,294,294,TRUE
"TAC102","SRR7910035.18336199",100,99,0,0,438,536,2,298,2.94e-58,201,"TAC102","R1",438,536,298,2,99,297,297,TRUE
"TAC102","SRR7910035.2354682",100,99,0,0,72,170,3,299,2.99e-58,201,"TAC102","R1",72,170,3,299,99,297,297,TRUE
"TAC102","SRR7910035.15174175",100,99,0,0,371,469,3,299,3.02e-58,201,"TAC102","R1",371,469,3,299,99,297,297,TRUE
"TAC102","SRR7910035.1329265",100,99,0,0,371,469,3,299,3.02e-58,201,"TAC102","R1",371,469,299,3,99,297,297,TRUE
"TAC102","SRR7910035.19797190",100,100,0,0,374,473,1,300,3.09e-58,201,"TAC102","R1",374,473,300,1,100,300,300,TRUE
"TAC102","SRR7910035.5677201",98.99,99,1,0,35,133,2,298,3.09e-58,201,"TAC102","R1",35,133,2,298,99,297,297,TRUE
"TAC102","SRR7910035.117033",100,99,0,0,366,464,3,299,3.11e-58,201,"TAC102","R1",366,464,3,299,99,297,297,TRUE
"TAC102","SRR7910035.7691681",97.98,99,2,0,214,312,3,299,3.15e-58,201,"TAC102","R1",214,312,3,299,99,297,297,TRUE
"TAC102","SRR7910035.12189226",98.99,99,1,0,351,449,2,298,3.17e-58,201,"TAC102","R1",351,449,2,298,99,297,297,TRUE
"TAC102","SRR7910035.21458293",98.99,99,1,0,69,167,3,299,3.18e-58,201,"TAC102","R1",69,167,3,299,99,297,297,TRUE
"TAC102","SRR7910035.10588618",96.97,99,3,0,432,530,3,299,3.21e-58,201,"TAC102","R1",432,530,299,3,99,297,297,TRUE
"TAC102","SRR7910035.26906787",96.97,99,3,0,271,369,3,299,3.28e-58,201,"TAC102","R1",271,369,3,299,99,297,297,TRUE
"TAC102","SRR7910035.23280007",100,93,0,0,842,934,21,299,3.28e-58,201,"TAC102","R1",842,934,299,21,93,279,279,TRUE
"TAC102","SRR7910035.13357257",98,100,2,0,37,136,1,300,3.28e-58,201,"TAC102","R1",37,136,1,300,100,300,300,TRUE
"TAC102","SRR7910035.19918583",100,100,0,0,380,479,2,301,3.31e-58,201,"TAC102","R1",380,479,301,2,100,300,300,TRUE
"TAC102","SRR7910035.16316656",100,100,0,0,380,479,2,301,3.31e-58,201,"TAC102","R1",380,479,2,301,100,300,300,TRUE
"TAC102","SRR7910035.15167661",98.99,99,1,0,480,578,3,299,3.34e-58,201,"TAC102","R1",480,578,299,3,99,297,297,TRUE
"TAC102","SRR7910035.24983534",100,97,0,0,82,178,1,291,3.44e-58,201,"TAC102","R1",82,178,1,291,97,291,291,TRUE
"TAC102","SRR7910035.23713049",100,99,0,0,326,424,3,299,3.58e-58,201,"TAC102","R1",326,424,3,299,99,297,297,TRUE
"TAC102","SRR7910035.16183394",100,99,0,0,323,421,2,298,3.58e-58,201,"TAC102","R1",323,421,298,2,99,297,297,TRUE
"TAC102","SRR7910035.9199044",100,99,0,0,323,421,3,299,3.58e-58,201,"TAC102","R1",323,421,299,3,99,297,297,TRUE
"TAC102","SRR7910035.18816346",98,100,2,0,16,115,1,300,3.69e-58,200,"TAC102","R1",16,115,1,300,100,300,300,TRUE
"TAC102","SRR7910035.14448783",98.99,99,1,0,219,317,3,299,3.69e-58,200,"TAC102","R1",219,317,3,299,99,297,297,TRUE
"TAC102","SRR7910035.7451852",98.99,99,1,0,302,400,2,298,3.69e-58,200,"TAC102","R1",302,400,2,298,99,297,297,TRUE
"TAC102","SRR7910035.1356606",98.99,99,1,0,10,108,3,299,3.8e-58,200,"TAC102","R1",10,108,299,3,99,297,297,TRUE
"TAC102","SRR7910035.15526621",99,100,1,0,438,537,1,300,3.88e-58,200,"TAC102","R1",438,537,1,300,100,300,300,TRUE
"TAC102","SRR7910035.14995470",99,100,1,0,509,608,1,300,3.88e-58,200,"TAC102","R1",509,608,300,1,100,300,300,TRUE
"TAC102","SRR7910035.19714720",100,99,0,0,315,413,2,298,3.99e-58,200,"TAC102","R1",315,413,298,2,99,297,297,TRUE
"TAC102","SRR7910035.5632555",100,99,0,0,315,413,3,299,3.99e-58,200,"TAC102","R1",315,413,299,3,99,297,297,TRUE
"TAC102","SRR7910035.26187217",98.99,99,1,0,487,585,3,299,4e-58,200,"TAC102","R1",487,585,3,299,99,297,297,TRUE
"TAC102","SRR7910035.12086984",98,100,2,0,515,614,1,300,4.08e-58,200,"TAC102","R1",515,614,300,1,100,300,300,TRUE
"TAC102","SRR7910035.13368611",100,99,0,0,306,404,2,298,4.15e-58,200,"TAC102","R1",306,404,298,2,99,297,297,TRUE
"TAC102","SRR7910035.10011396",100,99,0,0,306,404,3,299,4.15e-58,200,"TAC102","R1",306,404,299,3,99,297,297,TRUE
"TAC102","SRR7910035.1303549",100,99,0,0,305,403,3,299,4.29e-58,200,"TAC102","R1",305,403,3,299,99,297,297,TRUE
"TAC102","SRR7910035.22335386",98.98,98,1,0,81,178,3,296,4.33e-58,200,"TAC102","R1",81,178,3,296,98,294,294,TRUE
"TAC102","SRR7910035.4579858",96,100,4,0,229,328,2,301,4.33e-58,200,"TAC102","R1",229,328,2,301,100,300,300,TRUE
"TAC102","SRR7910035.8294439",100,95,0,0,808,902,16,300,4.51e-58,200,"TAC102","R1",808,902,16,300,95,285,285,TRUE
"TAC102","SRR7910035.21285092",98.99,99,1,0,4,102,3,299,4.6e-58,200,"TAC102","R1",4,102,3,299,99,297,297,TRUE
"TAC102","SRR7910035.11941483",98.99,99,1,0,4,102,3,299,4.6e-58,200,"TAC102","R1",4,102,299,3,99,297,297,TRUE
"TAC102","SRR7910035.4251307",98.99,99,1,0,4,102,3,299,4.6e-58,200,"TAC102","R1",4,102,3,299,99,297,297,TRUE
"TAC102","SRR7910035.1157885",98.99,99,1,0,4,102,3,299,4.6e-58,200,"TAC102","R1",4,102,3,299,99,297,297,TRUE
"TAC102","SRR7910035.19984464",98.99,99,1,0,346,444,3,299,4.93e-58,200,"TAC102","R1",346,444,3,299,99,297,297,TRUE
"TAC102","SRR7910035.14801095",98,100,2,0,39,138,2,301,4.98e-58,200,"TAC102","R1",39,138,2,301,100,300,300,TRUE
"TAC102","SRR7910035.12363720",99,100,1,0,362,461,2,301,5.13e-58,200,"TAC102","R1",362,461,2,301,100,300,300,TRUE
"TAC102","SRR7910035.23658695",98.99,99,1,0,9,107,2,298,5.18e-58,200,"TAC102","R1",9,107,2,298,99,297,297,TRUE
"TAC102","SRR7910035.2185402",100,99,0,0,372,470,3,299,5.6e-58,200,"TAC102","R1",372,470,299,3,99,297,297,TRUE
"TAC102","SRR7910035.13527606",98.99,99,1,0,473,571,3,299,5.72e-58,200,"TAC102","R1",473,571,3,299,99,297,297,TRUE
"TAC102","SRR7910035.1431183",98.99,99,1,0,528,626,3,299,5.78e-58,200,"TAC102","R1",528,626,299,3,99,297,297,TRUE
"TAC102","SRR7910035.28164770",98.99,99,1,0,515,613,3,299,6.01e-58,200,"TAC102","R1",515,613,3,299,99,297,297,TRUE
"TAC102","SRR7910035.2969742",100,95,0,0,808,902,13,297,6.01e-58,200,"TAC102","R1",808,902,13,297,95,285,285,TRUE
"TAC102","SRR7910035.23122843",100,97,0,0,60,156,2,292,6.02e-58,200,"TAC102","R1",60,156,2,292,97,291,291,TRUE
"TAC102","SRR7910035.8713240",98.99,99,1,0,456,554,3,299,6.02e-58,200,"TAC102","R1",456,554,3,299,99,297,297,TRUE
"TAC102","SRR7910035.4623055",98.99,99,1,0,468,566,3,299,6.02e-58,200,"TAC102","R1",468,566,3,299,99,297,297,TRUE
"TAC102","SRR7910035.15874060",98.99,99,1,0,344,442,3,299,6.08e-58,200,"TAC102","R1",344,442,3,299,99,297,297,TRUE
"TAC102","SRR7910035.13501048",98,100,2,0,40,139,1,300,6.08e-58,200,"TAC102","R1",40,139,1,300,100,300,300,TRUE
"TAC102","SRR7910035.13383605",98.98,98,1,0,1,98,6,299,6.2e-58,200,"TAC102","R1",1,98,6,299,98,294,294,TRUE
"TAC102","SRR7910035.10406425",97.98,99,2,0,218,316,3,299,6.52e-58,200,"TAC102","R1",218,316,299,3,99,297,297,TRUE
"TAC102","SRR7910035.17459105",98.98,98,1,0,1,98,7,300,6.65e-58,200,"TAC102","R1",1,98,7,300,98,294,294,TRUE
"TAC102","SRR7910035.9630780",100,99,0,0,309,407,3,299,6.71e-58,200,"TAC102","R1",309,407,299,3,99,297,297,TRUE
"TAC102","SRR7910035.8017111",100,99,0,0,312,410,3,299,6.78e-58,200,"TAC102","R1",312,410,299,3,99,297,297,TRUE
"TAC102","SRR7910035.7572967",100,99,0,0,312,410,3,299,6.78e-58,200,"TAC102","R1",312,410,299,3,99,297,297,TRUE
"TAC102","SRR7910035.4032029",98,100,2,0,335,434,1,300,6.99e-58,199,"TAC102","R1",335,434,1,300,100,300,300,TRUE
"TAC102","SRR7910035.26271592",98.99,99,1,0,522,620,2,298,7.04e-58,199,"TAC102","R1",522,620,2,298,99,297,297,TRUE
"TAC102","SRR7910035.19629012",98,100,2,0,496,595,1,300,7.06e-58,199,"TAC102","R1",496,595,300,1,100,300,300,TRUE
"TAC102","SRR7910035.25904904",96.97,99,3,0,272,370,3,299,7.13e-58,199,"TAC102","R1",272,370,3,299,99,297,297,TRUE
"TAC102","SRR7910035.16498392",95,100,5,0,252,351,2,301,7.2e-58,199,"TAC102","R1",252,351,2,301,100,300,300,TRUE
"TAC102","SRR7910035.23447627",100,98,0,0,349,446,2,295,7.26e-58,199,"TAC102","R1",349,446,2,295,98,294,294,TRUE
"TAC102","SRR7910035.20992924",97.959,98,2,0,434,531,1,294,7.27e-58,199,"TAC102","R1",434,531,294,1,98,294,294,TRUE
"TAC102","SRR7910035.19695832",98,100,2,0,532,631,1,300,7.42e-58,199,"TAC102","R1",532,631,300,1,100,300,300,TRUE
"TAC102","SRR7910035.20205171",98.99,99,1,0,464,562,3,299,7.57e-58,199,"TAC102","R1",464,562,3,299,99,297,297,TRUE
"TAC102","SRR7910035.22262070",98,100,2,0,391,490,1,300,7.8e-58,199,"TAC102","R1",391,490,300,1,100,300,300,TRUE
"TAC102","SRR7910035.8694530",97,100,3,0,193,292,2,301,7.87e-58,199,"TAC102","R1",193,292,301,2,100,300,300,TRUE
"TAC102","SRR7910035.4055018",98,100,2,0,536,635,2,301,8.03e-58,199,"TAC102","R1",536,635,2,301,100,300,300,TRUE
"TAC102","SRR7910035.9767090",98,100,2,0,8,107,1,300,8.11e-58,199,"TAC102","R1",8,107,300,1,100,300,300,TRUE
"TAC102","SRR7910035.24933736",96.97,99,3,0,35,133,2,298,8.28e-58,199,"TAC102","R1",35,133,298,2,99,297,297,TRUE
"TAC102","SRR7910035.3596139",98,100,2,0,537,636,1,300,8.36e-58,199,"TAC102","R1",537,636,300,1,100,300,300,TRUE
"TAC102","SRR7910035.12410704",98.99,99,1,0,516,614,1,297,8.43e-58,199,"TAC102","R1",516,614,1,297,99,297,297,TRUE
"TAC102","SRR7910035.12555874",98.99,99,1,0,6,104,3,299,8.44e-58,199,"TAC102","R1",6,104,299,3,99,297,297,TRUE
"TAC102","SRR7910035.14891669",98,100,2,0,385,484,1,300,8.7e-58,199,"TAC102","R1",385,484,1,300,100,300,300,TRUE
"TAC102","SRR7910035.5746393",98.99,99,1,0,516,614,3,299,8.7e-58,199,"TAC102","R1",516,614,3,299,99,297,297,TRUE
"TAC102","SRR7910035.16635047",97.98,99,2,0,219,317,3,299,8.96e-58,199,"TAC102","R1",219,317,3,299,99,297,297,TRUE
"TAC102","SRR7910035.22707373",98,100,2,0,538,637,1,300,9.05e-58,199,"TAC102","R1",538,637,300,1,100,300,300,TRUE
"TAC102","SRR7910035.7414787",98.99,99,1,0,334,432,3,299,9.51e-58,199,"TAC102","R1",334,432,299,3,99,297,297,TRUE
"TAC102","SRR7910035.22362195",97.98,99,2,0,60,158,2,298,9.61e-58,199,"TAC102","R1",60,158,2,298,99,297,297,TRUE
"TAC102","SRR7910035.14520049",100,99,0,0,374,472,3,299,9.61e-58,199,"TAC102","R1",374,472,3,299,99,297,297,TRUE
"TAC102","SRR7910035.8338692",100,99,0,0,374,472,2,298,9.61e-58,199,"TAC102","R1",374,472,2,298,99,297,297,TRUE
"TAC102","SRR7910035.6084198",100,99,0,0,382,480,3,299,9.9e-58,199,"TAC102","R1",382,480,3,299,99,297,297,TRUE
"TAC102","SRR7910035.6073199",98.99,99,1,0,519,617,3,299,9.9e-58,199,"TAC102","R1",519,617,3,299,99,297,297,TRUE
"TAC102","SRR7910035.8678823",98.99,99,1,0,65,163,3,299,1e-57,199,"TAC102","R1",65,163,3,299,99,297,297,TRUE
"TAC102","SRR7910035.26713743",97,100,3,0,490,589,1,300,1.01e-57,199,"TAC102","R1",490,589,1,300,100,300,300,TRUE
"TAC102","SRR7910035.21831604",96.97,99,3,0,196,294,3,299,1.01e-57,199,"TAC102","R1",196,294,3,299,99,297,297,TRUE
"TAC102","SRR7910035.8240576",98.99,99,1,0,518,616,3,299,1.01e-57,199,"TAC102","R1",518,616,299,3,99,297,297,TRUE
"TAC102","SRR7910035.2918464",98,100,2,0,25,124,2,301,1.04e-57,199,"TAC102","R1",25,124,2,301,100,300,300,TRUE
"TAC102","SRR7910035.26511626",97.98,99,2,0,66,164,3,299,1.06e-57,199,"TAC102","R1",66,164,3,299,99,297,297,TRUE
"TAC102","SRR7910035.13483003",98.99,99,1,0,13,111,3,299,1.07e-57,199,"TAC102","R1",13,111,299,3,99,297,297,TRUE
"TAC102","SRR7910035.4700773",98.99,99,1,0,499,597,3,299,1.08e-57,199,"TAC102","R1",499,597,299,3,99,297,297,TRUE
"TAC102","SRR7910035.13531334",98.99,99,1,0,497,595,3,299,1.1e-57,199,"TAC102","R1",497,595,3,299,99,297,297,TRUE
"TAC102","SRR7910035.8651673",98.99,99,1,0,497,595,3,299,1.1e-57,199,"TAC102","R1",497,595,3,299,99,297,297,TRUE
"TAC102","SRR7910035.7971912",98.99,99,1,0,497,595,3,299,1.1e-57,199,"TAC102","R1",497,595,3,299,99,297,297,TRUE
"TAC102","SRR7910035.7921789",98.99,99,1,0,497,595,3,299,1.1e-57,199,"TAC102","R1",497,595,3,299,99,297,297,TRUE
"TAC102","SRR7910035.7646180",98,100,2,0,10,109,2,301,1.14e-57,199,"TAC102","R1",10,109,301,2,100,300,300,TRUE
"TAC102","SRR7910035.24414647",97.938,97,2,0,409,505,1,291,1.17e-57,199,"TAC102","R1",409,505,1,291,97,291,291,TRUE
"TAC102","SRR7910035.13897952",98.99,99,1,0,523,621,1,297,1.2e-57,199,"TAC102","R1",523,621,297,1,99,297,297,TRUE
"TAC102","SRR7910035.11480682",98.99,99,1,0,307,405,3,299,1.21e-57,199,"TAC102","R1",307,405,299,3,99,297,297,TRUE
"TAC102","SRR7910035.22031288",98.99,99,1,0,485,583,3,299,1.24e-57,199,"TAC102","R1",485,583,3,299,99,297,297,TRUE
"TAC102","SRR7910035.27953758",100,98,0,0,365,462,2,295,1.26e-57,199,"TAC102","R1",365,462,2,295,98,294,294,TRUE
"TAC102","SRR7910035.21417482",98,100,2,0,395,494,1,300,1.28e-57,199,"TAC102","R1",395,494,300,1,100,300,300,TRUE
"TAC102","SRR7910035.3230482",98.99,99,1,0,508,606,3,299,1.3e-57,199,"TAC102","R1",508,606,3,299,99,297,297,TRUE
"TAC102","SRR7910035.22691580",98.99,99,1,0,453,551,2,298,1.32e-57,199,"TAC102","R1",453,551,2,298,99,297,297,TRUE
"TAC102","SRR7910035.19154213",98.99,99,1,0,451,549,2,298,1.32e-57,199,"TAC102","R1",451,549,2,298,99,297,297,TRUE
"TAC102","SRR7910035.1910326",98.99,99,1,0,450,548,2,298,1.32e-57,199,"TAC102","R1",450,548,2,298,99,297,297,TRUE
"TAC102","SRR7910035.14835299",97.98,99,2,0,361,459,3,299,1.35e-57,199,"TAC102","R1",361,459,299,3,99,297,297,TRUE
"TAC102","SRR7910035.18971798",98.99,99,1,0,509,607,2,298,1.36e-57,199,"TAC102","R1",509,607,2,298,99,297,297,TRUE
"TAC102","SRR7910035.11942463",98.99,99,1,0,505,603,2,298,1.36e-57,199,"TAC102","R1",505,603,2,298,99,297,297,TRUE
"TAC102","SRR7910035.13981633",98.99,99,1,0,511,609,2,298,1.36e-57,199,"TAC102","R1",511,609,298,2,99,297,297,TRUE
"TAC102","SRR7910035.25422534",98.99,99,1,0,510,608,3,299,1.39e-57,199,"TAC102","R1",510,608,3,299,99,297,297,TRUE
"TAC102","SRR7910035.16573209",100,97,0,0,190,286,3,293,1.4e-57,199,"TAC102","R1",190,286,293,3,97,291,291,TRUE
"TAC102","SRR7910035.939698",100,97,0,0,190,286,9,299,1.4e-57,199,"TAC102","R1",190,286,9,299,97,291,291,TRUE
"TAC102","SRR7910035.22529999",98,100,2,0,526,625,1,300,1.42e-57,199,"TAC102","R1",526,625,1,300,100,300,300,TRUE
"TAC102","SRR7910035.1417226",96,100,4,0,30,129,2,301,1.42e-57,199,"TAC102","R1",30,129,2,301,100,300,300,TRUE
"TAC102","SRR7910035.15436236",98.99,99,1,0,500,598,3,299,1.43e-57,199,"TAC102","R1",500,598,3,299,99,297,297,TRUE
"TAC102","SRR7910035.9630155",98.99,99,1,0,510,608,3,299,1.43e-57,199,"TAC102","R1",510,608,3,299,99,297,297,TRUE
"TAC102","SRR7910035.928510",98.99,99,1,0,510,608,3,299,1.43e-57,199,"TAC102","R1",510,608,299,3,99,297,297,TRUE
"TAC102","SRR7910035.18150389",99,100,1,0,372,471,2,301,1.46e-57,199,"TAC102","R1",372,471,301,2,100,300,300,TRUE
"TAC102","SRR7910035.26684637",98,100,2,0,315,414,1,300,1.5e-57,199,"TAC102","R1",315,414,300,1,100,300,300,TRUE
"TAC102","SRR7910035.18149575",97.98,99,2,0,11,109,3,299,1.52e-57,199,"TAC102","R1",11,109,3,299,99,297,297,TRUE
"TAC102","SRR7910035.8267457",98,100,2,0,371,470,1,300,1.52e-57,199,"TAC102","R1",371,470,1,300,100,300,300,TRUE
"TAC102","SRR7910035.4615786",97.98,99,2,0,478,576,3,299,1.55e-57,199,"TAC102","R1",478,576,3,299,99,297,297,TRUE
"TAC102","SRR7910035.13586477",98,100,2,0,520,619,2,301,1.57e-57,199,"TAC102","R1",520,619,301,2,100,300,300,TRUE
"TAC102","SRR7910035.52969",98.99,99,1,0,333,431,3,299,1.6e-57,199,"TAC102","R1",333,431,3,299,99,297,297,TRUE
"TAC102","SRR7910035.26630927",98.99,99,1,0,304,402,3,299,1.82e-57,198,"TAC102","R1",304,402,299,3,99,297,297,TRUE
"TAC102","SRR7910035.23998421",98.99,99,1,0,323,421,3,299,1.89e-57,198,"TAC102","R1",323,421,299,3,99,297,297,TRUE
"TAC102","SRR7910035.9155800",98,100,2,0,527,626,2,301,1.91e-57,198,"TAC102","R1",527,626,2,301,100,300,300,TRUE
"TAC102","SRR7910035.23768244",100,94,0,0,808,901,3,284,2e-57,198,"TAC102","R1",808,901,284,3,94,282,282,TRUE
"TAC102","SRR7910035.11862603",100,94,0,0,808,901,2,283,2e-57,198,"TAC102","R1",808,901,283,2,94,282,282,TRUE
"TAC102","SRR7910035.2914733",95,100,5,0,51,150,1,300,2.01e-57,198,"TAC102","R1",51,150,1,300,100,300,300,TRUE
"TAC102","SRR7910035.28125103",97,100,3,0,449,548,1,300,2.05e-57,198,"TAC102","R1",449,548,1,300,100,300,300,TRUE
"TAC102","SRR7910035.7724616",96,100,4,0,27,126,2,301,2.07e-57,198,"TAC102","R1",27,126,301,2,100,300,300,TRUE
"TAC102","SRR7910035.23966007",100,92,0,0,843,934,9,284,2.22e-57,198,"TAC102","R1",843,934,284,9,92,276,276,TRUE
"TAC102","SRR7910035.5080203",96.97,99,3,0,20,118,3,299,2.28e-57,198,"TAC102","R1",20,118,3,299,99,297,297,TRUE
"TAC102","SRR7910035.19330776",99,100,1,0,375,474,2,301,2.33e-57,198,"TAC102","R1",375,474,301,2,100,300,300,TRUE
"TAC102","SRR7910035.6618826",97.98,99,2,0,193,291,2,298,2.38e-57,198,"TAC102","R1",193,291,2,298,99,297,297,TRUE
"TAC102","SRR7910035.16983683",97,100,3,0,299,398,2,301,2.43e-57,198,"TAC102","R1",299,398,301,2,100,300,300,TRUE
"TAC102","SRR7910035.7844392",99,100,1,0,380,479,1,300,2.47e-57,198,"TAC102","R1",380,479,1,300,100,300,300,TRUE
"TAC102","SRR7910035.14781426",97,100,3,0,318,417,1,300,2.5e-57,198,"TAC102","R1",318,417,1,300,100,300,300,TRUE
"TAC102","SRR7910035.13078578",98,100,2,0,340,439,2,301,2.57e-57,198,"TAC102","R1",340,439,2,301,100,300,300,TRUE
"TAC102","SRR7910035.20957302",98.969,97,1,0,1,97,10,300,2.65e-57,198,"TAC102","R1",1,97,10,300,97,291,291,TRUE
"TAC102","SRR7910035.26058573",95.96,99,4,0,253,351,3,299,2.68e-57,198,"TAC102","R1",253,351,3,299,99,297,297,TRUE
"TAC102","SRR7910035.20642669",98,100,2,0,403,502,2,301,2.79e-57,198,"TAC102","R1",403,502,301,2,100,300,300,TRUE
"TAC102","SRR7910035.4034479",100,98,0,0,371,468,2,295,2.79e-57,198,"TAC102","R1",371,468,295,2,98,294,294,TRUE
"TAC102","SRR7910035.20525641",100,99,0,0,379,477,3,299,2.82e-57,198,"TAC102","R1",379,477,3,299,99,297,297,TRUE
"TAC102","SRR7910035.17472968",97.98,99,2,0,525,623,3,299,2.84e-57,198,"TAC102","R1",525,623,299,3,99,297,297,TRUE
"TAC102","SRR7910035.10575810",97.959,98,2,0,192,289,3,296,2.87e-57,198,"TAC102","R1",192,289,3,296,98,294,294,TRUE
"TAC102","SRR7910035.24843294",99,100,1,0,378,477,2,301,2.87e-57,198,"TAC102","R1",378,477,301,2,100,300,300,TRUE
"TAC102","SRR7910035.5895073",98.99,99,1,0,367,465,3,299,2.96e-57,198,"TAC102","R1",367,465,3,299,99,297,297,TRUE
"TAC102","SRR7910035.21627268",98.98,98,1,0,68,165,3,296,3.05e-57,198,"TAC102","R1",68,165,296,3,98,294,294,TRUE
"TAC102","SRR7910035.15478502",98.99,99,1,0,334,432,3,299,3.05e-57,198,"TAC102","R1",334,432,3,299,99,297,297,TRUE
"TAC102","SRR7910035.12412106",96,100,4,0,56,155,1,300,3.05e-57,198,"TAC102","R1",56,155,300,1,100,300,300,TRUE
"TAC102","SRR7910035.13001310",96.939,98,3,0,52,149,3,296,3.2e-57,198,"TAC102","R1",52,149,296,3,98,294,294,TRUE
"TAC102","SRR7910035.15902300",98.99,99,1,0,338,436,3,299,3.33e-57,198,"TAC102","R1",338,436,299,3,99,297,297,TRUE
"TAC102","SRR7910035.14464840",98,100,2,0,544,643,2,301,3.4e-57,198,"TAC102","R1",544,643,301,2,100,300,300,TRUE
"TAC102","SRR7910035.18740212",97,100,3,0,5,104,1,300,3.76e-57,197,"TAC102","R1",5,104,300,1,100,300,300,TRUE
"TAC102","SRR7910035.16920219",95.96,99,4,0,230,328,1,297,3.87e-57,197,"TAC102","R1",230,328,1,297,99,297,297,TRUE
"TAC102","SRR7910035.15679303",100,99,0,0,380,478,3,299,4.15e-57,197,"TAC102","R1",380,478,299,3,99,297,297,TRUE
"TAC102","SRR7910035.18734778",97.98,99,2,0,537,635,3,299,4.23e-57,197,"TAC102","R1",537,635,3,299,99,297,297,TRUE
"TAC102","SRR7910035.13219685",97.98,99,2,0,445,543,3,299,4.28e-57,197,"TAC102","R1",445,543,299,3,99,297,297,TRUE
"TAC102","SRR7910035.9356451",96,100,4,0,207,306,1,300,4.32e-57,197,"TAC102","R1",207,306,300,1,100,300,300,TRUE
"TAC102","SRR7910035.16476977",98,100,2,0,494,593,1,300,4.49e-57,197,"TAC102","R1",494,593,300,1,100,300,300,TRUE
"TAC102","SRR7910035.3019537",98.913,92,1,0,843,934,3,278,4.68e-57,197,"TAC102","R1",843,934,3,278,92,276,276,TRUE
"TAC102","SRR7910035.24940577",98,100,2,0,12,111,1,300,4.72e-57,197,"TAC102","R1",12,111,300,1,100,300,300,TRUE
"TAC102","SRR7910035.22175278",97.98,99,2,0,536,634,3,299,4.92e-57,197,"TAC102","R1",536,634,299,3,99,297,297,TRUE
"TAC102","SRR7910035.11194671",100,91,0,0,844,934,27,299,5.17e-57,197,"TAC102","R1",844,934,299,27,91,273,273,TRUE
"TAC102","SRR7910035.18011969",98,100,2,0,384,483,2,301,5.22e-57,197,"TAC102","R1",384,483,301,2,100,300,300,TRUE
"TAC102","SRR7910035.17553986",100,95,0,0,84,178,1,285,5.54e-57,197,"TAC102","R1",84,178,1,285,95,285,285,TRUE
"TAC102","SRR7910035.2945437",97.98,99,2,0,361,459,3,299,5.54e-57,197,"TAC102","R1",361,459,299,3,99,297,297,TRUE
"TAC102","SRR7910035.1697594",100,95,0,0,84,178,2,286,5.54e-57,197,"TAC102","R1",84,178,2,286,95,285,285,TRUE
"TAC102","SRR7910035.5072464",100,95,0,0,84,178,3,287,5.76e-57,197,"TAC102","R1",84,178,3,287,95,285,285,TRUE
"TAC102","SRR7910035.21166631",97,100,3,0,219,318,2,301,5.82e-57,197,"TAC102","R1",219,318,2,301,100,300,300,TRUE
"TAC102","SRR7910035.6320254",100,96,0,0,63,158,1,288,5.84e-57,197,"TAC102","R1",63,158,288,1,96,288,288,TRUE
"TAC102","SRR7910035.15153223",96,100,4,0,61,160,2,301,6e-57,197,"TAC102","R1",61,160,2,301,100,300,300,TRUE
"TAC102","SRR7910035.16764690",96,100,4,0,488,587,1,300,6.06e-57,197,"TAC102","R1",488,587,300,1,100,300,300,TRUE
"TAC102","SRR7910035.10317351",98.969,97,1,0,2,98,1,291,6.12e-57,197,"TAC102","R1",2,98,291,1,97,291,291,TRUE
"TAC102","SRR7910035.20945691",97,100,3,0,315,414,1,300,6.18e-57,197,"TAC102","R1",315,414,300,1,100,300,300,TRUE
"TAC102","SRR7910035.16852579",97.98,99,2,0,69,167,2,298,6.35e-57,197,"TAC102","R1",69,167,2,298,99,297,297,TRUE
"TAC102","SRR7910035.14652236",98.99,99,1,0,376,474,3,299,6.49e-57,197,"TAC102","R1",376,474,299,3,99,297,297,TRUE
"TAC102","SRR7910035.27944193",97.959,98,2,0,2,99,1,294,6.62e-57,197,"TAC102","R1",2,99,294,1,98,294,294,TRUE
"TAC102","SRR7910035.24985207",98,100,2,0,374,473,2,301,6.62e-57,197,"TAC102","R1",374,473,301,2,100,300,300,TRUE
"TAC102","SRR7910035.10598576",97.98,99,2,0,339,437,3,299,6.69e-57,197,"TAC102","R1",339,437,299,3,99,297,297,TRUE
"TAC102","SRR7910035.23821217",97.98,99,2,0,364,462,3,299,6.76e-57,197,"TAC102","R1",364,462,299,3,99,297,297,TRUE
"TAC102","SRR7910035.25940405",96,100,4,0,358,457,1,300,7.24e-57,197,"TAC102","R1",358,457,300,1,100,300,300,TRUE
"TAC102","SRR7910035.22638926",98.969,97,1,0,474,570,2,292,7.28e-57,197,"TAC102","R1",474,570,2,292,97,291,291,TRUE
"TAC102","SRR7910035.28209739",97.98,99,2,0,355,453,1,297,7.32e-57,197,"TAC102","R1",355,453,297,1,99,297,297,TRUE
"TAC102","SRR7910035.24107071",96,100,4,0,65,164,2,301,7.69e-57,197,"TAC102","R1",65,164,301,2,100,300,300,TRUE
"TAC102","SRR7910035.19167711",97,100,3,0,474,573,2,301,8e-57,197,"TAC102","R1",474,573,301,2,100,300,300,TRUE
"TAC102","SRR7910035.569755",95,100,5,0,23,122,1,300,8.41e-57,197,"TAC102","R1",23,122,300,1,100,300,300,TRUE
"TAC102","SRR7910035.8711134",97,100,3,0,470,569,2,301,9.2e-57,196,"TAC102","R1",470,569,2,301,100,300,300,TRUE
"TAC102","SRR7910035.14776138",100,96,0,0,190,285,12,299,9.29e-57,196,"TAC102","R1",190,285,12,299,96,288,288,TRUE
"TAC102","SRR7910035.19021160",97.959,98,2,0,32,129,3,296,9.48e-57,196,"TAC102","R1",32,129,3,296,98,294,294,TRUE
"TAC102","SRR7910035.27472286",95.96,99,4,0,242,340,2,298,9.57e-57,196,"TAC102","R1",242,340,2,298,99,297,297,TRUE
"TAC102","SRR7910035.21625335",97.98,99,2,0,513,611,2,298,9.96e-57,196,"TAC102","R1",513,611,2,298,99,297,297,TRUE
"TAC102","SRR7910035.3040218",96.97,99,3,0,1,99,4,300,1.06e-56,196,"TAC102","R1",1,99,4,300,99,297,297,TRUE
"TAC102","SRR7910035.8512415",97.98,99,2,0,362,460,2,298,1.08e-56,196,"TAC102","R1",362,460,298,2,99,297,297,TRUE
"TAC102","SRR7910035.15245825",97.959,98,2,0,303,400,1,294,1.14e-56,196,"TAC102","R1",303,400,1,294,98,294,294,TRUE
"TAC102","SRR7910035.4276699",97,100,3,0,505,604,1,300,1.14e-56,196,"TAC102","R1",505,604,300,1,100,300,300,TRUE
"TAC102","SRR7910035.13034214",98,100,2,0,385,484,1,300,1.17e-56,196,"TAC102","R1",385,484,1,300,100,300,300,TRUE
"TAC102","SRR7910035.19148576",97,100,3,0,509,608,2,301,1.2e-56,196,"TAC102","R1",509,608,301,2,100,300,300,TRUE
"TAC102","SRR7910035.22272521",96,100,4,0,357,456,1,300,1.23e-56,196,"TAC102","R1",357,456,300,1,100,300,300,TRUE
"TAC102","SRR7910035.6006390",97,100,3,0,515,614,1,300,1.26e-56,196,"TAC102","R1",515,614,1,300,100,300,300,TRUE
"TAC102","SRR7910035.11664190",97.98,99,2,0,453,551,3,299,1.33e-56,196,"TAC102","R1",453,551,3,299,99,297,297,TRUE
"TAC102","SRR7910035.26291056",97.98,99,2,0,497,595,3,299,1.34e-56,196,"TAC102","R1",497,595,299,3,99,297,297,TRUE
"TAC102","SRR7910035.15240580",95,100,5,0,251,350,2,301,1.34e-56,196,"TAC102","R1",251,350,301,2,100,300,300,TRUE
"TAC102","SRR7910035.18958105",96.97,99,3,0,68,166,3,299,1.38e-56,196,"TAC102","R1",68,166,3,299,99,297,297,TRUE
"TAC102","SRR7910035.3994825",97.98,99,2,0,519,617,3,299,1.41e-56,196,"TAC102","R1",519,617,3,299,99,297,297,TRUE
"TAC102","SRR7910035.1431577",95.96,99,4,0,19,117,3,299,1.5e-56,196,"TAC102","R1",19,117,3,299,99,297,297,TRUE
"TAC102","SRR7910035.751348",94,100,6,0,265,364,1,300,1.54e-56,196,"TAC102","R1",265,364,1,300,100,300,300,TRUE
"TAC102","SRR7910035.20818110",98.901,91,1,0,844,934,27,299,1.56e-56,196,"TAC102","R1",844,934,299,27,91,273,273,TRUE
"TAC102","SRR7910035.13993021",97.98,99,2,0,5,103,3,299,1.59e-56,196,"TAC102","R1",5,103,3,299,99,297,297,TRUE
"TAC102","SRR7910035.6756469",96.97,99,3,0,67,165,3,299,1.67e-56,196,"TAC102","R1",67,165,3,299,99,297,297,TRUE
"TAC102","SRR7910035.22951161",98.99,99,1,0,309,407,3,299,1.7e-56,196,"TAC102","R1",309,407,299,3,99,297,297,TRUE
"TAC102","SRR7910035.10643584",97,100,3,0,62,161,1,300,1.72e-56,196,"TAC102","R1",62,161,300,1,100,300,300,TRUE
"TAC102","SRR7910035.67702",97,100,3,0,360,459,1,300,1.72e-56,196,"TAC102","R1",360,459,300,1,100,300,300,TRUE
"TAC102","SRR7910035.10700317",96.939,98,3,0,45,142,3,296,1.81e-56,196,"TAC102","R1",45,142,3,296,98,294,294,TRUE
"TAC102","SRR7910035.25924187",97,100,3,0,534,633,1,300,1.84e-56,196,"TAC102","R1",534,633,1,300,100,300,300,TRUE
"TAC102","SRR7910035.782584",94.898,98,5,0,813,910,3,296,1.84e-56,196,"TAC102","R1",813,910,3,296,98,294,294,TRUE
"TAC102","SRR7910035.21473415",97,100,3,0,529,628,2,301,1.92e-56,196,"TAC102","R1",529,628,301,2,100,300,300,TRUE
"TAC102","SRR7910035.3228559",100,94,0,0,85,178,18,299,1.92e-56,196,"TAC102","R1",85,178,299,18,94,282,282,TRUE
"TAC102","SRR7910035.20369022",95.96,99,4,0,243,341,3,299,1.94e-56,196,"TAC102","R1",243,341,3,299,99,297,297,TRUE
"TAC102","SRR7910035.12199159",95.833,96,4,0,839,934,14,301,1.94e-56,196,"TAC102","R1",839,934,301,14,96,288,288,TRUE
"TAC102","SRR7910035.14807881",96.939,98,3,0,35,132,5,298,2.07e-56,196,"TAC102","R1",35,132,5,298,98,294,294,TRUE
"TAC102","SRR7910035.16850077",97.98,99,2,0,441,539,3,299,2.14e-56,196,"TAC102","R1",441,539,299,3,99,297,297,TRUE
"TAC102","SRR7910035.27443358",97,100,3,0,340,439,1,300,2.23e-56,196,"TAC102","R1",340,439,300,1,100,300,300,TRUE
"TAC102","SRR7910035.14945856",97,100,3,0,12,111,2,301,2.25e-56,196,"TAC102","R1",12,111,301,2,100,300,300,TRUE
"TAC102","SRR7910035.20610105",97,100,3,0,511,610,1,300,2.34e-56,195,"TAC102","R1",511,610,300,1,100,300,300,TRUE
"TAC102","SRR7910035.2912825",95.96,99,4,0,320,418,3,299,2.44e-56,195,"TAC102","R1",320,418,3,299,99,297,297,TRUE
"TAC102","SRR7910035.17795637",97.98,99,2,0,509,607,3,299,2.51e-56,195,"TAC102","R1",509,607,3,299,99,297,297,TRUE
"TAC102","SRR7910035.21019197",100,92,0,0,808,899,2,277,2.53e-56,195,"TAC102","R1",808,899,277,2,92,276,276,TRUE
"TAC102","SRR7910035.13038786",97,100,3,0,481,580,1,300,2.72e-56,195,"TAC102","R1",481,580,1,300,100,300,300,TRUE
"TAC102","SRR7910035.2942472",95,100,5,0,43,142,2,301,2.74e-56,195,"TAC102","R1",43,142,2,301,100,300,300,TRUE
"TAC102","SRR7910035.23996653",100,92,0,0,808,899,24,299,2.8e-56,195,"TAC102","R1",808,899,24,299,92,276,276,TRUE
"TAC102","SRR7910035.25378359",100,92,0,0,808,899,23,298,2.86e-56,195,"TAC102","R1",808,899,23,298,92,276,276,TRUE
"TAC102","SRR7910035.7165677",94.792,96,5,0,836,931,2,289,3.04e-56,195,"TAC102","R1",836,931,289,2,96,288,288,TRUE
"TAC102","SRR7910035.26195847",96.97,99,3,0,391,489,3,299,3.09e-56,195,"TAC102","R1",391,489,299,3,99,297,297,TRUE
"TAC102","SRR7910035.6881503",97.98,99,2,0,547,645,3,299,3.18e-56,195,"TAC102","R1",547,645,299,3,99,297,297,TRUE
"TAC102","SRR7910035.15127064",96.97,99,3,0,447,545,2,298,3.35e-56,195,"TAC102","R1",447,545,2,298,99,297,297,TRUE
"TAC102","SRR7910035.13039860",98,100,2,0,374,473,1,300,3.48e-56,195,"TAC102","R1",374,473,300,1,100,300,300,TRUE
"TAC102","SRR7910035.8825402",95,100,5,0,60,159,1,300,3.48e-56,195,"TAC102","R1",60,159,300,1,100,300,300,TRUE
"TAC102","SRR7910035.26992961",97.849,93,2,0,842,934,2,280,3.81e-56,195,"TAC102","R1",842,934,2,280,93,279,279,TRUE
"TAC102","SRR7910035.19069203",97.98,99,2,0,368,466,3,299,3.81e-56,195,"TAC102","R1",368,466,299,3,99,297,297,TRUE
"TAC102","SRR7910035.15153846",96.97,99,3,0,536,634,3,299,3.88e-56,195,"TAC102","R1",536,634,3,299,99,297,297,TRUE
"TAC102","SRR7910035.15841290",96.97,99,3,0,342,440,3,299,4.38e-56,194,"TAC102","R1",342,440,299,3,99,297,297,TRUE
"TAC102","SRR7910035.21438965",97,100,3,0,372,471,2,301,4.42e-56,194,"TAC102","R1",372,471,301,2,100,300,300,TRUE
"TAC102","SRR7910035.26862777",100,96,0,0,351,446,2,289,4.48e-56,194,"TAC102","R1",351,446,2,289,96,288,288,TRUE
"TAC102","SRR7910035.8781412",97,100,3,0,311,410,2,301,4.69e-56,194,"TAC102","R1",311,410,301,2,100,300,300,TRUE
"TAC102","SRR7910035.28021955",96.97,99,3,0,460,558,2,298,4.79e-56,194,"TAC102","R1",460,558,298,2,99,297,297,TRUE
"TAC102","SRR7910035.17720625",98.958,96,1,0,190,285,1,288,4.98e-56,194,"TAC102","R1",190,285,288,1,96,288,288,TRUE
"TAC102","SRR7910035.24179804",96.97,99,3,0,63,161,2,298,5.02e-56,194,"TAC102","R1",63,161,298,2,99,297,297,TRUE
"TAC102","SRR7910035.23897460",94,100,6,0,253,352,2,301,5.03e-56,194,"TAC102","R1",253,352,301,2,100,300,300,TRUE
"TAC102","SRR7910035.17953239",94.949,99,5,0,247,345,3,299,5.03e-56,194,"TAC102","R1",247,345,299,3,99,297,297,TRUE
"TAC102","SRR7910035.27750273",96,100,4,0,475,574,1,300,6.51e-56,194,"TAC102","R1",475,574,300,1,100,300,300,TRUE
"TAC102","SRR7910035.19483581",95.833,96,4,0,808,903,13,300,6.71e-56,194,"TAC102","R1",808,903,13,300,96,288,288,TRUE
"TAC102","SRR7910035.26370802",96.97,99,3,0,485,583,3,299,6.98e-56,194,"TAC102","R1",485,583,299,3,99,297,297,TRUE
"TAC102","SRR7910035.13435211",96.97,99,3,0,482,580,2,298,7.05e-56,194,"TAC102","R1",482,580,298,2,99,297,297,TRUE
"TAC102","SRR7910035.24223040",95.96,99,4,0,359,457,2,298,7.41e-56,194,"TAC102","R1",359,457,2,298,99,297,297,TRUE
"TAC102","SRR7910035.4279457",97.98,99,2,0,374,472,2,298,7.41e-56,194,"TAC102","R1",374,472,2,298,99,297,297,TRUE
"TAC102","SRR7910035.10456372",96,100,4,0,472,571,2,301,7.55e-56,194,"TAC102","R1",472,571,2,301,100,300,300,TRUE
"TAC102","SRR7910035.15734616",98.947,95,1,0,198,292,1,285,7.57e-56,194,"TAC102","R1",198,292,1,285,95,285,285,TRUE
"TAC102","SRR7910035.22698661",96,100,4,0,67,166,2,301,7.71e-56,194,"TAC102","R1",67,166,2,301,100,300,300,TRUE
"TAC102","SRR7910035.13926191",100,93,0,0,86,178,2,280,7.71e-56,194,"TAC102","R1",86,178,2,280,93,279,279,TRUE
"TAC102","SRR7910035.17075209",96,100,4,0,30,129,1,300,7.86e-56,194,"TAC102","R1",30,129,300,1,100,300,300,TRUE
"TAC102","SRR7910035.24312796",95.96,99,4,0,458,556,2,298,7.94e-56,194,"TAC102","R1",458,556,298,2,99,297,297,TRUE
"TAC102","SRR7910035.25011629",96.97,99,3,0,535,633,3,299,8.59e-56,194,"TAC102","R1",535,633,299,3,99,297,297,TRUE
"TAC102","SRR7910035.6050505",98.969,97,1,0,552,648,10,300,8.59e-56,194,"TAC102","R1",552,648,300,10,97,291,291,TRUE
"TAC102","SRR7910035.12254835",93,100,7,0,224,323,2,301,8.68e-56,194,"TAC102","R1",224,323,2,301,100,300,300,TRUE
"TAC102","SRR7910035.10582779",95,100,5,0,518,617,2,301,8.77e-56,194,"TAC102","R1",518,617,301,2,100,300,300,TRUE
"TAC102","SRR7910035.18124976",95,100,5,0,272,371,2,301,8.85e-56,194,"TAC102","R1",272,371,2,301,100,300,300,TRUE
"TAC102","SRR7910035.15872796",95,100,5,0,469,568,1,300,8.85e-56,194,"TAC102","R1",469,568,1,300,100,300,300,TRUE
"TAC102","SRR7910035.26799544",96,100,4,0,304,403,1,300,9.03e-56,194,"TAC102","R1",304,403,300,1,100,300,300,TRUE
"TAC102","SRR7910035.24214041",92.929,99,7,0,406,504,2,298,9.21e-56,194,"TAC102","R1",406,504,298,2,99,297,297,TRUE
"TAC102","SRR7910035.8862271",96,100,4,0,28,127,1,300,9.21e-56,194,"TAC102","R1",28,127,1,300,100,300,300,TRUE
"TAC102","SRR7910035.19577768",97.98,99,2,0,379,477,3,299,9.59e-56,194,"TAC102","R1",379,477,299,3,99,297,297,TRUE
"TAC102","SRR7910035.24393179",98.969,97,1,0,552,648,8,298,1.09e-55,194,"TAC102","R1",552,648,298,8,97,291,291,TRUE
"TAC102","SRR7910035.26590405",94.898,98,5,0,412,509,3,296,1.11e-55,194,"TAC102","R1",412,509,296,3,98,294,294,TRUE
"TAC102","SRR7910035.28293019",95.96,99,4,0,35,133,1,297,1.13e-55,193,"TAC102","R1",35,133,1,297,99,297,297,TRUE
"TAC102","SRR7910035.23620860",94.949,99,5,0,209,307,1,297,1.14e-55,193,"TAC102","R1",209,307,1,297,99,297,297,TRUE
"TAC102","SRR7910035.13635830",100,91,0,0,808,898,28,300,1.15e-55,193,"TAC102","R1",808,898,28,300,91,273,273,TRUE
"TAC102","SRR7910035.24588960",95,100,5,0,523,622,1,300,1.22e-55,193,"TAC102","R1",523,622,1,300,100,300,300,TRUE
"TAC102","SRR7910035.15130819",95,100,5,0,18,117,1,300,1.25e-55,193,"TAC102","R1",18,117,1,300,100,300,300,TRUE
"TAC102","SRR7910035.26691707",100,91,0,0,808,898,27,299,1.29e-55,193,"TAC102","R1",808,898,27,299,91,273,273,TRUE
"TAC102","SRR7910035.1994347",96.97,99,3,0,512,610,2,298,1.31e-55,193,"TAC102","R1",512,610,298,2,99,297,297,TRUE
"TAC102","SRR7910035.23068931",94.949,99,5,0,52,150,2,298,1.37e-55,193,"TAC102","R1",52,150,2,298,99,297,297,TRUE
"TAC102","SRR7910035.2579666",96.97,99,3,0,508,606,3,299,1.43e-55,193,"TAC102","R1",508,606,299,3,99,297,297,TRUE
"TAC102","SRR7910035.17011107",96.97,99,3,0,66,164,3,299,1.48e-55,193,"TAC102","R1",66,164,299,3,99,297,297,TRUE
"TAC102","SRR7910035.9098825",95.96,99,4,0,535,633,3,299,1.5e-55,193,"TAC102","R1",535,633,299,3,99,297,297,TRUE
"TAC102","SRR7910035.2752136",95,100,5,0,294,393,1,300,1.54e-55,193,"TAC102","R1",294,393,300,1,100,300,300,TRUE
"TAC102","SRR7910035.7807081",96,100,4,0,542,641,1,300,1.56e-55,193,"TAC102","R1",542,641,300,1,100,300,300,TRUE
"TAC102","SRR7910035.22000700",95,100,5,0,531,630,1,300,1.61e-55,193,"TAC102","R1",531,630,300,1,100,300,300,TRUE
"TAC102","SRR7910035.3777353",97,100,3,0,546,645,2,301,1.69e-55,193,"TAC102","R1",546,645,301,2,100,300,300,TRUE
"TAC102","SRR7910035.3665075",95.96,99,4,0,520,618,3,299,1.72e-55,193,"TAC102","R1",520,618,299,3,99,297,297,TRUE
"TAC102","SRR7910035.10599474",96.97,99,3,0,367,465,3,299,1.77e-55,193,"TAC102","R1",367,465,299,3,99,297,297,TRUE
"TAC102","SRR7910035.4528579",94.949,99,5,0,506,604,2,298,1.96e-55,193,"TAC102","R1",506,604,298,2,99,297,297,TRUE
"TAC102","SRR7910035.13261658",98.947,95,1,0,190,284,16,300,1.98e-55,193,"TAC102","R1",190,284,16,300,95,285,285,TRUE
"TAC102","SRR7910035.22012828",95.96,99,4,0,27,125,2,298,2.05e-55,193,"TAC102","R1",27,125,298,2,99,297,297,TRUE
"TAC102","SRR7910035.1828928",100,89,0,0,846,934,34,300,2.1e-55,193,"TAC102","R1",846,934,300,34,89,267,267,TRUE
"TAC102","SRR7910035.15906574",94,100,6,0,219,318,2,301,2.25e-55,192,"TAC102","R1",219,318,2,301,100,300,300,TRUE
"TAC102","SRR7910035.22853680",96,100,4,0,484,583,1,300,2.29e-55,192,"TAC102","R1",484,583,1,300,100,300,300,TRUE
"TAC102","SRR7910035.4801669",96.939,98,3,0,1,98,7,300,2.29e-55,192,"TAC102","R1",1,98,7,300,98,294,294,TRUE
"TAC102","SRR7910035.514413",96.939,98,3,0,483,580,3,296,2.36e-55,192,"TAC102","R1",483,580,296,3,98,294,294,TRUE
"TAC102","SRR7910035.11073434",97.917,96,2,0,1,96,12,299,2.55e-55,192,"TAC102","R1",1,96,12,299,96,288,288,TRUE
"TAC102","SRR7910035.8851193",100,89,0,0,846,934,33,299,2.56e-55,192,"TAC102","R1",846,934,299,33,89,267,267,TRUE
"TAC102","SRR7910035.17350606",95.96,99,4,0,61,159,3,299,2.66e-55,192,"TAC102","R1",61,159,299,3,99,297,297,TRUE
"TAC102","SRR7910035.20432830",98.913,92,1,0,808,899,3,278,2.74e-55,192,"TAC102","R1",808,899,278,3,92,276,276,TRUE
"TAC102","SRR7910035.7302845",94.949,99,5,0,480,578,3,299,2.74e-55,192,"TAC102","R1",480,578,3,299,99,297,297,TRUE
"TAC102","SRR7910035.22417139",95.96,99,4,0,54,152,1,297,2.77e-55,192,"TAC102","R1",54,152,1,297,99,297,297,TRUE
"TAC102","SRR7910035.1436226",94.949,99,5,0,201,299,2,298,3.31e-55,192,"TAC102","R1",201,299,2,298,99,297,297,TRUE
"TAC102","SRR7910035.20322236",95.96,99,4,0,396,494,2,298,3.41e-55,192,"TAC102","R1",396,494,2,298,99,297,297,TRUE
"TAC102","SRR7910035.23734772",97.802,91,2,0,844,934,3,275,3.48e-55,192,"TAC102","R1",844,934,3,275,91,273,273,TRUE
"TAC102","SRR7910035.12763486",95,100,5,0,201,300,1,300,3.62e-55,192,"TAC102","R1",201,300,1,300,100,300,300,TRUE
"TAC102","SRR7910035.27506760",100,92,0,0,87,178,1,276,3.84e-55,192,"TAC102","R1",87,178,1,276,92,276,276,TRUE
"TAC102","SRR7910035.25717934",96.97,99,3,0,507,605,3,299,3.84e-55,192,"TAC102","R1",507,605,299,3,99,297,297,TRUE
"TAC102","SRR7910035.19919840",98.901,91,1,0,808,898,23,295,4.33e-55,192,"TAC102","R1",808,898,23,295,91,273,273,TRUE
"TAC102","SRR7910035.6400611",100,94,0,0,452,545,2,283,4.92e-55,192,"TAC102","R1",452,545,2,283,94,282,282,TRUE
"TAC102","SRR7910035.14955759",96.939,98,3,0,549,646,3,296,5.33e-55,192,"TAC102","R1",549,646,296,3,98,294,294,TRUE
"TAC102","SRR7910035.4178940",94,100,6,0,28,127,1,300,5.38e-55,192,"TAC102","R1",28,127,1,300,100,300,300,TRUE
"TAC102","SRR7910035.23782670",95.96,99,4,0,528,626,3,299,5.71e-55,191,"TAC102","R1",528,626,299,3,99,297,297,TRUE
"TAC102","SRR7910035.9756371",95.96,99,4,0,505,603,2,298,5.82e-55,191,"TAC102","R1",505,603,2,298,99,297,297,TRUE
"TAC102","SRR7910035.3803717",95.876,97,4,0,195,291,2,292,6.12e-55,191,"TAC102","R1",195,291,2,292,97,291,291,TRUE
"TAC102","SRR7910035.11738622",96,100,4,0,306,405,1,300,6.43e-55,191,"TAC102","R1",306,405,300,1,100,300,300,TRUE
"TAC102","SRR7910035.6572817",100,90,0,0,808,897,3,272,7.03e-55,191,"TAC102","R1",808,897,272,3,90,270,270,TRUE
"TAC102","SRR7910035.9067244",100,93,0,0,190,282,18,296,7.24e-55,191,"TAC102","R1",190,282,18,296,93,279,279,TRUE
"TAC102","SRR7910035.1833973",93.939,99,6,0,490,588,3,299,7.24e-55,191,"TAC102","R1",490,588,299,3,99,297,297,TRUE
"TAC102","SRR7910035.15299869",94.949,99,5,0,67,165,2,298,7.76e-55,191,"TAC102","R1",67,165,2,298,99,297,297,TRUE
"TAC102","SRR7910035.22728505",94,100,6,0,487,586,1,300,9.19e-55,191,"TAC102","R1",487,586,1,300,100,300,300,TRUE
"TAC102","SRR7910035.20077737",94.898,98,5,0,47,144,1,294,9.26e-55,191,"TAC102","R1",47,144,294,1,98,294,294,TRUE
"TAC102","SRR7910035.18235913",100,90,0,0,809,898,1,270,9.56e-55,191,"TAC102","R1",809,898,270,1,90,270,270,TRUE
"TAC102","SRR7910035.2162400",95,100,5,0,72,171,2,301,1.05e-54,191,"TAC102","R1",72,171,301,2,100,300,300,TRUE
"TAC102","SRR7910035.6838658",92,100,8,0,808,907,2,301,1.09e-54,191,"TAC102","R1",808,907,2,301,100,300,300,TRUE
"TAC102","SRR7910035.1614492",96,100,4,0,311,410,2,301,1.09e-54,191,"TAC102","R1",311,410,2,301,100,300,300,TRUE
"TAC102","SRR7910035.18061279",93.939,99,6,0,470,568,3,299,1.1e-54,191,"TAC102","R1",470,568,3,299,99,297,297,TRUE
"TAC102","SRR7910035.5364663",95.918,98,4,0,195,292,1,294,1.39e-54,190,"TAC102","R1",195,292,1,294,98,294,294,TRUE
"TAC102","SRR7910035.742309",95.96,99,4,0,330,428,3,299,1.43e-54,190,"TAC102","R1",330,428,299,3,99,297,297,TRUE
"TAC102","SRR7910035.18609792",96.939,98,3,0,364,461,3,296,1.58e-54,190,"TAC102","R1",364,461,296,3,98,294,294,TRUE
"TAC102","SRR7910035.9794779",95.96,99,4,0,504,602,2,298,1.6e-54,190,"TAC102","R1",504,602,298,2,99,297,297,TRUE
"TAC102","SRR7910035.16902188",100,88,0,0,847,934,36,299,1.65e-54,190,"TAC102","R1",847,934,299,36,88,264,264,TRUE
"TAC102","SRR7910035.778950",94.898,98,5,0,226,323,3,296,1.68e-54,190,"TAC102","R1",226,323,3,296,98,294,294,TRUE
"TAC102","SRR7910035.18779233",95,100,5,0,482,581,1,300,2.26e-54,190,"TAC102","R1",482,581,300,1,100,300,300,TRUE
"TAC102","SRR7910035.27741231",93.878,98,6,0,193,290,3,296,2.31e-54,190,"TAC102","R1",193,290,3,296,98,294,294,TRUE
"TAC102","SRR7910035.6794817",93,100,7,0,200,299,1,300,2.52e-54,190,"TAC102","R1",200,299,300,1,100,300,300,TRUE
"TAC102","SRR7910035.375198",96.875,96,3,0,1,96,14,301,2.55e-54,190,"TAC102","R1",1,96,14,301,96,288,288,TRUE
"TAC102","SRR7910035.8933557",92.929,99,7,0,44,142,1,297,2.6e-54,190,"TAC102","R1",44,142,297,1,99,297,297,TRUE
"TAC102","SRR7910035.13184528",95,100,5,0,394,493,2,301,2.7e-54,189,"TAC102","R1",394,493,2,301,100,300,300,TRUE
"TAC102","SRR7910035.18367340",93,100,7,0,472,571,1,300,2.76e-54,189,"TAC102","R1",472,571,300,1,100,300,300,TRUE
"TAC102","SRR7910035.26780724",96.907,97,3,0,552,648,10,300,2.78e-54,189,"TAC102","R1",552,648,300,10,97,291,291,TRUE
"TAC102","SRR7910035.5727397",93,100,7,0,455,554,2,301,2.78e-54,189,"TAC102","R1",455,554,301,2,100,300,300,TRUE
"TAC102","SRR7910035.17032515",95.96,99,4,0,543,641,3,299,3.26e-54,189,"TAC102","R1",543,641,3,299,99,297,297,TRUE
"TAC102","SRR7910035.3473634",92.929,99,7,0,263,361,3,299,3.33e-54,189,"TAC102","R1",263,361,299,3,99,297,297,TRUE
"TAC102","SRR7910035.17592248",98.901,91,1,0,808,898,3,275,3.5e-54,189,"TAC102","R1",808,898,275,3,91,273,273,TRUE
"TAC102","SRR7910035.11735711",94,100,6,0,2,101,1,300,3.6e-54,189,"TAC102","R1",2,101,300,1,100,300,300,TRUE
"TAC102","SRR7910035.1033845",94.949,99,5,0,462,560,2,298,3.67e-54,189,"TAC102","R1",462,560,298,2,99,297,297,TRUE
"TAC102","SRR7910035.22218601",98.925,93,1,0,1,93,22,300,3.78e-54,189,"TAC102","R1",1,93,22,300,93,279,279,TRUE
"TAC102","SRR7910035.17768303",96.703,91,3,0,844,934,3,275,3.78e-54,189,"TAC102","R1",844,934,3,275,91,273,273,TRUE
"TAC102","SRR7910035.13508133",98.925,93,1,0,1,93,1,279,3.78e-54,189,"TAC102","R1",1,93,279,1,93,279,279,TRUE
"TAC102","SRR7910035.1764153",98.925,93,1,0,1,93,22,300,3.78e-54,189,"TAC102","R1",1,93,22,300,93,279,279,TRUE
"TAC102","SRR7910035.18763387",100,92,0,0,190,281,3,278,3.94e-54,189,"TAC102","R1",190,281,278,3,92,276,276,TRUE
"TAC102","SRR7910035.22428683",93.939,99,6,0,465,563,2,298,4.3e-54,189,"TAC102","R1",465,563,2,298,99,297,297,TRUE
"TAC102","SRR7910035.25086607",93,100,7,0,49,148,1,300,4.35e-54,189,"TAC102","R1",49,148,1,300,100,300,300,TRUE
"TAC102","SRR7910035.7542218",96.842,95,3,0,1,95,1,285,4.48e-54,189,"TAC102","R1",1,95,285,1,95,285,285,TRUE
"TAC102","SRR7910035.20017072",100,90,0,0,89,178,32,301,6.33e-54,189,"TAC102","R1",89,178,301,32,90,270,270,TRUE
"TAC102","SRR7910035.15309942",94.949,99,5,0,381,479,3,299,6.46e-54,189,"TAC102","R1",381,479,3,299,99,297,297,TRUE
"TAC102","SRR7910035.22938652",94.898,98,5,0,28,125,2,295,6.78e-54,189,"TAC102","R1",28,125,2,295,98,294,294,TRUE
"TAC102","SRR7910035.7623585",97.872,94,2,0,1,94,3,284,6.92e-54,189,"TAC102","R1",1,94,284,3,94,282,282,TRUE
"TAC102","SRR7910035.691446",94.949,99,5,0,450,548,3,299,6.92e-54,189,"TAC102","R1",450,548,3,299,99,297,297,TRUE
"TAC102","SRR7910035.8752904",98.936,94,1,0,555,648,1,282,7.18e-54,188,"TAC102","R1",555,648,1,282,94,282,282,TRUE
"TAC102","SRR7910035.7803578",95.96,99,4,0,65,163,1,297,7.87e-54,188,"TAC102","R1",65,163,1,297,99,297,297,TRUE
"TAC102","SRR7910035.8417013",94,100,6,0,533,632,2,301,8.35e-54,188,"TAC102","R1",533,632,301,2,100,300,300,TRUE
"TAC102","SRR7910035.25408472",95,100,5,0,541,640,1,300,8.52e-54,188,"TAC102","R1",541,640,300,1,100,300,300,TRUE
"TAC102","SRR7910035.5555500",93,100,7,0,30,129,2,301,9.22e-54,188,"TAC102","R1",30,129,301,2,100,300,300,TRUE
"TAC102","SRR7910035.22025098",93.939,99,6,0,435,533,1,297,9.4e-54,188,"TAC102","R1",435,533,1,297,99,297,297,TRUE
"TAC102","SRR7910035.2288788",96.875,96,3,0,496,591,2,289,9.4e-54,188,"TAC102","R1",496,591,2,289,96,288,288,TRUE
"TAC102","SRR7910035.23222017",92,100,8,0,54,153,2,301,1.02e-53,188,"TAC102","R1",54,153,301,2,100,300,300,TRUE
"TAC102","SRR7910035.23117869",94.949,99,5,0,69,167,2,298,1.05e-53,188,"TAC102","R1",69,167,298,2,99,297,297,TRUE
"TAC102","SRR7910035.19228218",93,100,7,0,8,107,2,301,1.08e-53,188,"TAC102","R1",8,107,301,2,100,300,300,TRUE
"TAC102","SRR7910035.27290543",92.708,96,7,0,839,934,1,288,1.26e-53,188,"TAC102","R1",839,934,1,288,96,288,288,TRUE
"TAC102","SRR7910035.20594849",94.898,98,5,0,482,579,3,296,1.34e-53,187,"TAC102","R1",482,579,296,3,98,294,294,TRUE
"TAC102","SRR7910035.7706798",93.939,99,6,0,538,636,3,299,1.41e-53,187,"TAC102","R1",538,636,299,3,99,297,297,TRUE
"TAC102","SRR7910035.24063060",93,100,7,0,521,620,2,301,1.62e-53,187,"TAC102","R1",521,620,301,2,100,300,300,TRUE
"TAC102","SRR7910035.25022841",93.878,98,6,0,474,571,2,295,1.73e-53,187,"TAC102","R1",474,571,2,295,98,294,294,TRUE
"TAC102","SRR7910035.3221880",100,91,0,0,190,280,29,301,1.79e-53,187,"TAC102","R1",190,280,29,301,91,273,273,TRUE
"TAC102","SRR7910035.22685505",93,100,7,0,78,177,1,300,1.9e-53,187,"TAC102","R1",78,177,1,300,100,300,300,TRUE
"TAC102","SRR7910035.4003599",93,100,7,0,519,618,1,300,1.9e-53,187,"TAC102","R1",519,618,300,1,100,300,300,TRUE
"TAC102","SRR7910035.19340381",98.913,92,1,0,1,92,24,299,2.03e-53,187,"TAC102","R1",1,92,24,299,92,276,276,TRUE
"TAC102","SRR7910035.13286290",98.913,92,1,0,1,92,25,300,2.27e-53,187,"TAC102","R1",1,92,25,300,92,276,276,TRUE
"TAC102","SRR7910035.17590748",93,100,7,0,464,563,1,300,2.55e-53,187,"TAC102","R1",464,563,300,1,100,300,300,TRUE
"TAC102","SRR7910035.25246060",100,100,0,0,851,950,1,300,2.6e-53,187,"TAC102","R1",851,950,300,1,100,300,300,TRUE
"TAC102","SRR7910035.17165189",100,100,0,0,851,950,2,301,2.6e-53,187,"TAC102","R1",851,950,301,2,100,300,300,TRUE
"TAC102","SRR7910035.17079141",100,100,0,0,851,950,2,301,2.6e-53,187,"TAC102","R1",851,950,301,2,100,300,300,TRUE
"TAC102","SRR7910035.16807994",92.929,99,7,0,37,135,3,299,2.63e-53,187,"TAC102","R1",37,135,299,3,99,297,297,TRUE
"TAC102","SRR7910035.18623553",97.802,91,2,0,808,898,29,301,2.76e-53,187,"TAC102","R1",808,898,29,301,91,273,273,TRUE
"TAC102","SRR7910035.8235470",100,86,0,0,849,934,41,298,2.93e-53,187,"TAC102","R1",849,934,298,41,86,258,258,TRUE
"TAC102","SRR7910035.19403847",93,100,7,0,10,109,2,301,3.08e-53,187,"TAC102","R1",10,109,301,2,100,300,300,TRUE
"TAC102","SRR7910035.25208237",100,100,0,0,850,949,1,300,3.14e-53,187,"TAC102","R1",850,949,300,1,100,300,300,TRUE
"TAC102","SRR7910035.517470",100,100,0,0,850,949,2,301,3.14e-53,187,"TAC102","R1",850,949,2,301,100,300,300,TRUE
"TAC102","SRR7910035.23850196",98.925,93,1,0,551,643,3,281,3.5e-53,186,"TAC102","R1",551,643,3,281,93,279,279,TRUE
"TAC102","SRR7910035.20972328",96.842,95,3,0,335,429,15,299,3.6e-53,186,"TAC102","R1",335,429,299,15,95,285,285,TRUE
"TAC102","SRR7910035.14005698",100,89,0,0,90,178,1,267,3.71e-53,186,"TAC102","R1",90,178,1,267,89,267,267,TRUE
"TAC102","SRR7910035.5741141",92.929,99,7,0,328,426,3,299,3.9e-53,186,"TAC102","R1",328,426,299,3,99,297,297,TRUE
"TAC102","SRR7910035.21499534",100,88,0,0,808,895,3,266,3.98e-53,186,"TAC102","R1",808,895,266,3,88,264,264,TRUE
"TAC102","SRR7910035.13743400",100,89,0,0,90,178,3,269,4.02e-53,186,"TAC102","R1",90,178,3,269,89,267,267,TRUE
"TAC102","SRR7910035.2563586",100,88,0,0,421,508,1,264,5.46e-53,186,"TAC102","R1",421,508,1,264,88,264,264,TRUE
"TAC102","SRR7910035.8044420",97.849,93,2,0,556,648,3,281,6.78e-53,186,"TAC102","R1",556,648,3,281,93,279,279,TRUE
"TAC102","SRR7910035.3794464",92.929,99,7,0,203,301,3,299,7.71e-53,186,"TAC102","R1",203,301,3,299,99,297,297,TRUE
"TAC102","SRR7910035.25858334",98.901,91,1,0,1,91,28,300,8.85e-53,185,"TAC102","R1",1,91,28,300,91,273,273,TRUE
"TAC102","SRR7910035.19164768",91.919,99,8,0,218,316,2,298,9.21e-53,185,"TAC102","R1",218,316,298,2,99,297,297,TRUE
"TAC102","SRR7910035.12493194",98.913,92,1,0,557,648,2,277,1.17e-52,185,"TAC102","R1",557,648,2,277,92,276,276,TRUE
"TAC102","SRR7910035.3289294",92.929,99,7,0,491,589,2,298,1.23e-52,185,"TAC102","R1",491,589,298,2,99,297,297,TRUE
"TAC102","SRR7910035.15317478",93.814,97,6,0,348,444,1,291,1.26e-52,185,"TAC102","R1",348,444,291,1,97,291,291,TRUE
"TAC102","SRR7910035.13234612",92.929,99,7,0,493,591,2,298,1.35e-52,185,"TAC102","R1",493,591,2,298,99,297,297,TRUE
"TAC102","SRR7910035.9045180",100,91,0,0,391,481,2,274,1.4e-52,184,"TAC102","R1",391,481,274,2,91,273,273,TRUE
"TAC102","SRR7910035.4880137",100,99,0,0,850,948,2,298,1.46e-52,185,"TAC102","R1",850,948,298,2,99,297,297,TRUE
"TAC102","SRR7910035.26824026",92.857,98,7,0,52,149,2,295,1.84e-52,184,"TAC102","R1",52,149,295,2,98,294,294,TRUE
"TAC102","SRR7910035.20977055",92.929,99,7,0,193,291,2,298,2.01e-52,184,"TAC102","R1",193,291,2,298,99,297,297,TRUE
"TAC102","SRR7910035.15641024",92.929,99,7,0,468,566,3,299,2.4e-52,184,"TAC102","R1",468,566,299,3,99,297,297,TRUE
"TAC102","SRR7910035.24846487",100,88,0,0,91,178,3,266,2.67e-52,184,"TAC102","R1",91,178,3,266,88,264,264,TRUE
"TAC102","SRR7910035.4211081",93,100,7,0,459,558,2,301,2.78e-52,184,"TAC102","R1",459,558,301,2,100,300,300,TRUE
"TAC102","SRR7910035.12681896",93.878,98,6,0,534,631,3,296,3.07e-52,184,"TAC102","R1",534,631,296,3,98,294,294,TRUE
"TAC102","SRR7910035.25250350",100,87,0,0,808,894,40,300,3.42e-52,184,"TAC102","R1",808,894,40,300,87,261,261,TRUE
"TAC102","SRR7910035.23234485",95.789,95,4,0,554,648,17,301,3.45e-52,184,"TAC102","R1",554,648,301,17,95,285,285,TRUE
"TAC102","SRR7910035.21664370",92.929,99,7,0,75,173,2,298,3.92e-52,184,"TAC102","R1",75,173,2,298,99,297,297,TRUE
"TAC102","SRR7910035.15013082",100,87,0,0,808,894,40,300,4.08e-52,184,"TAC102","R1",808,894,40,300,87,261,261,TRUE
"TAC102","SRR7910035.283127",98.889,90,1,0,1,90,3,272,4.2e-52,183,"TAC102","R1",1,90,272,3,90,270,270,TRUE
"TAC102","SRR7910035.13794008",98.889,90,1,0,1,90,30,299,4.33e-52,183,"TAC102","R1",1,90,30,299,90,270,270,TRUE
"TAC102","SRR7910035.11547275",92.857,98,7,0,450,547,3,296,4.69e-52,183,"TAC102","R1",450,547,296,3,98,294,294,TRUE
"TAC102","SRR7910035.20358886",100,89,0,0,190,278,3,269,5.17e-52,183,"TAC102","R1",190,278,269,3,89,267,267,TRUE
"TAC102","SRR7910035.18524643",100,89,0,0,190,278,33,299,5.17e-52,183,"TAC102","R1",190,278,33,299,89,267,267,TRUE
"TAC102","SRR7910035.20311598",92.929,99,7,0,304,402,3,299,5.49e-52,183,"TAC102","R1",304,402,3,299,99,297,297,TRUE
"TAC102","SRR7910035.11607571",95.789,95,4,0,485,579,3,287,6.3e-52,183,"TAC102","R1",485,579,287,3,95,285,285,TRUE
"TAC102","SRR7910035.20928857",90.909,99,9,0,49,147,3,299,7.3e-52,183,"TAC102","R1",49,147,3,299,99,297,297,TRUE
"TAC102","SRR7910035.18764491",100,100,0,0,99,198,2,301,7.59e-52,183,"TAC102","R1",99,198,301,2,100,300,300,TRUE
"TAC102","SRR7910035.20371165",100,100,0,0,172,271,1,300,7.82e-52,183,"TAC102","R1",172,271,1,300,100,300,300,TRUE
"TAC102","SRR7910035.14044486",100,100,0,0,172,271,1,300,7.82e-52,183,"TAC102","R1",172,271,1,300,100,300,300,TRUE
"TAC102","SRR7910035.9603049",89.899,99,10,0,470,568,3,299,7.9e-52,183,"TAC102","R1",470,568,299,3,99,297,297,TRUE
"TAC102","SRR7910035.23721100",100,100,0,0,121,220,2,301,8.06e-52,182,"TAC102","R1",121,220,2,301,100,300,300,TRUE
"TAC102","SRR7910035.15073542",100,100,0,0,127,226,1,300,8.06e-52,182,"TAC102","R1",127,226,1,300,100,300,300,TRUE
"TAC102","SRR7910035.21129188",97.778,90,2,0,89,178,30,299,9.91e-52,182,"TAC102","R1",89,178,299,30,90,270,270,TRUE
"TAC102","SRR7910035.26592724",100,100,0,0,97,196,2,301,1e-51,182,"TAC102","R1",97,196,2,301,100,300,300,TRUE
"TAC102","SRR7910035.10338335",100,87,0,0,92,178,2,262,1e-51,182,"TAC102","R1",92,178,2,262,87,261,261,TRUE
"TAC102","SRR7910035.24175391",91.919,99,8,0,302,400,3,299,1.06e-51,182,"TAC102","R1",302,400,3,299,99,297,297,TRUE
"TAC102","SRR7910035.10901806",100,100,0,0,126,225,2,301,1.33e-51,182,"TAC102","R1",126,225,301,2,100,300,300,TRUE
"TAC102","SRR7910035.9148248",90.722,97,9,0,82,178,11,301,1.41e-51,182,"TAC102","R1",82,178,301,11,97,291,291,TRUE
"TAC102","SRR7910035.24327908",100,100,0,0,124,223,2,301,1.44e-51,182,"TAC102","R1",124,223,301,2,100,300,300,TRUE
"TAC102","SRR7910035.25394609",100,100,0,0,116,215,1,300,1.65e-51,182,"TAC102","R1",116,215,300,1,100,300,300,TRUE
"TAC102","SRR7910035.21452504",100,100,0,0,116,215,1,300,1.65e-51,182,"TAC102","R1",116,215,300,1,100,300,300,TRUE
"TAC102","SRR7910035.4870684",100,100,0,0,116,215,2,301,1.65e-51,182,"TAC102","R1",116,215,301,2,100,300,300,TRUE
"TAC102","SRR7910035.18422631",91.489,94,8,0,841,934,18,299,1.73e-51,182,"TAC102","R1",841,934,299,18,94,282,282,TRUE
"TAC102","SRR7910035.12547802",89.899,99,10,0,344,442,3,299,1.75e-51,182,"TAC102","R1",344,442,299,3,99,297,297,TRUE
"TAC102","SRR7910035.27353135",100,86,0,0,808,893,42,299,1.81e-51,182,"TAC102","R1",808,893,42,299,86,258,258,TRUE
"TAC102","SRR7910035.9649290",100,100,0,0,105,204,1,300,1.82e-51,182,"TAC102","R1",105,204,1,300,100,300,300,TRUE
"TAC102","SRR7910035.7135250",100,100,0,0,104,203,1,300,1.82e-51,182,"TAC102","R1",104,203,300,1,100,300,300,TRUE
"TAC102","SRR7910035.11813861",97.674,86,2,0,849,934,2,259,1.84e-51,182,"TAC102","R1",849,934,2,259,86,258,258,TRUE
"TAC102","SRR7910035.19066431",97.778,90,2,0,1,90,30,299,1.84e-51,182,"TAC102","R1",1,90,30,299,90,270,270,TRUE
"TAC102","SRR7910035.11032354",100,100,0,0,114,213,1,300,1.86e-51,182,"TAC102","R1",114,213,1,300,100,300,300,TRUE
"TAC102","SRR7910035.26825735",92.929,99,7,0,380,478,3,299,2.05e-51,181,"TAC102","R1",380,478,299,3,99,297,297,TRUE
"TAC102","SRR7910035.14597737",100,100,0,0,139,238,2,301,2.16e-51,181,"TAC102","R1",139,238,2,301,100,300,300,TRUE
"TAC102","SRR7910035.22196704",100,86,0,0,808,893,1,258,2.2e-51,181,"TAC102","R1",808,893,258,1,86,258,258,TRUE
"TAC102","SRR7910035.5391032",100,100,0,0,112,211,2,301,2.5e-51,181,"TAC102","R1",112,211,301,2,100,300,300,TRUE
"TAC102","SRR7910035.14246843",100,87,0,0,808,894,3,263,2.65e-51,181,"TAC102","R1",808,894,263,3,87,261,261,TRUE
"TAC102","SRR7910035.17243866",100,100,0,0,137,236,1,300,2.79e-51,181,"TAC102","R1",137,236,300,1,100,300,300,TRUE
"TAC102","SRR7910035.23228533",100,99,0,0,121,219,3,299,2.93e-51,181,"TAC102","R1",121,219,299,3,99,297,297,TRUE
"TAC102","SRR7910035.9850839",94.681,94,5,0,1,94,19,300,3.04e-51,181,"TAC102","R1",1,94,19,300,94,282,282,TRUE
"TAC102","SRR7910035.19815719",100,100,0,0,166,265,1,300,3.29e-51,181,"TAC102","R1",166,265,1,300,100,300,300,TRUE
"TAC102","SRR7910035.11237488",90.816,98,9,0,55,152,2,295,3.29e-51,181,"TAC102","R1",55,152,295,2,98,294,294,TRUE
"TAC102","SRR7910035.27996901",100,98,0,0,854,951,6,299,3.56e-51,181,"TAC102","R1",854,951,299,6,98,294,294,TRUE
"TAC102","SRR7910035.18342240",100,98,0,0,854,951,8,301,3.56e-51,181,"TAC102","R1",854,951,301,8,98,294,294,TRUE
"TAC102","SRR7910035.8275178",100,100,0,0,133,232,2,301,3.71e-51,181,"TAC102","R1",133,232,301,2,100,300,300,TRUE
"TAC102","SRR7910035.23681647",91.919,99,8,0,466,564,3,299,3.86e-51,181,"TAC102","R1",466,564,299,3,99,297,297,TRUE
"TAC102","SRR7910035.26685519",100,100,0,0,138,237,1,300,3.97e-51,181,"TAC102","R1",138,237,300,1,100,300,300,TRUE
"TAC102","SRR7910035.23867700",90,100,10,0,272,371,1,300,3.97e-51,181,"TAC102","R1",272,371,300,1,100,300,300,TRUE
"TAC102","SRR7910035.19369123",90.909,99,9,0,449,547,3,299,4.09e-51,181,"TAC102","R1",449,547,299,3,99,297,297,TRUE
"TAC102","SRR7910035.17851463",99,100,1,0,100,199,2,301,4.13e-51,181,"TAC102","R1",100,199,2,301,100,300,300,TRUE
"TAC102","SRR7910035.13050929",100,99,0,0,119,217,2,298,4.34e-51,181,"TAC102","R1",119,217,298,2,99,297,297,TRUE
"TAC102","SRR7910035.2118218",100,100,0,0,134,233,2,301,4.84e-51,181,"TAC102","R1",134,233,301,2,100,300,300,TRUE
"TAC102","SRR7910035.2570996",98,100,2,0,850,949,1,300,4.98e-51,181,"TAC102","R1",850,949,300,1,100,300,300,TRUE
"TAC102","SRR7910035.10079247",100,99,0,0,99,197,2,298,5.03e-51,181,"TAC102","R1",99,197,298,2,99,297,297,TRUE
"TAC102","SRR7910035.3558330",100,99,0,0,99,197,3,299,5.03e-51,181,"TAC102","R1",99,197,299,3,99,297,297,TRUE
"TAC102","SRR7910035.26344558",100,100,0,0,136,235,1,300,5.08e-51,181,"TAC102","R1",136,235,300,1,100,300,300,TRUE
"TAC102","SRR7910035.13575871",100,100,0,0,136,235,2,301,5.08e-51,181,"TAC102","R1",136,235,2,301,100,300,300,TRUE
"TAC102","SRR7910035.13328955",100,100,0,0,136,235,1,300,5.08e-51,181,"TAC102","R1",136,235,300,1,100,300,300,TRUE
"TAC102","SRR7910035.10531554",100,100,0,0,136,235,2,301,5.08e-51,181,"TAC102","R1",136,235,301,2,100,300,300,TRUE
"TAC102","SRR7910035.3612149",100,100,0,0,136,235,1,300,5.08e-51,181,"TAC102","R1",136,235,1,300,100,300,300,TRUE
"TAC102","SRR7910035.2552330",100,100,0,0,136,235,2,301,5.08e-51,181,"TAC102","R1",136,235,301,2,100,300,300,TRUE
"TAC102","SRR7910035.22522161",90.909,99,9,0,500,598,2,298,5.13e-51,181,"TAC102","R1",500,598,298,2,99,297,297,TRUE
"TAC102","SRR7910035.11204692",99,100,1,0,169,268,1,300,5.18e-51,181,"TAC102","R1",169,268,1,300,100,300,300,TRUE
"TAC102","SRR7910035.1363182",100,100,0,0,140,239,2,301,5.18e-51,181,"TAC102","R1",140,239,2,301,100,300,300,TRUE
"TAC102","SRR7910035.16562203",100,100,0,0,164,263,1,300,5.6e-51,180,"TAC102","R1",164,263,300,1,100,300,300,TRUE
"TAC102","SRR7910035.7190496",100,100,0,0,163,262,2,301,5.94e-51,180,"TAC102","R1",163,262,301,2,100,300,300,TRUE
"TAC102","SRR7910035.17926967",96.703,91,3,0,190,280,27,299,6e-51,180,"TAC102","R1",190,280,27,299,91,273,273,TRUE
"TAC102","SRR7910035.14239562",91,100,9,0,460,559,2,301,6.06e-51,180,"TAC102","R1",460,559,301,2,100,300,300,TRUE
"TAC102","SRR7910035.22617445",100,99,0,0,116,214,3,299,6.49e-51,180,"TAC102","R1",116,214,299,3,99,297,297,TRUE
"TAC102","SRR7910035.16275830",100,99,0,0,116,214,3,299,6.49e-51,180,"TAC102","R1",116,214,299,3,99,297,297,TRUE
"TAC102","SRR7910035.14745",100,99,0,0,116,214,3,299,6.49e-51,180,"TAC102","R1",116,214,3,299,99,297,297,TRUE
"TAC102","SRR7910035.23082090",97.802,91,2,0,558,648,29,301,6.56e-51,180,"TAC102","R1",558,648,301,29,91,273,273,TRUE
"TAC102","SRR7910035.15185954",100,86,0,0,416,501,3,260,6.62e-51,179,"TAC102","R1",416,501,3,260,86,258,258,TRUE
"TAC102","SRR7910035.23067382",100,99,0,0,117,215,1,297,6.62e-51,180,"TAC102","R1",117,215,297,1,99,297,297,TRUE
"TAC102","SRR7910035.16684303",100,99,0,0,117,215,1,297,6.62e-51,180,"TAC102","R1",117,215,297,1,99,297,297,TRUE
"TAC102","SRR7910035.25595313",100,99,0,0,97,195,3,299,6.69e-51,180,"TAC102","R1",97,195,3,299,99,297,297,TRUE
"TAC102","SRR7910035.27172129",100,100,0,0,135,234,2,301,6.89e-51,180,"TAC102","R1",135,234,301,2,100,300,300,TRUE
"TAC102","SRR7910035.9497170",100,100,0,0,161,260,2,301,7.03e-51,180,"TAC102","R1",161,260,301,2,100,300,300,TRUE
"TAC102","SRR7910035.3488390",98.864,88,1,0,1,88,37,300,7.31e-51,180,"TAC102","R1",1,88,37,300,88,264,264,TRUE
"TAC102","SRR7910035.25397876",100,100,0,0,107,206,1,300,7.83e-51,180,"TAC102","R1",107,206,300,1,100,300,300,TRUE
"TAC102","SRR7910035.18453046",100,99,0,0,98,196,2,298,8.06e-51,180,"TAC102","R1",98,196,298,2,99,297,297,TRUE
"TAC102","SRR7910035.7684537",100,100,0,0,144,243,1,300,8.39e-51,180,"TAC102","R1",144,243,300,1,100,300,300,TRUE
"TAC102","SRR7910035.26260921",100,100,0,0,162,261,2,301,8.72e-51,180,"TAC102","R1",162,261,301,2,100,300,300,TRUE
"TAC102","SRR7910035.26302728",100,100,0,0,145,244,1,300,9.63e-51,180,"TAC102","R1",145,244,300,1,100,300,300,TRUE
"TAC102","SRR7910035.3365528",98.876,89,1,0,560,648,32,298,9.72e-51,180,"TAC102","R1",560,648,298,32,89,267,267,TRUE
"TAC102","SRR7910035.1757034",98,100,2,0,128,227,2,301,9.91e-51,179,"TAC102","R1",128,227,2,301,100,300,300,TRUE
"TAC102","SRR7910035.24306844",99,100,1,0,102,201,2,301,1e-50,179,"TAC102","R1",102,201,2,301,100,300,300,TRUE
"TAC102","SRR7910035.11527768",98.876,89,1,0,560,648,2,268,1.12e-50,179,"TAC102","R1",560,648,2,268,89,267,267,TRUE
"TAC102","SRR7910035.27361796",100,99,0,0,112,210,3,299,1.13e-50,179,"TAC102","R1",112,210,3,299,99,297,297,TRUE
"TAC102","SRR7910035.21756227",91.919,99,8,0,443,541,3,299,1.15e-50,179,"TAC102","R1",443,541,299,3,99,297,297,TRUE
"TAC102","SRR7910035.7052548",98.837,86,1,0,808,893,42,299,1.16e-50,179,"TAC102","R1",808,893,42,299,86,258,258,TRUE
"TAC102","SRR7910035.17804364",99,100,1,0,128,227,1,300,1.27e-50,179,"TAC102","R1",128,227,1,300,100,300,300,TRUE
"TAC102","SRR7910035.8796839",98.99,99,1,0,129,227,1,297,1.27e-50,179,"TAC102","R1",129,227,1,297,99,297,297,TRUE
"TAC102","SRR7910035.11144571",100,99,0,0,174,272,2,298,1.38e-50,179,"TAC102","R1",174,272,298,2,99,297,297,TRUE
"TAC102","SRR7910035.10469029",99,100,1,0,137,236,1,300,1.38e-50,179,"TAC102","R1",137,236,300,1,100,300,300,TRUE
"TAC102","SRR7910035.6695076",100,99,0,0,174,272,2,298,1.38e-50,179,"TAC102","R1",174,272,298,2,99,297,297,TRUE
"TAC102","SRR7910035.1020915",100,99,0,0,133,231,1,297,1.41e-50,179,"TAC102","R1",133,231,297,1,99,297,297,TRUE
"TAC102","SRR7910035.13181340",100,99,0,0,176,274,3,299,1.41e-50,179,"TAC102","R1",176,274,299,3,99,297,297,TRUE
"TAC102","SRR7910035.18715520",100,99,0,0,133,231,3,299,1.45e-50,179,"TAC102","R1",133,231,3,299,99,297,297,TRUE
"TAC102","SRR7910035.9479734",100,99,0,0,133,231,2,298,1.45e-50,179,"TAC102","R1",133,231,298,2,99,297,297,TRUE
"TAC102","SRR7910035.25519866",100,100,0,0,146,245,1,300,1.51e-50,179,"TAC102","R1",146,245,300,1,100,300,300,TRUE
"TAC102","SRR7910035.13425685",100,100,0,0,146,245,2,301,1.51e-50,179,"TAC102","R1",146,245,2,301,100,300,300,TRUE
"TAC102","SRR7910035.1158674",99,100,1,0,140,239,1,300,1.57e-50,179,"TAC102","R1",140,239,1,300,100,300,300,TRUE
"TAC102","SRR7910035.24749616",100,99,0,0,139,237,3,299,1.64e-50,179,"TAC102","R1",139,237,3,299,99,297,297,TRUE
"TAC102","SRR7910035.21510297",98.99,99,1,0,117,215,2,298,1.65e-50,179,"TAC102","R1",117,215,2,298,99,297,297,TRUE
"TAC102","SRR7910035.6549469",99,100,1,0,112,211,1,300,1.72e-50,179,"TAC102","R1",112,211,1,300,100,300,300,TRUE
"TAC102","SRR7910035.11006079",100,99,0,0,113,211,3,299,1.77e-50,179,"TAC102","R1",113,211,3,299,99,297,297,TRUE
"TAC102","SRR7910035.18468725",98.99,99,1,0,117,215,2,298,2.28e-50,179,"TAC102","R1",117,215,2,298,99,297,297,TRUE
"TAC102","SRR7910035.19133308",100,100,0,0,160,259,2,301,2.33e-50,179,"TAC102","R1",160,259,2,301,100,300,300,TRUE
"TAC102","SRR7910035.12516788",97,100,3,0,99,198,1,300,2.52e-50,179,"TAC102","R1",99,198,1,300,100,300,300,TRUE
"TAC102","SRR7910035.3977579",100,85,0,0,47,131,3,257,2.54e-50,178,"TAC102","R1",47,131,257,3,85,255,255,TRUE
"TAC102","SRR7910035.18463337",98,100,2,0,175,274,2,301,2.55e-50,178,"TAC102","R1",175,274,301,2,100,300,300,TRUE
"TAC102","SRR7910035.10151607",99,100,1,0,169,268,1,300,2.73e-50,178,"TAC102","R1",169,268,300,1,100,300,300,TRUE
"TAC102","SRR7910035.5675315",99,100,1,0,102,201,1,300,2.76e-50,178,"TAC102","R1",102,201,1,300,100,300,300,TRUE
"TAC102","SRR7910035.2717167",100,99,0,0,111,209,3,299,2.81e-50,178,"TAC102","R1",111,209,299,3,99,297,297,TRUE
"TAC102","SRR7910035.1280076",98.99,99,1,0,172,270,3,299,2.89e-50,178,"TAC102","R1",172,270,3,299,99,297,297,TRUE
"TAC102","SRR7910035.16213299",100,98,0,0,99,196,3,296,2.95e-50,178,"TAC102","R1",99,196,3,296,98,294,294,TRUE
"TAC102","SRR7910035.7215478",89.899,99,10,0,454,552,3,299,2.95e-50,178,"TAC102","R1",454,552,299,3,99,297,297,TRUE
"TAC102","SRR7910035.23126829",88.776,98,11,0,290,387,3,296,2.98e-50,178,"TAC102","R1",290,387,296,3,98,294,294,TRUE
"TAC102","SRR7910035.22821024",100,100,0,0,149,248,1,300,3.07e-50,178,"TAC102","R1",149,248,1,300,100,300,300,TRUE
"TAC102","SRR7910035.17357664",98.851,87,1,0,1,87,40,300,3.16e-50,178,"TAC102","R1",1,87,40,300,87,261,261,TRUE
"TAC102","SRR7910035.11575976",98.851,87,1,0,1,87,1,261,3.16e-50,178,"TAC102","R1",1,87,261,1,87,261,261,TRUE
"TAC102","SRR7910035.17551883",100,99,0,0,108,206,3,299,3.39e-50,178,"TAC102","R1",108,206,299,3,99,297,297,TRUE
"TAC102","SRR7910035.27610603",98.99,99,1,0,130,228,2,298,3.56e-50,178,"TAC102","R1",130,228,298,2,99,297,297,TRUE
"TAC102","SRR7910035.19589197",99,100,1,0,145,244,2,301,4.08e-50,178,"TAC102","R1",145,244,2,301,100,300,300,TRUE
"TAC102","SRR7910035.21735405",91.753,97,8,0,399,495,2,292,4.29e-50,178,"TAC102","R1",399,495,292,2,97,291,291,TRUE
"TAC102","SRR7910035.24874589",100,99,0,0,110,208,3,299,4.68e-50,178,"TAC102","R1",110,208,299,3,99,297,297,TRUE
"TAC102","SRR7910035.8749481",100,99,0,0,110,208,3,299,4.68e-50,178,"TAC102","R1",110,208,299,3,99,297,297,TRUE
"TAC102","SRR7910035.24895062",90,100,10,0,454,553,1,300,4.78e-50,177,"TAC102","R1",454,553,300,1,100,300,300,TRUE
"TAC102","SRR7910035.10927606",99,100,1,0,161,260,1,300,4.82e-50,177,"TAC102","R1",161,260,300,1,100,300,300,TRUE
"TAC102","SRR7910035.4579557",100,99,0,0,141,239,3,299,4.97e-50,177,"TAC102","R1",141,239,299,3,99,297,297,TRUE
"TAC102","SRR7910035.11453519",91,100,9,0,327,426,2,301,5.48e-50,177,"TAC102","R1",327,426,301,2,100,300,300,TRUE
"TAC102","SRR7910035.6817033",99,100,1,0,145,244,2,301,5.7e-50,177,"TAC102","R1",145,244,301,2,100,300,300,TRUE
"TAC102","SRR7910035.20584527",89.899,99,10,0,509,607,1,297,6.05e-50,177,"TAC102","R1",509,607,297,1,99,297,297,TRUE
"TAC102","SRR7910035.11970157",100,100,0,0,158,257,1,300,6.41e-50,177,"TAC102","R1",158,257,300,1,100,300,300,TRUE
"TAC102","SRR7910035.3122115",100,100,0,0,158,257,2,301,6.41e-50,177,"TAC102","R1",158,257,301,2,100,300,300,TRUE
"TAC102","SRR7910035.13494627",100,100,0,0,155,254,2,301,6.61e-50,177,"TAC102","R1",155,254,2,301,100,300,300,TRUE
"TAC102","SRR7910035.21273833",99,100,1,0,157,256,1,300,7.58e-50,177,"TAC102","R1",157,256,300,1,100,300,300,TRUE
"TAC102","SRR7910035.15638983",95.506,89,4,0,812,900,34,300,7.66e-50,177,"TAC102","R1",812,900,34,300,89,267,267,TRUE
"TAC102","SRR7910035.330184",100,99,0,0,147,245,3,299,7.73e-50,177,"TAC102","R1",147,245,299,3,99,297,297,TRUE
"TAC102","SRR7910035.23886727",88.776,98,11,0,49,146,3,296,7.88e-50,177,"TAC102","R1",49,146,3,296,98,294,294,TRUE
"TAC102","SRR7910035.25230616",100,98,0,0,177,274,2,295,8.45e-50,177,"TAC102","R1",177,274,295,2,98,294,294,TRUE
"TAC102","SRR7910035.25109005",90.909,99,9,0,62,160,3,299,8.7e-50,177,"TAC102","R1",62,160,3,299,99,297,297,TRUE
"TAC102","SRR7910035.7818429",97.753,89,2,0,560,648,34,300,9.69e-50,177,"TAC102","R1",560,648,300,34,89,267,267,TRUE
"TAC102","SRR7910035.9727901",100,96,0,0,856,951,14,301,9.98e-50,177,"TAC102","R1",856,951,301,14,96,288,288,TRUE
"TAC102","SRR7910035.18452770",100,100,0,0,154,253,1,300,1.03e-49,177,"TAC102","R1",154,253,300,1,100,300,300,TRUE
"TAC102","SRR7910035.3480761",98.99,99,1,0,164,262,3,299,1.06e-49,177,"TAC102","R1",164,262,3,299,99,297,297,TRUE
"TAC102","SRR7910035.17780281",100,98,0,0,107,204,3,296,1.08e-49,177,"TAC102","R1",107,204,296,3,98,294,294,TRUE
"TAC102","SRR7910035.10588222",100,98,0,0,134,231,2,295,1.11e-49,177,"TAC102","R1",134,231,2,295,98,294,294,TRUE
"TAC102","SRR7910035.13141423",98.98,98,1,0,99,196,2,295,1.14e-49,177,"TAC102","R1",99,196,2,295,98,294,294,TRUE
"TAC102","SRR7910035.12433900",100,83,0,0,808,890,51,299,1.16e-49,177,"TAC102","R1",808,890,51,299,83,249,249,TRUE
"TAC102","SRR7910035.20916385",94.253,87,5,0,848,934,40,300,1.21e-49,177,"TAC102","R1",848,934,300,40,87,261,261,TRUE
"TAC102","SRR7910035.13293979",98.99,99,1,0,108,206,3,299,1.25e-49,176,"TAC102","R1",108,206,299,3,99,297,297,TRUE
"TAC102","SRR7910035.2164080",100,100,0,0,156,255,1,300,1.26e-49,176,"TAC102","R1",156,255,1,300,100,300,300,TRUE
"TAC102","SRR7910035.1605105",97,100,3,0,97,196,1,300,1.29e-49,176,"TAC102","R1",97,196,1,300,100,300,300,TRUE
"TAC102","SRR7910035.11387733",97.701,87,2,0,1,87,3,263,1.45e-49,176,"TAC102","R1",1,87,263,3,87,261,261,TRUE
"TAC102","SRR7910035.18221750",90.816,98,9,0,28,125,2,295,1.49e-49,176,"TAC102","R1",28,125,295,2,98,294,294,TRUE
"TAC102","SRR7910035.14251647",98.837,86,1,0,1,86,42,299,1.51e-49,176,"TAC102","R1",1,86,42,299,86,258,258,TRUE
"TAC102","SRR7910035.15878771",97.753,89,2,0,560,648,35,301,1.55e-49,176,"TAC102","R1",560,648,301,35,89,267,267,TRUE
"TAC102","SRR7910035.19805190",99,100,1,0,150,249,2,301,1.61e-49,176,"TAC102","R1",150,249,2,301,100,300,300,TRUE
"TAC102","SRR7910035.22968609",100,99,0,0,151,249,3,299,1.87e-49,176,"TAC102","R1",151,249,3,299,99,297,297,TRUE
"TAC102","SRR7910035.13976074",100,99,0,0,152,250,1,297,1.89e-49,176,"TAC102","R1",152,250,297,1,99,297,297,TRUE
"TAC102","SRR7910035.24579315",87.755,98,12,0,507,604,2,295,1.95e-49,176,"TAC102","R1",507,604,295,2,98,294,294,TRUE
"TAC102","SRR7910035.23393848",97,100,3,0,115,214,1,300,2.02e-49,176,"TAC102","R1",115,214,1,300,100,300,300,TRUE
"TAC102","SRR7910035.27273137",98,100,2,0,114,213,2,301,2.15e-49,176,"TAC102","R1",114,213,2,301,100,300,300,TRUE
"TAC102","SRR7910035.16421404",88,100,12,0,458,557,2,301,2.74e-49,176,"TAC102","R1",458,557,301,2,100,300,300,TRUE
"TAC102","SRR7910035.11580141",98.99,99,1,0,107,205,3,299,2.97e-49,176,"TAC102","R1",107,205,3,299,99,297,297,TRUE
"TAC102","SRR7910035.26042406",98.837,86,1,0,92,177,2,259,3.03e-49,176,"TAC102","R1",92,177,2,259,86,258,258,TRUE
"TAC102","SRR7910035.11830783",100,85,0,0,190,274,3,257,3.18e-49,175,"TAC102","R1",190,274,257,3,85,255,255,TRUE
"TAC102","SRR7910035.26326583",100,99,0,0,158,256,2,298,3.23e-49,175,"TAC102","R1",158,256,2,298,99,297,297,TRUE
"TAC102","SRR7910035.15331310",100,99,0,0,157,255,3,299,3.23e-49,175,"TAC102","R1",157,255,299,3,99,297,297,TRUE
"TAC102","SRR7910035.4081579",100,99,0,0,158,256,2,298,3.23e-49,175,"TAC102","R1",158,256,2,298,99,297,297,TRUE
"TAC102","SRR7910035.12844626",98.99,99,1,0,163,261,3,299,3.3e-49,175,"TAC102","R1",163,261,299,3,99,297,297,TRUE
"TAC102","SRR7910035.19147183",98.99,99,1,0,142,240,3,299,3.44e-49,175,"TAC102","R1",142,240,3,299,99,297,297,TRUE
"TAC102","SRR7910035.24543684",100,99,0,0,155,253,3,299,3.57e-49,175,"TAC102","R1",155,253,3,299,99,297,297,TRUE
"TAC102","SRR7910035.12301303",100,99,0,0,155,253,3,299,3.57e-49,175,"TAC102","R1",155,253,3,299,99,297,297,TRUE
"TAC102","SRR7910035.1073667",100,82,0,0,808,889,3,248,3.75e-49,175,"TAC102","R1",808,889,248,3,82,246,246,TRUE
"TAC102","SRR7910035.21435727",98.99,99,1,0,143,241,3,299,3.79e-49,175,"TAC102","R1",143,241,3,299,99,297,297,TRUE
"TAC102","SRR7910035.25726816",100,82,0,0,808,889,1,246,3.87e-49,175,"TAC102","R1",808,889,246,1,82,246,246,TRUE
"TAC102","SRR7910035.12113293",100,82,0,0,808,889,2,247,3.87e-49,175,"TAC102","R1",808,889,247,2,82,246,246,TRUE
"TAC102","SRR7910035.2673206",88.889,99,11,0,489,587,2,298,4.18e-49,175,"TAC102","R1",489,587,298,2,99,297,297,TRUE
"TAC102","SRR7910035.3470812",96.97,99,3,0,166,264,3,299,4.26e-49,175,"TAC102","R1",166,264,299,3,99,297,297,TRUE
"TAC102","SRR7910035.4972024",98.99,99,1,0,152,250,2,298,4.35e-49,175,"TAC102","R1",152,250,298,2,99,297,297,TRUE
"TAC102","SRR7910035.22318177",100,99,0,0,156,254,3,299,4.66e-49,175,"TAC102","R1",156,254,3,299,99,297,297,TRUE
"TAC102","SRR7910035.24530423",96.97,99,3,0,95,193,2,298,4.7e-49,175,"TAC102","R1",95,193,298,2,99,297,297,TRUE
"TAC102","SRR7910035.3569063",96.629,89,3,0,560,648,2,268,4.84e-49,175,"TAC102","R1",560,648,2,268,89,267,267,TRUE
"TAC102","SRR7910035.15428972",98,100,2,0,145,244,1,300,5.09e-49,175,"TAC102","R1",145,244,1,300,100,300,300,TRUE
"TAC102","SRR7910035.16153372",99,100,1,0,160,259,2,301,5.24e-49,175,"TAC102","R1",160,259,2,301,100,300,300,TRUE
"TAC102","SRR7910035.7538754",95.96,99,4,0,852,950,3,299,5.67e-49,175,"TAC102","R1",852,950,299,3,99,297,297,TRUE
"TAC102","SRR7910035.16885088",100,99,0,0,154,252,3,299,6.01e-49,174,"TAC102","R1",154,252,3,299,99,297,297,TRUE
"TAC102","SRR7910035.6138370",99,100,1,0,152,251,1,300,6.25e-49,174,"TAC102","R1",152,251,1,300,100,300,300,TRUE
"TAC102","SRR7910035.20884353",99,100,1,0,149,248,2,301,6.7e-49,174,"TAC102","R1",149,248,2,301,100,300,300,TRUE
"TAC102","SRR7910035.13931021",100,95,0,0,857,951,15,299,7.68e-49,174,"TAC102","R1",857,951,299,15,95,285,285,TRUE
"TAC102","SRR7910035.10441924",96.552,87,3,0,1,87,40,300,8.47e-49,174,"TAC102","R1",1,87,40,300,87,261,261,TRUE
"TAC102","SRR7910035.13942725",97.98,99,2,0,106,204,1,297,9.51e-49,174,"TAC102","R1",106,204,1,297,99,297,297,TRUE
"TAC102","SRR7910035.1102085",96.939,98,3,0,99,196,3,296,1.01e-48,174,"TAC102","R1",99,196,3,296,98,294,294,TRUE
"TAC102","SRR7910035.19344474",96.97,99,3,0,139,237,3,299,1.14e-48,174,"TAC102","R1",139,237,3,299,99,297,297,TRUE
"TAC102","SRR7910035.16416812",99,100,1,0,155,254,1,300,1.19e-48,174,"TAC102","R1",155,254,1,300,100,300,300,TRUE
"TAC102","SRR7910035.9072493",100,81,0,0,808,888,57,299,1.27e-48,174,"TAC102","R1",808,888,57,299,81,243,243,TRUE
"TAC102","SRR7910035.10118693",98.99,99,1,0,156,254,3,299,1.32e-48,174,"TAC102","R1",156,254,3,299,99,297,297,TRUE
"TAC102","SRR7910035.24810254",100,81,0,0,808,888,2,244,1.33e-48,174,"TAC102","R1",808,888,244,2,81,243,243,TRUE
"TAC102","SRR7910035.5490736",100,81,0,0,808,888,56,298,1.53e-48,173,"TAC102","R1",808,888,56,298,81,243,243,TRUE
"TAC102","SRR7910035.13742997",97,100,3,0,120,219,1,300,1.7e-48,173,"TAC102","R1",120,219,300,1,100,300,300,TRUE
"TAC102","SRR7910035.17260597",85.859,99,14,0,38,136,2,298,2.04e-48,173,"TAC102","R1",38,136,2,298,99,297,297,TRUE
"TAC102","SRR7910035.3123418",98.81,84,1,0,228,311,2,253,2.08e-48,172,"TAC102","R1",228,311,2,253,84,252,252,TRUE
"TAC102","SRR7910035.8982350",93.333,90,6,0,89,178,31,300,2.09e-48,173,"TAC102","R1",89,178,300,31,90,270,270,TRUE
"TAC102","SRR7910035.3341069",97,100,3,0,160,259,1,300,2.09e-48,173,"TAC102","R1",160,259,1,300,100,300,300,TRUE
"TAC102","SRR7910035.17314253",89,100,11,0,487,586,1,300,2.28e-48,173,"TAC102","R1",487,586,300,1,100,300,300,TRUE
"TAC102","SRR7910035.25745762",96.97,99,3,0,110,208,3,299,2.32e-48,173,"TAC102","R1",110,208,3,299,99,297,297,TRUE
"TAC102","SRR7910035.8415051",98.99,99,1,0,157,255,3,299,2.32e-48,173,"TAC102","R1",157,255,3,299,99,297,297,TRUE
"TAC102","SRR7910035.18300461",98.947,95,1,0,857,951,17,301,2.59e-48,173,"TAC102","R1",857,951,301,17,95,285,285,TRUE
"TAC102","SRR7910035.18129489",87.879,99,12,0,507,605,3,299,2.61e-48,173,"TAC102","R1",507,605,299,3,99,297,297,TRUE
"TAC102","SRR7910035.17281305",94.949,99,5,0,123,221,3,299,2.64e-48,173,"TAC102","R1",123,221,299,3,99,297,297,TRUE
"TAC102","SRR7910035.6068583",97.98,99,2,0,150,248,2,298,3.31e-48,172,"TAC102","R1",150,248,298,2,99,297,297,TRUE
"TAC102","SRR7910035.6291325",97.98,99,2,0,135,233,3,299,3.68e-48,172,"TAC102","R1",135,233,299,3,99,297,297,TRUE
"TAC102","SRR7910035.796826",98.969,97,1,0,140,236,3,293,4.02e-48,172,"TAC102","R1",140,236,3,293,97,291,291,TRUE
"TAC102","SRR7910035.26367709",98.824,85,1,0,563,647,3,257,4.39e-48,172,"TAC102","R1",563,647,3,257,85,255,255,TRUE
"TAC102","SRR7910035.22030347",86.869,99,13,0,470,568,3,299,4.39e-48,172,"TAC102","R1",470,568,299,3,99,297,297,TRUE
"TAC102","SRR7910035.11862689",98.947,95,1,0,857,951,3,287,4.53e-48,172,"TAC102","R1",857,951,3,287,95,285,285,TRUE
"TAC102","SRR7910035.19445696",94,100,6,0,170,269,1,300,5.35e-48,172,"TAC102","R1",170,269,300,1,100,300,300,TRUE
"TAC102","SRR7910035.3617986",95.455,88,4,0,561,648,36,299,6.9e-48,172,"TAC102","R1",561,648,299,36,88,264,264,TRUE
"TAC102","SRR7910035.709469",100,84,0,0,376,459,1,252,7.01e-48,171,"TAC102","R1",376,459,1,252,84,252,252,TRUE
"TAC102","SRR7910035.7142765",97.647,85,2,0,1,85,47,301,7.38e-48,171,"TAC102","R1",1,85,47,301,85,255,255,TRUE
"TAC102","SRR7910035.20223713",88.421,95,11,0,282,376,2,286,7.46e-48,171,"TAC102","R1",282,376,2,286,95,285,285,TRUE
"TAC102","SRR7910035.13404247",88.66,97,11,0,190,286,11,301,7.6e-48,171,"TAC102","R1",190,286,11,301,97,291,291,TRUE
"TAC102","SRR7910035.7059489",96,100,4,0,108,207,1,300,9.62e-48,171,"TAC102","R1",108,207,1,300,100,300,300,TRUE
"TAC102","SRR7910035.22707805",98.936,94,1,0,858,951,1,282,1.12e-47,171,"TAC102","R1",858,951,1,282,94,282,282,TRUE
"TAC102","SRR7910035.26525311",87,100,13,0,474,573,1,300,1.42e-47,171,"TAC102","R1",474,573,300,1,100,300,300,TRUE
"TAC102","SRR7910035.28234608",100,83,0,0,422,504,3,251,1.49e-47,170,"TAC102","R1",422,504,251,3,83,249,249,TRUE
"TAC102","SRR7910035.17401799",95,100,5,0,144,243,2,301,1.57e-47,171,"TAC102","R1",144,243,301,2,100,300,300,TRUE
"TAC102","SRR7910035.13122849",98.81,84,1,0,565,648,48,299,1.73e-47,171,"TAC102","R1",565,648,299,48,84,252,252,TRUE
"TAC102","SRR7910035.4547232",98.795,83,1,0,1,83,3,251,1.76e-47,171,"TAC102","R1",1,83,251,3,83,249,249,TRUE
"TAC102","SRR7910035.20432312",98.81,84,1,0,565,648,47,298,1.89e-47,170,"TAC102","R1",565,648,298,47,84,252,252,TRUE
"TAC102","SRR7910035.18258653",95.506,89,4,0,560,648,28,294,2.08e-47,170,"TAC102","R1",560,648,294,28,89,267,267,TRUE
"TAC102","SRR7910035.20798984",89.474,95,10,0,190,284,15,299,2.25e-47,170,"TAC102","R1",190,284,15,299,95,285,285,TRUE
"TAC102","SRR7910035.26154456",100,79,0,0,808,886,3,239,2.74e-47,170,"TAC102","R1",808,886,239,3,79,237,237,TRUE
"TAC102","SRR7910035.24186092",85.859,99,14,0,74,172,3,299,2.79e-47,170,"TAC102","R1",74,172,299,3,99,297,297,TRUE
"TAC102","SRR7910035.15379168",97.647,85,2,0,1,85,1,255,2.91e-47,170,"TAC102","R1",1,85,255,1,85,255,255,TRUE
"TAC102","SRR7910035.1442435",98.765,81,1,0,808,888,56,298,3.27e-47,170,"TAC102","R1",808,888,56,298,81,243,243,TRUE
"TAC102","SRR7910035.18645682",100,93,0,0,859,951,2,280,3.37e-47,170,"TAC102","R1",859,951,2,280,93,279,279,TRUE
"TAC102","SRR7910035.9913937",86.735,98,13,0,477,574,1,294,3.64e-47,169,"TAC102","R1",477,574,294,1,98,294,294,TRUE
"TAC102","SRR7910035.3433064",100,79,0,0,808,886,3,239,4.26e-47,169,"TAC102","R1",808,886,239,3,79,237,237,TRUE
"TAC102","SRR7910035.18368911",89.583,96,10,0,462,557,3,290,4.56e-47,169,"TAC102","R1",462,557,3,290,96,288,288,TRUE
"TAC102","SRR7910035.18416741",93.939,99,6,0,853,951,3,299,4.6e-47,169,"TAC102","R1",853,951,3,299,99,297,297,TRUE
"TAC102","SRR7910035.13961355",100,80,0,0,52,131,3,242,5.2e-47,168,"TAC102","R1",52,131,3,242,80,240,240,TRUE
"TAC102","SRR7910035.22739383",95.96,99,4,0,144,242,2,298,5.32e-47,169,"TAC102","R1",144,242,298,2,99,297,297,TRUE
"TAC102","SRR7910035.20046319",86.735,98,13,0,10,107,3,296,6.48e-47,169,"TAC102","R1",10,107,3,296,98,294,294,TRUE
"TAC102","SRR7910035.26733004",100,80,0,0,808,887,1,240,6.55e-47,169,"TAC102","R1",808,887,240,1,80,240,240,TRUE
"TAC102","SRR7910035.21136989",97,100,3,0,160,259,1,300,7.58e-47,169,"TAC102","R1",160,259,300,1,100,300,300,TRUE
"TAC102","SRR7910035.9243761",97.531,81,2,0,808,888,59,301,8.78e-47,169,"TAC102","R1",808,888,59,301,81,243,243,TRUE
"TAC102","SRR7910035.22269065",98.78,82,1,0,1,82,56,301,8.86e-47,168,"TAC102","R1",1,82,56,301,82,246,246,TRUE
"TAC102","SRR7910035.26846422",94.949,99,5,0,161,259,3,299,8.95e-47,168,"TAC102","R1",161,259,3,299,99,297,297,TRUE
"TAC102","SRR7910035.18076925",98.78,82,1,0,1,82,54,299,9.04e-47,168,"TAC102","R1",1,82,54,299,82,246,246,TRUE
"TAC102","SRR7910035.21711922",88.542,96,11,0,465,560,3,290,9.87e-47,168,"TAC102","R1",465,560,290,3,96,288,288,TRUE
"TAC102","SRR7910035.24923690",83,100,17,0,261,360,2,301,9.97e-47,168,"TAC102","R1",261,360,301,2,100,300,300,TRUE
"TAC102","SRR7910035.26633647",98.795,83,1,0,566,648,52,300,1.25e-46,168,"TAC102","R1",566,648,300,52,83,249,249,TRUE
"TAC102","SRR7910035.26382147",86.598,97,13,0,485,581,1,291,1.55e-46,168,"TAC102","R1",485,581,291,1,97,291,291,TRUE
"TAC102","SRR7910035.10423660",95,100,5,0,176,275,2,301,1.56e-46,168,"TAC102","R1",176,275,2,301,100,300,300,TRUE
"TAC102","SRR7910035.14100745",98.734,79,1,0,808,886,65,301,1.62e-46,168,"TAC102","R1",808,886,65,301,79,237,237,TRUE
"TAC102","SRR7910035.25107688",82,100,18,0,508,607,1,300,1.69e-46,167,"TAC102","R1",508,607,300,1,100,300,300,TRUE
"TAC102","SRR7910035.21207450",98.795,83,1,0,560,642,1,249,1.9e-46,167,"TAC102","R1",560,642,249,1,83,249,249,TRUE
"TAC102","SRR7910035.14203779",100,92,0,0,860,951,3,278,1.93e-46,167,"TAC102","R1",860,951,3,278,92,276,276,TRUE
"TAC102","SRR7910035.17611914",100,92,0,0,860,951,1,276,1.99e-46,167,"TAC102","R1",860,951,1,276,92,276,276,TRUE
"TAC102","SRR7910035.15128896",100,78,0,0,808,885,1,234,2.22e-46,167,"TAC102","R1",808,885,234,1,78,234,234,TRUE
"TAC102","SRR7910035.5103185",100,80,0,0,55,134,3,242,2.25e-46,167,"TAC102","R1",55,134,3,242,80,240,240,TRUE
"TAC102","SRR7910035.14630187",95,100,5,0,134,233,1,300,2.29e-46,167,"TAC102","R1",134,233,1,300,100,300,300,TRUE
"TAC102","SRR7910035.24151743",97.619,84,2,0,565,648,50,301,2.38e-46,167,"TAC102","R1",565,648,301,50,84,252,252,TRUE
"TAC102","SRR7910035.4441476",98.734,79,1,0,808,886,63,299,2.78e-46,167,"TAC102","R1",808,886,63,299,79,237,237,TRUE
"TAC102","SRR7910035.18877475",98.765,81,1,0,98,178,2,244,3.1e-46,167,"TAC102","R1",98,178,2,244,81,243,243,TRUE
"TAC102","SRR7910035.2867760",94.898,98,5,0,107,204,2,295,3.1e-46,167,"TAC102","R1",107,204,295,2,98,294,294,TRUE
"TAC102","SRR7910035.7651409",93.939,99,6,0,128,226,2,298,3.31e-46,167,"TAC102","R1",128,226,298,2,99,297,297,TRUE
"TAC102","SRR7910035.24866050",98.925,93,1,0,859,951,3,281,3.52e-46,167,"TAC102","R1",859,951,3,281,93,279,279,TRUE
"TAC102","SRR7910035.10161806",100,82,0,0,353,434,3,248,3.97e-46,166,"TAC102","R1",353,434,3,248,82,246,246,TRUE
"TAC102","SRR7910035.4637663",98.99,99,1,0,786,884,3,299,4.44e-46,166,"TAC102","R1",786,884,299,3,99,297,297,TRUE
"TAC102","SRR7910035.15141024",94.949,99,5,0,135,233,3,299,5.51e-46,166,"TAC102","R1",135,233,3,299,99,297,297,TRUE
"TAC102","SRR7910035.2023235",94,100,6,0,111,210,1,300,5.51e-46,166,"TAC102","R1",111,210,1,300,100,300,300,TRUE
"TAC102","SRR7910035.15908950",98.78,82,1,0,567,648,2,247,6.37e-46,166,"TAC102","R1",567,648,2,247,82,246,246,TRUE
"TAC102","SRR7910035.22573712",98.78,82,1,0,567,648,54,299,6.57e-46,166,"TAC102","R1",567,648,299,54,82,246,246,TRUE
"TAC102","SRR7910035.16351949",100,91,0,0,861,951,26,298,7.1e-46,166,"TAC102","R1",861,951,298,26,91,273,273,TRUE
"TAC102","SRR7910035.20097419",96.429,84,3,0,565,648,45,296,7.68e-46,166,"TAC102","R1",565,648,296,45,84,252,252,TRUE
"TAC102","SRR7910035.7984595",96.429,84,3,0,2,85,49,300,7.99e-46,166,"TAC102","R1",2,85,49,300,84,252,252,TRUE
"TAC102","SRR7910035.21695520",98.765,81,1,0,467,547,3,245,9.02e-46,165,"TAC102","R1",467,547,3,245,81,243,243,TRUE
"TAC102","SRR7910035.15240162",94.118,85,5,0,812,896,47,301,9.25e-46,166,"TAC102","R1",812,896,47,301,85,255,255,TRUE
"TAC102","SRR7910035.11218954",96.386,83,3,0,96,178,3,251,1.06e-45,166,"TAC102","R1",96,178,3,251,83,249,249,TRUE
"TAC102","SRR7910035.13237512",94,100,6,0,152,251,1,300,1.22e-45,165,"TAC102","R1",152,251,1,300,100,300,300,TRUE
"TAC102","SRR7910035.4531398",94.949,99,5,0,108,206,2,298,2.06e-45,164,"TAC102","R1",108,206,298,2,99,297,297,TRUE
"TAC102","SRR7910035.24377766",91,100,9,0,123,222,1,300,2.16e-45,164,"TAC102","R1",123,222,1,300,100,300,300,TRUE
"TAC102","SRR7910035.24069234",98.75,80,1,0,1,80,2,241,2.48e-45,164,"TAC102","R1",1,80,241,2,80,240,240,TRUE
"TAC102","SRR7910035.24362670",95,100,5,0,147,246,1,300,2.65e-45,164,"TAC102","R1",147,246,300,1,100,300,300,TRUE
"TAC102","SRR7910035.5401363",94.949,99,5,0,133,231,1,297,2.71e-45,164,"TAC102","R1",133,231,1,297,99,297,297,TRUE
"TAC102","SRR7910035.1035895",98.75,80,1,0,1,80,1,240,2.76e-45,164,"TAC102","R1",1,80,240,1,80,240,240,TRUE
"TAC102","SRR7910035.4071805",95.96,99,4,0,159,257,1,297,3.07e-45,164,"TAC102","R1",159,257,297,1,99,297,297,TRUE
"TAC102","SRR7910035.19446552",92.857,98,7,0,125,222,3,296,3.23e-45,164,"TAC102","R1",125,222,3,296,98,294,294,TRUE
"TAC102","SRR7910035.23717475",84,100,16,0,7,106,1,300,3.32e-45,164,"TAC102","R1",7,106,300,1,100,300,300,TRUE
"TAC102","SRR7910035.26884995",84.848,99,15,0,350,448,3,299,3.8e-45,164,"TAC102","R1",350,448,299,3,99,297,297,TRUE
"TAC102","SRR7910035.27551224",100,90,0,0,862,951,1,270,4.04e-45,164,"TAC102","R1",862,951,1,270,90,270,270,TRUE
"TAC102","SRR7910035.11271351",98.765,81,1,0,568,648,1,243,5.2e-45,163,"TAC102","R1",568,648,1,243,81,243,243,TRUE
"TAC102","SRR7910035.1553953",90,100,10,0,115,214,1,300,5.25e-45,163,"TAC102","R1",115,214,1,300,100,300,300,TRUE
"TAC102","SRR7910035.6012317",98.649,74,1,0,236,309,77,298,5.39e-45,154,"TAC102","R1",236,309,77,298,74,222,222,TRUE
"TAC102","SRR7910035.6012317",88.889,27,3,0,211,237,3,83,5.39e-45,50.8,"TAC102","R1",211,237,3,83,27,81,81,TRUE
"TAC102","SRR7910035.11030886",100,91,0,0,135,225,2,274,5.54e-45,163,"TAC102","R1",135,225,2,274,91,273,273,TRUE
"TAC102","SRR7910035.3543344",85.859,99,14,0,485,583,3,299,6.57e-45,163,"TAC102","R1",485,583,299,3,99,297,297,TRUE
"TAC102","SRR7910035.1408984",98.734,79,1,0,277,355,3,239,8.84e-45,162,"TAC102","R1",277,355,3,239,79,237,237,TRUE
"TAC102","SRR7910035.4466445",94.118,85,5,0,303,387,46,300,8.98e-45,163,"TAC102","R1",303,387,300,46,85,255,255,TRUE
"TAC102","SRR7910035.24855901",98.734,79,1,0,1,79,62,298,1e-44,162,"TAC102","R1",1,79,62,298,79,237,237,TRUE
"TAC102","SRR7910035.22196208",94.118,85,5,0,564,648,45,299,1.1e-44,162,"TAC102","R1",564,648,299,45,85,255,255,TRUE
"TAC102","SRR7910035.12030220",92,100,8,0,148,247,1,300,1.49e-44,162,"TAC102","R1",148,247,1,300,100,300,300,TRUE
"TAC102","SRR7910035.19128268",97,100,3,0,777,876,1,300,1.61e-44,162,"TAC102","R1",777,876,300,1,100,300,300,TRUE
"TAC102","SRR7910035.7307761",98.75,80,1,0,569,648,61,300,2.27e-44,162,"TAC102","R1",569,648,300,61,80,240,240,TRUE
"TAC102","SRR7910035.4074527",98.75,80,1,0,569,648,3,242,2.38e-44,162,"TAC102","R1",569,648,3,242,80,240,240,TRUE
"TAC102","SRR7910035.223307",97.5,80,2,0,1,80,60,299,2.48e-44,161,"TAC102","R1",1,80,60,299,80,240,240,TRUE
"TAC102","SRR7910035.15490401",86.022,93,13,0,474,566,19,297,2.76e-44,161,"TAC102","R1",474,566,297,19,93,279,279,TRUE
"TAC102","SRR7910035.24610298",83.838,99,16,0,512,610,3,299,3.07e-44,161,"TAC102","R1",512,610,299,3,99,297,297,TRUE
"TAC102","SRR7910035.24127057",98.901,91,1,0,134,224,1,273,3.11e-44,161,"TAC102","R1",134,224,1,273,91,273,273,TRUE
"TAC102","SRR7910035.22701722",96.341,82,3,0,567,648,55,300,3.19e-44,161,"TAC102","R1",567,648,300,55,82,246,246,TRUE
"TAC102","SRR7910035.13015899",81.633,98,18,0,472,569,1,294,3.32e-44,161,"TAC102","R1",472,569,294,1,98,294,294,TRUE
"TAC102","SRR7910035.24108027",89.773,88,9,0,1,88,29,292,3.38e-44,161,"TAC102","R1",1,88,29,292,88,264,264,TRUE
"TAC102","SRR7910035.24004477",97.5,80,2,0,569,648,61,300,3.38e-44,161,"TAC102","R1",569,648,300,61,80,240,240,TRUE
"TAC102","SRR7910035.17791086",94.048,84,5,0,1,84,48,299,3.84e-44,161,"TAC102","R1",1,84,48,299,84,252,252,TRUE
"TAC102","SRR7910035.17358324",81,100,19,0,459,558,1,300,3.88e-44,161,"TAC102","R1",459,558,300,1,100,300,300,TRUE
"TAC102","SRR7910035.6808112",96,100,4,0,777,876,2,301,4.4e-44,161,"TAC102","R1",777,876,301,2,100,300,300,TRUE
"TAC102","SRR7910035.28313883",83,100,17,0,492,591,1,300,5e-44,160,"TAC102","R1",492,591,300,1,100,300,300,TRUE
"TAC102","SRR7910035.24496149",98.718,78,1,0,1,78,1,234,5.95e-44,160,"TAC102","R1",1,78,234,1,78,234,234,TRUE
"TAC102","SRR7910035.21455053",98.718,78,1,0,1,78,67,300,5.95e-44,160,"TAC102","R1",1,78,67,300,78,234,234,TRUE
"TAC102","SRR7910035.11769679",98.889,90,1,0,862,951,3,272,6.76e-44,160,"TAC102","R1",862,951,3,272,90,270,270,TRUE
"TAC102","SRR7910035.16091880",98.734,79,1,0,570,648,65,301,6.96e-44,160,"TAC102","R1",570,648,301,65,79,237,237,TRUE
"TAC102","SRR7910035.10708004",98.734,79,1,0,529,607,2,238,7.12e-44,159,"TAC102","R1",529,607,2,238,79,237,237,TRUE
"TAC102","SRR7910035.11835878",97.98,99,2,0,771,869,3,299,7.67e-44,160,"TAC102","R1",771,869,299,3,99,297,297,TRUE
"TAC102","SRR7910035.2221137",91.919,99,8,0,168,266,3,299,8.13e-44,160,"TAC102","R1",168,266,299,3,99,297,297,TRUE
"TAC102","SRR7910035.19812371",97.5,80,2,0,569,648,61,300,1.02e-43,160,"TAC102","R1",569,648,300,61,80,240,240,TRUE
"TAC102","SRR7910035.23542305",98.734,79,1,0,570,648,2,238,1.07e-43,160,"TAC102","R1",570,648,2,238,79,237,237,TRUE
"TAC102","SRR7910035.25952944",96,100,4,0,781,880,1,300,1.24e-43,159,"TAC102","R1",781,880,300,1,100,300,300,TRUE
"TAC102","SRR7910035.18514526",100,88,0,0,864,951,1,264,1.88e-43,159,"TAC102","R1",864,951,1,264,88,264,264,TRUE
"TAC102","SRR7910035.17310111",100,88,0,0,864,951,1,264,1.88e-43,159,"TAC102","R1",864,951,1,264,88,264,264,TRUE
"TAC102","SRR7910035.7252032",100,88,0,0,864,951,37,300,1.88e-43,159,"TAC102","R1",864,951,300,37,88,264,264,TRUE
"TAC102","SRR7910035.1369732",100,88,0,0,864,951,2,265,1.88e-43,159,"TAC102","R1",864,951,2,265,88,264,264,TRUE
"TAC102","SRR7910035.25344095",98.718,78,1,0,14,91,3,236,4.32e-43,157,"TAC102","R1",14,91,3,236,78,234,234,TRUE
"TAC102","SRR7910035.9195797",82.653,98,17,0,480,577,3,296,4.39e-43,158,"TAC102","R1",480,577,296,3,98,294,294,TRUE
"TAC102","SRR7910035.10735145",90.909,99,9,0,95,193,3,299,5.76e-43,157,"TAC102","R1",95,193,299,3,99,297,297,TRUE
"TAC102","SRR7910035.3160114",90.816,98,9,0,509,606,1,294,8.1e-43,157,"TAC102","R1",509,606,294,1,98,294,294,TRUE
"TAC102","SRR7910035.16330321",100,87,0,0,865,951,39,299,1.09e-42,157,"TAC102","R1",865,951,299,39,87,261,261,TRUE
"TAC102","SRR7910035.6539746",100,87,0,0,865,951,1,261,1.09e-42,157,"TAC102","R1",865,951,1,261,87,261,261,TRUE
"TAC102","SRR7910035.12002018",97.403,77,2,0,251,327,3,233,1.2e-42,156,"TAC102","R1",251,327,233,3,77,231,231,TRUE
"TAC102","SRR7910035.15453510",98.99,99,1,0,162,260,3,299,1.27e-42,157,"TAC102","R1",162,260,3,299,99,297,297,TRUE
"TAC102","SRR7910035.12269629",98.684,76,1,0,1,76,2,229,1.38e-42,157,"TAC102","R1",1,76,229,2,76,228,228,TRUE
"TAC102","SRR7910035.11981873",98.701,77,1,0,572,648,69,299,1.82e-42,156,"TAC102","R1",572,648,299,69,77,231,231,TRUE
"TAC102","SRR7910035.327868",96.25,80,3,0,1,80,3,242,2.1e-42,156,"TAC102","R1",1,80,242,3,80,240,240,TRUE
"TAC102","SRR7910035.14174778",98.701,77,1,0,572,648,3,233,2.27e-42,156,"TAC102","R1",572,648,3,233,77,231,231,TRUE
"TAC102","SRR7910035.24140280",100,76,0,0,291,366,2,229,3.24e-42,155,"TAC102","R1",291,366,2,229,76,228,228,TRUE
"TAC102","SRR7910035.24389470",100,86,0,0,866,951,3,260,3.37e-42,155,"TAC102","R1",866,951,3,260,86,258,258,TRUE
"TAC102","SRR7910035.662983",87.629,97,12,0,483,579,3,293,4.2e-42,155,"TAC102","R1",483,579,293,3,97,291,291,TRUE
"TAC102","SRR7910035.25975256",98.684,76,1,0,573,648,1,228,6.14e-42,155,"TAC102","R1",573,648,1,228,76,228,228,TRUE
"TAC102","SRR7910035.20643311",98.684,76,1,0,544,619,3,230,6.46e-42,154,"TAC102","R1",544,619,3,230,76,228,228,TRUE
"TAC102","SRR7910035.21768042",100,100,0,0,781,880,1,300,8.79e-42,154,"TAC102","R1",781,880,1,300,100,300,300,TRUE
"TAC102","SRR7910035.20028226",100,100,0,0,781,880,1,300,8.79e-42,154,"TAC102","R1",781,880,300,1,100,300,300,TRUE
"TAC102","SRR7910035.20578040",100,100,0,0,778,877,2,301,9.23e-42,154,"TAC102","R1",778,877,301,2,100,300,300,TRUE
"TAC102","SRR7910035.4944279",100,100,0,0,778,877,1,300,9.23e-42,154,"TAC102","R1",778,877,300,1,100,300,300,TRUE
"TAC102","SRR7910035.7801113",97.403,77,2,0,101,177,3,233,9.41e-42,154,"TAC102","R1",101,177,3,233,77,231,231,TRUE
"TAC102","SRR7910035.9443535",99,100,1,0,777,876,2,301,9.51e-42,154,"TAC102","R1",777,876,2,301,100,300,300,TRUE
"TAC102","SRR7910035.22844732",100,100,0,0,780,879,1,300,9.98e-42,154,"TAC102","R1",780,879,300,1,100,300,300,TRUE
"TAC102","SRR7910035.6310370",100,100,0,0,780,879,1,300,9.98e-42,154,"TAC102","R1",780,879,300,1,100,300,300,TRUE
"TAC102","SRR7910035.4633568",100,100,0,0,776,875,1,300,1.02e-41,154,"TAC102","R1",776,875,300,1,100,300,300,TRUE
"TAC102","SRR7910035.26696154",98.649,74,1,0,1,74,79,300,1.25e-41,154,"TAC102","R1",1,74,79,300,74,222,222,TRUE
"TAC102","SRR7910035.2379492",98.649,74,1,0,1,74,2,223,1.25e-41,154,"TAC102","R1",1,74,223,2,74,222,222,TRUE
"TAC102","SRR7910035.26085507",87.356,87,11,0,92,178,3,263,1.92e-41,153,"TAC102","R1",92,178,3,263,87,261,261,TRUE
"TAC102","SRR7910035.9898672",91,100,9,0,145,244,2,301,1.93e-41,153,"TAC102","R1",145,244,301,2,100,300,300,TRUE
"TAC102","SRR7910035.24893376",92.593,81,6,0,1,81,57,299,2.11e-41,153,"TAC102","R1",1,81,57,299,81,243,243,TRUE
"TAC102","SRR7910035.3048341",86,100,14,0,136,235,2,301,2.42e-41,153,"TAC102","R1",136,235,2,301,100,300,300,TRUE
"TAC102","SRR7910035.6035403",92.405,79,6,0,1,79,63,299,2.51e-41,153,"TAC102","R1",1,79,63,299,79,237,237,TRUE
"TAC102","SRR7910035.8057985",93.827,81,5,0,568,648,58,300,2.8e-41,153,"TAC102","R1",568,648,300,58,81,243,243,TRUE
"TAC102","SRR7910035.11021101",99,100,1,0,775,874,1,300,3.33e-41,152,"TAC102","R1",775,874,300,1,100,300,300,TRUE
"TAC102","SRR7910035.24141419",99,100,1,0,776,875,2,301,3.64e-41,152,"TAC102","R1",776,875,301,2,100,300,300,TRUE
"TAC102","SRR7910035.1237944",100,99,0,0,777,875,1,297,4.5e-41,152,"TAC102","R1",777,875,1,297,99,297,297,TRUE
"TAC102","SRR7910035.13513948",98.99,99,1,0,778,876,3,299,4.51e-41,152,"TAC102","R1",778,876,299,3,99,297,297,TRUE
"TAC102","SRR7910035.3927255",98.99,99,1,0,777,875,3,299,4.64e-41,152,"TAC102","R1",777,875,299,3,99,297,297,TRUE
"TAC102","SRR7910035.16140444",98.99,99,1,0,780,878,2,298,5.01e-41,152,"TAC102","R1",780,878,2,298,99,297,297,TRUE
"TAC102","SRR7910035.18729242",100,73,0,0,89,161,2,220,5.13e-41,151,"TAC102","R1",89,161,220,2,73,219,219,TRUE
"TAC102","SRR7910035.16900129",98.99,99,1,0,782,880,3,299,5.16e-41,152,"TAC102","R1",782,880,3,299,99,297,297,TRUE
"TAC102","SRR7910035.20231549",100,72,0,0,812,883,3,218,5.32e-41,152,"TAC102","R1",812,883,218,3,72,216,216,TRUE
"TAC102","SRR7910035.21479201",98.63,73,1,0,1,73,1,219,5.75e-41,152,"TAC102","R1",1,73,219,1,73,219,219,TRUE
"TAC102","SRR7910035.27798893",100,99,0,0,784,882,3,299,6.15e-41,152,"TAC102","R1",784,882,299,3,99,297,297,TRUE
"TAC102","SRR7910035.20711147",77.551,98,22,0,460,557,3,296,6.59e-41,152,"TAC102","R1",460,557,296,3,98,294,294,TRUE
"TAC102","SRR7910035.24940358",89,100,11,0,153,252,1,300,7.4e-41,152,"TAC102","R1",153,252,1,300,100,300,300,TRUE
"TAC102","SRR7910035.18755681",100,84,0,0,868,951,2,253,7.46e-41,152,"TAC102","R1",868,951,2,253,84,252,252,TRUE
"TAC102","SRR7910035.15766319",80,100,20,0,485,584,1,300,7.47e-41,152,"TAC102","R1",485,584,300,1,100,300,300,TRUE
"TAC102","SRR7910035.14253965",100,84,0,0,868,951,48,299,7.69e-41,152,"TAC102","R1",868,951,299,48,84,252,252,TRUE
"TAC102","SRR7910035.26094574",93.75,80,5,0,812,891,62,301,9.17e-41,151,"TAC102","R1",812,891,62,301,80,240,240,TRUE
"TAC102","SRR7910035.13062929",98.667,75,1,0,523,597,1,225,1.03e-40,150,"TAC102","R1",523,597,1,225,75,225,225,TRUE
"TAC102","SRR7910035.23938954",86.869,99,13,0,136,234,3,299,1.18e-40,151,"TAC102","R1",136,234,3,299,99,297,297,TRUE
"TAC102","SRR7910035.19385950",97.297,74,2,0,224,297,79,300,1.29e-40,151,"TAC102","R1",224,297,300,79,74,222,222,TRUE
"TAC102","SRR7910035.23869750",80.808,99,19,0,354,452,3,299,1.38e-40,151,"TAC102","R1",354,452,299,3,99,297,297,TRUE
"TAC102","SRR7910035.15159401",100,99,0,0,776,874,3,299,1.39e-40,151,"TAC102","R1",776,874,299,3,99,297,297,TRUE
"TAC102","SRR7910035.9675478",98.99,99,1,0,776,874,3,299,1.39e-40,151,"TAC102","R1",776,874,3,299,99,297,297,TRUE
"TAC102","SRR7910035.5563497",100,99,0,0,776,874,3,299,1.39e-40,151,"TAC102","R1",776,874,299,3,99,297,297,TRUE
"TAC102","SRR7910035.21439956",93.59,78,5,0,1,78,67,300,1.81e-40,150,"TAC102","R1",1,78,67,300,78,234,234,TRUE
"TAC102","SRR7910035.36501",98.99,99,1,0,775,873,3,299,1.9e-40,150,"TAC102","R1",775,873,3,299,99,297,297,TRUE
"TAC102","SRR7910035.13715004",98,100,2,0,773,872,2,301,2.09e-40,150,"TAC102","R1",773,872,301,2,100,300,300,TRUE
"TAC102","SRR7910035.3646190",99,100,1,0,782,881,1,300,2.14e-40,150,"TAC102","R1",782,881,300,1,100,300,300,TRUE
"TAC102","SRR7910035.27468237",98.99,99,1,0,773,871,3,299,2.38e-40,150,"TAC102","R1",773,871,299,3,99,297,297,TRUE
"TAC102","SRR7910035.6245542",85.227,88,13,0,1,88,2,265,2.38e-40,150,"TAC102","R1",1,88,265,2,88,264,264,TRUE
"TAC102","SRR7910035.739665",100,84,0,0,118,201,2,253,2.72e-40,149,"TAC102","R1",118,201,253,2,84,252,252,TRUE
"TAC102","SRR7910035.144157",93.421,76,5,0,812,887,74,301,3.03e-40,150,"TAC102","R1",812,887,74,301,76,228,228,TRUE
"TAC102","SRR7910035.19635848",97.98,99,2,0,779,877,3,299,3.09e-40,150,"TAC102","R1",779,877,299,3,99,297,297,TRUE
"TAC102","SRR7910035.25582412",100,69,0,0,837,905,3,209,3.39e-40,149,"TAC102","R1",837,905,3,209,69,207,207,TRUE
"TAC102","SRR7910035.17282359",99,100,1,0,769,868,1,300,4.93e-40,149,"TAC102","R1",769,868,300,1,100,300,300,TRUE
"TAC102","SRR7910035.15436240",100,100,0,0,769,868,2,301,4.93e-40,149,"TAC102","R1",769,868,301,2,100,300,300,TRUE
"TAC102","SRR7910035.25408663",96,75,3,0,574,648,2,226,5.7e-40,149,"TAC102","R1",574,648,2,226,75,225,225,TRUE
"TAC102","SRR7910035.8084481",100,100,0,0,768,867,2,301,6.34e-40,149,"TAC102","R1",768,867,301,2,100,300,300,TRUE
"TAC102","SRR7910035.18696142",98,100,2,0,782,881,1,300,7.48e-40,149,"TAC102","R1",782,881,1,300,100,300,300,TRUE
"TAC102","SRR7910035.17770174",100,100,0,0,766,865,2,301,7.56e-40,149,"TAC102","R1",766,865,301,2,100,300,300,TRUE
"TAC102","SRR7910035.10419688",98,100,2,0,768,867,2,301,7.63e-40,149,"TAC102","R1",768,867,301,2,100,300,300,TRUE
"TAC102","SRR7910035.12163063",80.208,96,19,0,463,558,3,290,8.25e-40,149,"TAC102","R1",463,558,290,3,96,288,288,TRUE
"TAC102","SRR7910035.7524765",99,100,1,0,774,873,1,300,1.19e-39,148,"TAC102","R1",774,873,300,1,100,300,300,TRUE
"TAC102","SRR7910035.19212615",98.795,83,1,0,869,951,3,251,1.46e-39,148,"TAC102","R1",869,951,3,251,83,249,249,TRUE
"TAC102","SRR7910035.6083625",97.297,74,2,0,574,647,2,223,1.76e-39,148,"TAC102","R1",574,647,2,223,74,222,222,TRUE
"TAC102","SRR7910035.5800308",97.222,72,2,0,1,72,86,301,2.24e-39,147,"TAC102","R1",1,72,86,301,72,216,216,TRUE
"TAC102","SRR7910035.13737285",91.139,79,7,0,570,648,63,299,2.4e-39,147,"TAC102","R1",570,648,299,63,79,237,237,TRUE
"TAC102","SRR7910035.3334857",100,100,0,0,760,859,2,301,2.43e-39,147,"TAC102","R1",760,859,301,2,100,300,300,TRUE
"TAC102","SRR7910035.22604646",99,100,1,0,761,860,2,301,2.6e-39,147,"TAC102","R1",761,860,301,2,100,300,300,TRUE
"TAC102","SRR7910035.1398154",98.611,72,1,0,577,648,86,301,2.75e-39,147,"TAC102","R1",577,648,301,86,72,216,216,TRUE
"TAC102","SRR7910035.1899566",98.611,72,1,0,577,648,84,299,3.21e-39,147,"TAC102","R1",577,648,299,84,72,216,216,TRUE
"TAC102","SRR7910035.17182635",98.795,83,1,0,869,951,3,251,3.79e-39,147,"TAC102","R1",869,951,3,251,83,249,249,TRUE
"TAC102","SRR7910035.10269729",100,99,0,0,766,864,2,298,3.79e-39,147,"TAC102","R1",766,864,298,2,99,297,297,TRUE
"TAC102","SRR7910035.8729990",98.99,99,1,0,765,863,2,298,4.47e-39,147,"TAC102","R1",765,863,298,2,99,297,297,TRUE
"TAC102","SRR7910035.5150552",98.99,99,1,0,767,865,3,299,4.65e-39,146,"TAC102","R1",767,865,3,299,99,297,297,TRUE
"TAC102","SRR7910035.19343574",97.26,73,2,0,576,648,81,299,4.79e-39,146,"TAC102","R1",576,648,299,81,73,219,219,TRUE
"TAC102","SRR7910035.15953524",77.941,68,15,0,35,102,90,293,6.52e-39,111,"TAC102","R1",35,102,293,90,68,204,204,TRUE
"TAC102","SRR7910035.15953524",94.444,36,2,0,97,132,1,108,6.52e-39,73.2,"TAC102","R1",97,132,108,1,36,108,108,TRUE
"TAC102","SRR7910035.15834519",97,100,3,0,760,859,1,300,6.6e-39,146,"TAC102","R1",760,859,300,1,100,300,300,TRUE
"TAC102","SRR7910035.6794768",96,100,4,0,774,873,1,300,8.25e-39,146,"TAC102","R1",774,873,1,300,100,300,300,TRUE
"TAC102","SRR7910035.2552875",97.619,84,2,0,868,951,48,299,8.41e-39,146,"TAC102","R1",868,951,299,48,84,252,252,TRUE
"TAC102","SRR7910035.14890859",96.97,99,3,0,783,881,3,299,9.18e-39,145,"TAC102","R1",783,881,3,299,99,297,297,TRUE
"TAC102","SRR7910035.16388676",98,100,2,0,761,860,2,301,9.64e-39,145,"TAC102","R1",761,860,2,301,100,300,300,TRUE
"TAC102","SRR7910035.2017837",98.571,70,1,0,1,70,2,211,1.16e-38,145,"TAC102","R1",1,70,211,2,70,210,210,TRUE
"TAC102","SRR7910035.19885967",98.99,99,1,0,760,858,3,299,1.17e-38,145,"TAC102","R1",760,858,3,299,99,297,297,TRUE
"TAC102","SRR7910035.15495113",100,99,0,0,761,859,3,299,1.2e-38,145,"TAC102","R1",761,859,3,299,99,297,297,TRUE
"TAC102","SRR7910035.28144039",98.99,99,1,0,766,864,2,298,1.35e-38,145,"TAC102","R1",766,864,298,2,99,297,297,TRUE
"TAC102","SRR7910035.22016128",93.243,74,5,0,1,74,78,299,1.46e-38,145,"TAC102","R1",1,74,78,299,74,222,222,TRUE
"TAC102","SRR7910035.25528252",94.667,75,4,0,574,648,76,300,1.49e-38,145,"TAC102","R1",574,648,300,76,75,225,225,TRUE
"TAC102","SRR7910035.24749341",98.99,99,1,0,760,858,1,297,1.61e-38,145,"TAC102","R1",760,858,297,1,99,297,297,TRUE
"TAC102","SRR7910035.382416",97.98,99,2,0,766,864,2,298,1.66e-38,145,"TAC102","R1",766,864,298,2,99,297,297,TRUE
"TAC102","SRR7910035.4328370",98,100,2,0,766,865,2,301,1.78e-38,145,"TAC102","R1",766,865,301,2,100,300,300,TRUE
"TAC102","SRR7910035.21316447",99,100,1,0,756,855,2,301,1.83e-38,145,"TAC102","R1",756,855,301,2,100,300,300,TRUE
"TAC102","SRR7910035.6508120",100,100,0,0,756,855,1,300,1.83e-38,145,"TAC102","R1",756,855,1,300,100,300,300,TRUE
"TAC102","SRR7910035.26708005",99,100,1,0,754,853,2,301,1.88e-38,145,"TAC102","R1",754,853,2,301,100,300,300,TRUE
"TAC102","SRR7910035.14159765",99,100,1,0,754,853,2,301,1.88e-38,145,"TAC102","R1",754,853,2,301,100,300,300,TRUE
"TAC102","SRR7910035.8704320",97.98,99,2,0,763,861,3,299,2.22e-38,144,"TAC102","R1",763,861,299,3,99,297,297,TRUE
"TAC102","SRR7910035.1780368",100,82,0,0,144,225,3,248,2.26e-38,144,"TAC102","R1",144,225,3,248,82,246,246,TRUE
"TAC102","SRR7910035.3257353",97.222,72,2,0,577,648,86,301,2.6e-38,144,"TAC102","R1",577,648,301,86,72,216,216,TRUE
"TAC102","SRR7910035.16998286",98.571,70,1,0,542,611,2,211,2.69e-38,143,"TAC102","R1",542,611,211,2,70,210,210,TRUE
"TAC102","SRR7910035.5419198",98.99,99,1,0,758,856,3,299,2.86e-38,144,"TAC102","R1",758,856,299,3,99,297,297,TRUE
"TAC102","SRR7910035.24504141",98,100,2,0,757,856,2,301,3.06e-38,144,"TAC102","R1",757,856,2,301,100,300,300,TRUE
"TAC102","SRR7910035.5506856",97.98,99,2,0,768,866,3,299,3.41e-38,144,"TAC102","R1",768,866,299,3,99,297,297,TRUE
"TAC102","SRR7910035.8548006",100,100,0,0,753,852,2,301,4.26e-38,144,"TAC102","R1",753,852,301,2,100,300,300,TRUE
"TAC102","SRR7910035.8067988",100,100,0,0,753,852,2,301,4.26e-38,144,"TAC102","R1",753,852,301,2,100,300,300,TRUE
"TAC102","SRR7910035.16449518",97.98,99,2,0,762,860,3,299,4.55e-38,144,"TAC102","R1",762,860,299,3,99,297,297,TRUE
"TAC102","SRR7910035.12187750",94,100,6,0,763,862,2,301,5.98e-38,143,"TAC102","R1",763,862,301,2,100,300,300,TRUE
"TAC102","SRR7910035.15227818",97.98,99,2,0,764,862,3,299,6.34e-38,143,"TAC102","R1",764,862,3,299,99,297,297,TRUE
"TAC102","SRR7910035.17175284",75,100,25,0,198,297,1,300,6.92e-38,143,"TAC102","R1",198,297,1,300,100,300,300,TRUE
"TAC102","SRR7910035.18589334",100,99,0,0,757,855,3,299,7.41e-38,143,"TAC102","R1",757,855,299,3,99,297,297,TRUE
"TAC102","SRR7910035.11242792",93,100,7,0,783,882,1,300,7.48e-38,143,"TAC102","R1",783,882,1,300,100,300,300,TRUE
"TAC102","SRR7910035.25272867",98.551,69,1,0,1,69,1,207,8.66e-38,143,"TAC102","R1",1,69,207,1,69,207,207,TRUE
"TAC102","SRR7910035.21294044",100,99,0,0,756,854,3,299,8.91e-38,143,"TAC102","R1",756,854,299,3,99,297,297,TRUE
"TAC102","SRR7910035.13234468",98.99,99,1,0,763,861,3,299,1.22e-37,142,"TAC102","R1",763,861,299,3,99,297,297,TRUE
"TAC102","SRR7910035.24669349",93.421,76,5,0,573,648,74,301,1.35e-37,142,"TAC102","R1",573,648,301,74,76,228,228,TRUE
"TAC102","SRR7910035.4177382",100,100,0,0,752,851,1,300,1.76e-37,142,"TAC102","R1",752,851,1,300,100,300,300,TRUE
"TAC102","SRR7910035.11529124",99,100,1,0,753,852,2,301,2.07e-37,142,"TAC102","R1",753,852,2,301,100,300,300,TRUE
"TAC102","SRR7910035.15775664",85.714,98,14,0,144,241,2,295,2.22e-37,142,"TAC102","R1",144,241,2,295,98,294,294,TRUE
"TAC102","SRR7910035.15670205",100,98,0,0,758,855,3,296,2.57e-37,142,"TAC102","R1",758,855,3,296,98,294,294,TRUE
"TAC102","SRR7910035.7664472",96.97,99,3,0,767,865,2,298,2.97e-37,141,"TAC102","R1",767,865,2,298,99,297,297,TRUE
"TAC102","SRR7910035.14928006",100,81,0,0,155,235,1,243,7.05e-37,140,"TAC102","R1",155,235,1,243,81,243,243,TRUE
"TAC102","SRR7910035.7130427",98.529,68,1,0,1,68,2,205,8e-37,140,"TAC102","R1",1,68,205,2,68,204,204,TRUE
"TAC102","SRR7910035.18461185",100,79,0,0,873,951,63,299,8.08e-37,140,"TAC102","R1",873,951,299,63,79,237,237,TRUE
"TAC102","SRR7910035.9781281",100,79,0,0,873,951,3,239,8.08e-37,140,"TAC102","R1",873,951,3,239,79,237,237,TRUE
"TAC102","SRR7910035.1159547",100,79,0,0,873,951,3,239,8.08e-37,140,"TAC102","R1",873,951,3,239,79,237,237,TRUE
"TAC102","SRR7910035.8459126",74.747,99,25,0,478,576,1,297,8.32e-37,140,"TAC102","R1",478,576,297,1,99,297,297,TRUE
"TAC102","SRR7910035.13267385",98.529,68,1,0,1,68,97,300,1.03e-36,140,"TAC102","R1",1,68,97,300,68,204,204,TRUE
"TAC102","SRR7910035.3195333",100,99,0,0,752,850,1,297,1.17e-36,140,"TAC102","R1",752,850,297,1,99,297,297,TRUE
"TAC102","SRR7910035.21464124",96.341,82,3,0,870,951,54,299,1.48e-36,139,"TAC102","R1",870,951,299,54,82,246,246,TRUE
"TAC102","SRR7910035.4358870",98.507,67,1,0,271,337,2,202,1.66e-36,138,"TAC102","R1",271,337,2,202,67,201,201,TRUE
"TAC102","SRR7910035.27009955",98,100,2,0,747,846,2,301,2.2e-36,139,"TAC102","R1",747,846,2,301,100,300,300,TRUE
"TAC102","SRR7910035.12822655",99,100,1,0,747,846,1,300,2.2e-36,139,"TAC102","R1",747,846,300,1,100,300,300,TRUE
"TAC102","SRR7910035.1160585",97.5,80,2,0,872,951,3,242,2.22e-36,139,"TAC102","R1",872,951,3,242,80,240,240,TRUE
"TAC102","SRR7910035.27829777",100,66,0,0,293,358,2,199,2.25e-36,137,"TAC102","R1",293,358,199,2,66,198,198,TRUE
"TAC102","SRR7910035.17724243",97.143,70,2,0,579,648,51,260,2.29e-36,138,"TAC102","R1",579,648,260,51,70,210,210,TRUE
"TAC102","SRR7910035.13033134",98.529,68,1,0,581,648,1,204,3.06e-36,139,"TAC102","R1",581,648,1,204,68,204,204,TRUE
"TAC102","SRR7910035.9070609",98.529,68,1,0,581,648,2,205,3.4e-36,138,"TAC102","R1",581,648,2,205,68,204,204,TRUE
"TAC102","SRR7910035.14223602",96.97,99,3,0,756,854,3,299,3.64e-36,138,"TAC102","R1",756,854,3,299,99,297,297,TRUE
"TAC102","SRR7910035.25153210",98.507,67,1,0,1,67,1,201,3.97e-36,138,"TAC102","R1",1,67,201,1,67,201,201,TRUE
"TAC102","SRR7910035.22552878",98.507,67,1,0,1,67,100,300,3.97e-36,138,"TAC102","R1",1,67,100,300,67,201,201,TRUE
"TAC102","SRR7910035.11502347",100,78,0,0,874,951,3,236,5.06e-36,138,"TAC102","R1",874,951,3,236,78,234,234,TRUE
"TAC102","SRR7910035.14577897",97.98,99,2,0,752,850,4,300,6.03e-36,137,"TAC102","R1",752,850,4,300,99,297,297,TRUE
"TAC102","SRR7910035.13244000",98.99,99,1,0,752,850,3,299,6.15e-36,137,"TAC102","R1",752,850,3,299,99,297,297,TRUE
"TAC102","SRR7910035.23949434",98.507,67,1,0,1,67,3,203,6.64e-36,137,"TAC102","R1",1,67,203,3,67,201,201,TRUE
"TAC102","SRR7910035.5327292",94.366,71,4,0,578,648,87,299,6.84e-36,137,"TAC102","R1",578,648,299,87,71,213,213,TRUE
"TAC102","SRR7910035.24132575",98,100,2,0,750,849,2,301,8.07e-36,137,"TAC102","R1",750,849,301,2,100,300,300,TRUE
"TAC102","SRR7910035.8425391",97.015,67,2,0,1,67,101,301,1.25e-35,137,"TAC102","R1",1,67,101,301,67,201,201,TRUE
"TAC102","SRR7910035.9742178",97,100,3,0,750,849,1,300,1.26e-35,137,"TAC102","R1",750,849,1,300,100,300,300,TRUE
"TAC102","SRR7910035.4274240",98.529,68,1,0,581,648,2,205,1.45e-35,135,"TAC102","R1",581,648,2,205,68,204,204,TRUE
"TAC102","SRR7910035.7299495",97.98,99,2,0,750,848,3,299,1.46e-35,137,"TAC102","R1",750,848,299,3,99,297,297,TRUE
"TAC102","SRR7910035.4704805",98.99,99,1,0,750,848,3,299,1.46e-35,137,"TAC102","R1",750,848,3,299,99,297,297,TRUE
"TAC102","SRR7910035.5441088",97.015,67,2,0,1,67,98,298,1.47e-35,136,"TAC102","R1",1,67,98,298,67,201,201,TRUE
"TAC102","SRR7910035.22327760",98,100,2,0,744,843,2,301,1.58e-35,136,"TAC102","R1",744,843,301,2,100,300,300,TRUE
"TAC102","SRR7910035.6133692",93.939,99,6,0,733,831,3,299,1.61e-35,136,"TAC102","R1",733,831,3,299,99,297,297,TRUE
"TAC102","SRR7910035.4768248",98.99,99,1,0,752,850,4,300,1.67e-35,136,"TAC102","R1",752,850,4,300,99,297,297,TRUE
"TAC102","SRR7910035.18775494",98.99,99,1,0,747,845,3,299,1.79e-35,136,"TAC102","R1",747,845,299,3,99,297,297,TRUE
"TAC102","SRR7910035.20306786",99,100,1,0,743,842,1,300,1.9e-35,136,"TAC102","R1",743,842,300,1,100,300,300,TRUE
"TAC102","SRR7910035.4750416",99,100,1,0,743,842,1,300,1.9e-35,136,"TAC102","R1",743,842,1,300,100,300,300,TRUE
"TAC102","SRR7910035.27323566",98,100,2,0,745,844,1,300,2.11e-35,136,"TAC102","R1",745,844,300,1,100,300,300,TRUE
"TAC102","SRR7910035.7000129",97.015,67,2,0,1,67,101,301,2.54e-35,136,"TAC102","R1",1,67,101,301,67,201,201,TRUE
"TAC102","SRR7910035.21869168",100,77,0,0,875,951,2,232,2.56e-35,136,"TAC102","R1",875,951,2,232,77,231,231,TRUE
"TAC102","SRR7910035.4736678",100,77,0,0,875,951,1,231,2.56e-35,136,"TAC102","R1",875,951,1,231,77,231,231,TRUE
"TAC102","SRR7910035.149546",100,77,0,0,875,951,69,299,2.56e-35,136,"TAC102","R1",875,951,299,69,77,231,231,TRUE
"TAC102","SRR7910035.24764410",97.98,99,2,0,746,844,3,299,2.74e-35,136,"TAC102","R1",746,844,299,3,99,297,297,TRUE
"TAC102","SRR7910035.13395112",97.059,68,2,0,581,648,96,299,2.91e-35,135,"TAC102","R1",581,648,299,96,68,204,204,TRUE
"TAC102","SRR7910035.18414811",93.902,82,5,0,870,951,2,247,3.17e-35,135,"TAC102","R1",870,951,2,247,82,246,246,TRUE
"TAC102","SRR7910035.21161119",98,100,2,0,749,848,1,300,3.85e-35,135,"TAC102","R1",749,848,300,1,100,300,300,TRUE
"TAC102","SRR7910035.24906510",97,100,3,0,733,832,2,301,3.97e-35,135,"TAC102","R1",733,832,2,301,100,300,300,TRUE
"TAC102","SRR7910035.23576780",94.366,71,4,0,578,648,87,299,4.16e-35,135,"TAC102","R1",578,648,299,87,71,213,213,TRUE
"TAC102","SRR7910035.1141484",98,100,2,0,736,835,2,301,4.33e-35,135,"TAC102","R1",736,835,301,2,100,300,300,TRUE
"TAC102","SRR7910035.12905111",99,100,1,0,735,834,2,301,4.86e-35,135,"TAC102","R1",735,834,301,2,100,300,300,TRUE
"TAC102","SRR7910035.12828957",99,100,1,0,735,834,1,300,4.86e-35,135,"TAC102","R1",735,834,300,1,100,300,300,TRUE
"TAC102","SRR7910035.12748195",97.015,67,2,0,582,648,99,299,6.38e-35,135,"TAC102","R1",582,648,299,99,67,201,201,TRUE
"TAC102","SRR7910035.21476",94.203,69,4,0,580,648,94,300,8.96e-35,134,"TAC102","R1",580,648,300,94,69,207,207,TRUE
"TAC102","SRR7910035.14650100",89.691,97,10,0,756,852,1,291,1.22e-34,134,"TAC102","R1",756,852,291,1,97,291,291,TRUE
"TAC102","SRR7910035.16198407",98.99,99,1,0,742,840,2,298,1.27e-34,134,"TAC102","R1",742,840,298,2,99,297,297,TRUE
"TAC102","SRR7910035.25987210",97.98,99,2,0,742,840,2,298,1.31e-34,134,"TAC102","R1",742,840,2,298,99,297,297,TRUE
"TAC102","SRR7910035.13878768",97.98,99,2,0,735,833,3,299,1.33e-34,134,"TAC102","R1",735,833,299,3,99,297,297,TRUE
"TAC102","SRR7910035.27073823",98.99,99,1,0,740,838,3,299,1.35e-34,134,"TAC102","R1",740,838,299,3,99,297,297,TRUE
"TAC102","SRR7910035.26935590",97.98,99,2,0,733,831,4,300,1.51e-34,134,"TAC102","R1",733,831,4,300,99,297,297,TRUE
"TAC102","SRR7910035.16583750",98.99,99,1,0,733,831,2,298,1.51e-34,134,"TAC102","R1",733,831,298,2,99,297,297,TRUE
"TAC102","SRR7910035.18107349",97,100,3,0,744,843,1,300,1.62e-34,134,"TAC102","R1",744,843,300,1,100,300,300,TRUE
"TAC102","SRR7910035.8584692",97.015,67,2,0,582,648,100,300,1.99e-34,133,"TAC102","R1",582,648,300,100,67,201,201,TRUE
"TAC102","SRR7910035.23299453",97.98,99,2,0,736,834,3,299,2.19e-34,133,"TAC102","R1",736,834,3,299,99,297,297,TRUE
"TAC102","SRR7910035.14856082",98.462,65,1,0,1,65,105,299,2.34e-34,133,"TAC102","R1",1,65,105,299,65,195,195,TRUE
"TAC102","SRR7910035.9295551",97,100,3,0,743,842,2,301,2.51e-34,133,"TAC102","R1",743,842,301,2,100,300,300,TRUE
"TAC102","SRR7910035.11149758",92.958,71,5,0,578,648,87,299,2.58e-34,133,"TAC102","R1",578,648,299,87,71,213,213,TRUE
"TAC102","SRR7910035.25606599",97,100,3,0,748,847,2,301,2.66e-34,133,"TAC102","R1",748,847,2,301,100,300,300,TRUE
"TAC102","SRR7910035.27138747",100,76,0,0,876,951,74,301,2.9e-34,133,"TAC102","R1",876,951,301,74,76,228,228,TRUE
"TAC102","SRR7910035.9180517",100,76,0,0,876,951,3,230,2.9e-34,133,"TAC102","R1",876,951,3,230,76,228,228,TRUE
"TAC102","SRR7910035.4178109",98.462,65,1,0,1,65,1,195,3.49e-34,132,"TAC102","R1",1,65,195,1,65,195,195,TRUE
"TAC102","SRR7910035.19946084",95.522,67,3,0,582,648,98,298,5.04e-34,132,"TAC102","R1",582,648,298,98,67,201,201,TRUE
"TAC102","SRR7910035.14689968",95.96,99,4,0,743,841,3,299,6.37e-34,132,"TAC102","R1",743,841,299,3,99,297,297,TRUE
"TAC102","SRR7910035.14511909",96.97,66,2,0,1,66,103,300,6.5e-34,132,"TAC102","R1",1,66,103,300,66,198,198,TRUE
"TAC102","SRR7910035.18832228",87,100,13,0,752,851,2,301,6.56e-34,132,"TAC102","R1",752,851,301,2,100,300,300,TRUE
"TAC102","SRR7910035.11234189",98.438,64,1,0,1,64,1,192,1.28e-33,131,"TAC102","R1",1,64,192,1,64,192,192,TRUE
"TAC102","SRR7910035.27596165",98.438,64,1,0,1,64,1,192,1.54e-33,131,"TAC102","R1",1,64,192,1,64,192,192,TRUE
"TAC102","SRR7910035.2951747",96.97,99,3,0,742,840,2,298,1.6e-33,130,"TAC102","R1",742,840,298,2,99,297,297,TRUE
"TAC102","SRR7910035.1648414",100,75,0,0,877,951,76,300,1.68e-33,130,"TAC102","R1",877,951,300,76,75,225,225,TRUE
"TAC102","SRR7910035.1525954",90.411,73,7,0,576,648,81,299,1.77e-33,130,"TAC102","R1",576,648,299,81,73,219,219,TRUE
"TAC102","SRR7910035.3025428",97.98,99,2,0,739,837,2,298,1.91e-33,130,"TAC102","R1",739,837,2,298,99,297,297,TRUE
"TAC102","SRR7910035.12825483",100,63,0,0,316,378,1,189,2.09e-33,129,"TAC102","R1",316,378,1,189,63,189,189,TRUE
"TAC102","SRR7910035.19405601",96.923,65,2,0,584,648,105,299,4.53e-33,129,"TAC102","R1",584,648,299,105,65,195,195,TRUE
"TAC102","SRR7910035.4138372",98.413,63,1,0,1,63,1,189,5.23e-33,129,"TAC102","R1",1,63,189,1,63,189,189,TRUE
"TAC102","SRR7910035.23604721",98.413,63,1,0,1,63,2,190,5.34e-33,129,"TAC102","R1",1,63,190,2,63,189,189,TRUE
"TAC102","SRR7910035.23720592",98.413,63,1,0,1,63,2,190,5.39e-33,129,"TAC102","R1",1,63,190,2,63,189,189,TRUE
"TAC102","SRR7910035.4745943",98.684,76,1,0,876,951,68,295,6e-33,129,"TAC102","R1",876,951,295,68,76,228,228,TRUE
"TAC102","SRR7910035.14152918",98.413,63,1,0,1,63,2,190,6.74e-33,129,"TAC102","R1",1,63,190,2,63,189,189,TRUE
"TAC102","SRR7910035.2289374",95.96,99,4,0,735,833,1,297,9.47e-33,129,"TAC102","R1",735,833,1,297,99,297,297,TRUE
"TAC102","SRR7910035.5437367",95.96,99,4,0,737,835,1,297,1.06e-32,128,"TAC102","R1",737,835,297,1,99,297,297,TRUE
"TAC102","SRR7910035.12207686",96,100,4,0,737,836,2,301,1.1e-32,128,"TAC102","R1",737,836,2,301,100,300,300,TRUE
"TAC102","SRR7910035.15931871",96.875,64,2,0,585,648,108,299,2e-32,127,"TAC102","R1",585,648,299,108,64,192,192,TRUE
"TAC102","SRR7910035.18166100",98.413,63,1,0,586,648,1,189,3.81e-32,126,"TAC102","R1",586,648,1,189,63,189,189,TRUE
"TAC102","SRR7910035.4345970",94,100,6,0,740,839,1,300,5.33e-32,126,"TAC102","R1",740,839,300,1,100,300,300,TRUE
"TAC102","SRR7910035.9483022",100,61,0,0,109,169,2,184,7.78e-32,124,"TAC102","R1",109,169,2,184,61,183,183,TRUE
"TAC102","SRR7910035.3290393",93.75,64,4,0,1,64,108,299,1.27e-31,125,"TAC102","R1",1,64,108,299,64,192,192,TRUE
"TAC102","SRR7910035.20698316",98.361,61,1,0,1,61,3,185,1.28e-31,125,"TAC102","R1",1,61,185,3,61,183,183,TRUE
"TAC102","SRR7910035.6583927",98.361,61,1,0,1,61,118,300,1.32e-31,125,"TAC102","R1",1,61,118,300,61,183,183,TRUE
"TAC102","SRR7910035.24449725",97.895,95,2,0,733,827,1,285,2.45e-31,124,"TAC102","R1",733,827,285,1,95,285,285,TRUE
"TAC102","SRR7910035.4812113",97.895,95,2,0,733,827,17,301,2.45e-31,124,"TAC102","R1",733,827,17,301,95,285,285,TRUE
"TAC102","SRR7910035.19505079",100,56,0,0,844,899,1,168,2.48e-31,123,"TAC102","R1",844,899,1,168,56,168,168,TRUE
"TAC102","SRR7910035.5964439",100,72,0,0,880,951,1,216,2.52e-31,124,"TAC102","R1",880,951,1,216,72,216,216,TRUE
"TAC102","SRR7910035.3730740",91.919,99,8,0,747,845,3,299,3.47e-31,124,"TAC102","R1",747,845,299,3,99,297,297,TRUE
"TAC102","SRR7910035.21425099",98.361,61,1,0,547,607,1,183,3.75e-31,124,"TAC102","R1",547,607,1,183,61,183,183,TRUE
"TAC102","SRR7910035.17978376",98.361,61,1,0,1,61,2,184,3.83e-31,124,"TAC102","R1",1,61,184,2,61,183,183,TRUE
"TAC102","SRR7910035.11335644",98.333,60,1,0,1,60,122,301,5.02e-31,124,"TAC102","R1",1,60,122,301,60,180,180,TRUE
"TAC102","SRR7910035.3459702",98.333,60,1,0,1,60,1,180,5.02e-31,124,"TAC102","R1",1,60,180,1,60,180,180,TRUE
"TAC102","SRR7910035.27916413",98.333,60,1,0,1,60,3,182,5.59e-31,124,"TAC102","R1",1,60,182,3,60,180,180,TRUE
"TAC102","SRR7910035.12707193",68.687,99,31,0,474,572,3,299,5.81e-31,123,"TAC102","R1",474,572,299,3,99,297,297,TRUE
"TAC102","SRR7910035.17542274",97.872,94,2,0,733,826,19,300,6.99e-31,123,"TAC102","R1",733,826,19,300,94,282,282,TRUE
"TAC102","SRR7910035.18162620",98.333,60,1,0,27,86,2,181,7.43e-31,122,"TAC102","R1",27,86,2,181,60,180,180,TRUE
"TAC102","SRR7910035.23205329",97.872,94,2,0,733,826,18,299,7.63e-31,123,"TAC102","R1",733,826,18,299,94,282,282,TRUE
"TAC102","SRR7910035.2277787",100,71,0,0,881,951,1,213,8.91e-31,123,"TAC102","R1",881,951,1,213,71,213,213,TRUE
"TAC102","SRR7910035.14746969",98.925,93,1,0,747,839,3,281,9.02e-31,122,"TAC102","R1",747,839,3,281,93,279,279,TRUE
"TAC102","SRR7910035.6241403",92.5,80,6,0,872,951,2,241,9.35e-31,123,"TAC102","R1",872,951,2,241,80,240,240,TRUE
"TAC102","SRR7910035.14060314",100,60,0,0,201,260,3,182,9.48e-31,121,"TAC102","R1",201,260,3,182,60,180,180,TRUE
"TAC102","SRR7910035.26526536",100,59,0,0,311,369,1,177,1.15e-30,121,"TAC102","R1",311,369,1,177,59,177,177,TRUE
"TAC102","SRR7910035.15071523",97.872,94,2,0,734,827,3,284,1.17e-30,122,"TAC102","R1",734,827,284,3,94,282,282,TRUE
"TAC102","SRR7910035.10603221",88,100,12,0,771,870,2,301,1.46e-30,122,"TAC102","R1",771,870,301,2,100,300,300,TRUE
"TAC102","SRR7910035.10926248",90.909,66,6,0,583,648,102,299,1.71e-30,122,"TAC102","R1",583,648,299,102,66,198,198,TRUE
"TAC102","SRR7910035.6163487",98.305,59,1,0,1,59,124,300,1.88e-30,122,"TAC102","R1",1,59,124,300,59,177,177,TRUE
"TAC102","SRR7910035.13868528",98.305,59,1,0,1,59,2,178,2.15e-30,121,"TAC102","R1",1,59,178,2,59,177,177,TRUE
"TAC102","SRR7910035.17216393",98.305,59,1,0,1,59,124,300,2.18e-30,122,"TAC102","R1",1,59,124,300,59,177,177,TRUE
"TAC102","SRR7910035.382067",98.305,59,1,0,1,59,123,299,2.47e-30,122,"TAC102","R1",1,59,123,299,59,177,177,TRUE
"TAC102","SRR7910035.20819473",92.929,99,7,0,733,831,3,299,2.49e-30,122,"TAC102","R1",733,831,299,3,99,297,297,TRUE
"TAC102","SRR7910035.19154563",98.305,59,1,0,218,276,2,178,2.59e-30,120,"TAC102","R1",218,276,2,178,59,177,177,TRUE
"TAC102","SRR7910035.18343993",100,71,0,0,174,244,2,214,2.85e-30,120,"TAC102","R1",174,244,2,214,71,213,213,TRUE
"TAC102","SRR7910035.23299247",92,100,8,0,743,842,2,301,2.86e-30,121,"TAC102","R1",743,842,301,2,100,300,300,TRUE
"TAC102","SRR7910035.10616733",100,70,0,0,134,203,3,212,3.02e-30,120,"TAC102","R1",134,203,3,212,70,210,210,TRUE
"TAC102","SRR7910035.26049735",93.846,65,4,0,584,648,106,300,3.03e-30,121,"TAC102","R1",584,648,300,106,65,195,195,TRUE
"TAC102","SRR7910035.24517294",91.045,67,6,0,582,648,98,298,3.05e-30,121,"TAC102","R1",582,648,298,98,67,201,201,TRUE
"TAC102","SRR7910035.26127695",100,70,0,0,882,951,3,212,3.24e-30,121,"TAC102","R1",882,951,3,212,70,210,210,TRUE
"TAC102","SRR7910035.16546869",98.925,93,1,0,733,825,22,300,3.24e-30,121,"TAC102","R1",733,825,22,300,93,279,279,TRUE
"TAC102","SRR7910035.1580715",100,70,0,0,882,951,1,210,3.24e-30,121,"TAC102","R1",882,951,1,210,70,210,210,TRUE
"TAC102","SRR7910035.11515483",100,69,0,0,883,951,3,209,7.23e-30,120,"TAC102","R1",883,951,3,209,69,207,207,TRUE
"TAC102","SRR7910035.21299",98.333,60,1,0,589,648,2,181,7.46e-30,120,"TAC102","R1",589,648,2,181,60,180,180,TRUE
"TAC102","SRR7910035.16662930",94,100,6,0,765,864,2,301,7.92e-30,120,"TAC102","R1",765,864,301,2,100,300,300,TRUE
"TAC102","SRR7910035.23907778",94.737,95,5,0,733,827,16,300,8.64e-30,120,"TAC102","R1",733,827,16,300,95,285,285,TRUE
"TAC102","SRR7910035.25064084",98.276,58,1,0,1,58,2,175,9.43e-30,120,"TAC102","R1",1,58,175,2,58,174,174,TRUE
"TAC102","SRR7910035.12011639",98.276,58,1,0,1,58,127,300,9.43e-30,120,"TAC102","R1",1,58,127,300,58,174,174,TRUE
"TAC102","SRR7910035.1522162",98.276,58,1,0,1,58,1,174,9.7e-30,120,"TAC102","R1",1,58,174,1,58,174,174,TRUE
"TAC102","SRR7910035.23119437",98.276,58,1,0,1,58,1,174,9.99e-30,120,"TAC102","R1",1,58,174,1,58,174,174,TRUE
"TAC102","SRR7910035.8575275",97.826,92,2,0,733,824,25,300,1.21e-29,120,"TAC102","R1",733,824,25,300,92,276,276,TRUE
"TAC102","SRR7910035.20508403",100,69,0,0,883,951,3,209,1.27e-29,120,"TAC102","R1",883,951,3,209,69,207,207,TRUE
"TAC102","SRR7910035.13130688",100,69,0,0,883,951,91,297,1.64e-29,119,"TAC102","R1",883,951,297,91,69,207,207,TRUE
"TAC102","SRR7910035.12225327",89.231,65,7,0,584,648,106,300,1.81e-29,119,"TAC102","R1",584,648,300,106,65,195,195,TRUE
"TAC102","SRR7910035.3323693",98.305,59,1,0,590,648,123,299,2.56e-29,119,"TAC102","R1",590,648,299,123,59,177,177,TRUE
"TAC102","SRR7910035.11083043",98.305,59,1,0,590,648,124,300,2.85e-29,119,"TAC102","R1",590,648,300,124,59,177,177,TRUE
"TAC102","SRR7910035.24953523",100,70,0,0,177,246,1,210,3.37e-29,117,"TAC102","R1",177,246,1,210,70,210,210,TRUE
"TAC102","SRR7910035.6681693",92.063,63,5,0,586,648,109,297,6.14e-29,117,"TAC102","R1",586,648,297,109,63,189,189,TRUE
"TAC102","SRR7910035.4041829",98.246,57,1,0,1,57,3,173,6.51e-29,117,"TAC102","R1",1,57,173,3,57,171,171,TRUE
"TAC102","SRR7910035.26616025",100,68,0,0,884,951,1,204,6.71e-29,117,"TAC102","R1",884,951,1,204,68,204,204,TRUE
"TAC102","SRR7910035.10334997",97.826,92,2,0,733,824,3,278,6.71e-29,117,"TAC102","R1",733,824,278,3,92,276,276,TRUE
"TAC102","SRR7910035.24648021",96.61,59,2,0,590,648,125,301,6.97e-29,117,"TAC102","R1",590,648,301,125,59,177,177,TRUE
"TAC102","SRR7910035.16822878",91.026,78,7,0,571,648,3,236,1.17e-28,117,"TAC102","R1",571,648,3,236,78,234,234,TRUE
"TAC102","SRR7910035.10340574",98.246,57,1,0,582,638,3,173,1.23e-28,115,"TAC102","R1",582,638,3,173,57,171,171,TRUE
"TAC102","SRR7910035.27946751",95.745,94,4,0,733,826,20,301,1.58e-28,116,"TAC102","R1",733,826,20,301,94,282,282,TRUE
"TAC102","SRR7910035.1124397",100,57,0,0,379,435,3,173,1.87e-28,115,"TAC102","R1",379,435,3,173,57,171,171,TRUE
"TAC102","SRR7910035.28299687",95.699,93,4,0,733,825,3,281,2.51e-28,116,"TAC102","R1",733,825,281,3,93,279,279,TRUE
"TAC102","SRR7910035.27336957",85.567,97,14,0,762,858,2,292,3.17e-28,115,"TAC102","R1",762,858,292,2,97,291,291,TRUE
"TAC102","SRR7910035.18966678",93.548,62,4,0,587,648,116,301,3.17e-28,115,"TAC102","R1",587,648,301,116,62,186,186,TRUE
"TAC102","SRR7910035.7698003",100,67,0,0,885,951,3,203,4.16e-28,115,"TAC102","R1",885,951,3,203,67,201,201,TRUE
"TAC102","SRR7910035.14324420",98.246,57,1,0,592,648,129,299,5.15e-28,115,"TAC102","R1",592,648,299,129,57,171,171,TRUE
"TAC102","SRR7910035.2842005",98.246,57,1,0,592,648,130,300,5.74e-28,115,"TAC102","R1",592,648,300,130,57,171,171,TRUE
"TAC102","SRR7910035.22075390",71.429,98,28,0,771,868,3,296,1.18e-27,114,"TAC102","R1",771,868,296,3,98,294,294,TRUE
"TAC102","SRR7910035.525130",100,66,0,0,886,951,3,200,1.43e-27,114,"TAC102","R1",886,951,3,200,66,198,198,TRUE
"TAC102","SRR7910035.22917200",98.182,55,1,0,1,55,17,181,2.41e-27,112,"TAC102","R1",1,55,17,181,55,165,165,TRUE
"TAC102","SRR7910035.23248866",98.214,56,1,0,593,648,1,168,3.2e-27,113,"TAC102","R1",593,648,1,168,56,168,168,TRUE
"TAC102","SRR7910035.1407421",100,53,0,0,554,606,3,161,4.2e-27,111,"TAC102","R1",554,606,161,3,53,159,159,TRUE
"TAC102","SRR7910035.24364885",100,84,0,0,762,845,3,254,5.36e-27,112,"TAC102","R1",762,845,254,3,84,252,252,TRUE
"TAC102","SRR7910035.8828899",85.294,68,10,0,581,648,90,293,6.44e-27,112,"TAC102","R1",581,648,293,90,68,204,204,TRUE
"TAC102","SRR7910035.3278572",98.485,66,1,0,886,951,104,301,6.89e-27,112,"TAC102","R1",886,951,301,104,66,198,198,TRUE
"TAC102","SRR7910035.20290463",94.737,57,3,0,1,57,1,171,9.05e-27,111,"TAC102","R1",1,57,171,1,57,171,171,TRUE
"TAC102","SRR7910035.11144623",100,65,0,0,887,951,106,300,1.16e-26,111,"TAC102","R1",887,951,300,106,65,195,195,TRUE
"TAC102","SRR7910035.15613945",98.182,55,1,0,594,648,135,299,1.48e-26,111,"TAC102","R1",594,648,299,135,55,165,165,TRUE
"TAC102","SRR7910035.3301201",94.505,91,5,0,734,824,3,275,1.48e-26,111,"TAC102","R1",734,824,275,3,91,273,273,TRUE
"TAC102","SRR7910035.25314280",98.148,54,1,0,1,54,1,162,2.13e-26,110,"TAC102","R1",1,54,162,1,54,162,162,TRUE
"TAC102","SRR7910035.23646343",98.148,54,1,0,1,54,3,164,2.13e-26,110,"TAC102","R1",1,54,164,3,54,162,162,TRUE
"TAC102","SRR7910035.787247",97.701,87,2,0,733,819,3,263,2.58e-26,110,"TAC102","R1",733,819,263,3,87,261,261,TRUE
"TAC102","SRR7910035.10040880",95.556,90,4,0,733,822,30,299,3.08e-26,110,"TAC102","R1",733,822,30,299,90,270,270,TRUE
"TAC102","SRR7910035.8970509",100,53,0,0,61,113,2,160,3.28e-26,108,"TAC102","R1",61,113,2,160,53,159,159,TRUE
"TAC102","SRR7910035.19129345",62,100,38,0,420,519,2,301,3.88e-26,110,"TAC102","R1",420,519,2,301,100,300,300,TRUE
"TAC102","SRR7910035.15083290",96.296,54,2,0,1,54,140,301,6.07e-26,109,"TAC102","R1",1,54,140,301,54,162,162,TRUE
"TAC102","SRR7910035.27275031",100,64,0,0,888,951,108,299,8.69e-26,108,"TAC102","R1",888,951,299,108,64,192,192,TRUE
"TAC102","SRR7910035.25884697",100,64,0,0,888,951,1,192,8.96e-26,108,"TAC102","R1",888,951,1,192,64,192,192,TRUE
"TAC102","SRR7910035.22746261",100,64,0,0,888,951,110,301,8.96e-26,108,"TAC102","R1",888,951,301,110,64,192,192,TRUE
"TAC102","SRR7910035.13676752",97.674,86,2,0,733,818,1,258,1.04e-25,108,"TAC102","R1",733,818,258,1,86,258,258,TRUE
"TAC102","SRR7910035.16958401",97.674,86,2,0,733,818,3,260,1.07e-25,108,"TAC102","R1",733,818,260,3,86,258,258,TRUE
"TAC102","SRR7910035.8376686",98.246,57,1,0,733,789,40,210,1.15e-25,108,"TAC102","R1",733,789,210,40,57,171,171,TRUE
"TAC102","SRR7910035.17762458",98.246,57,1,0,733,789,1,171,1.18e-25,107,"TAC102","R1",733,789,1,171,57,171,171,TRUE
"TAC102","SRR7910035.13295221",98.246,57,1,0,733,789,76,246,1.2e-25,108,"TAC102","R1",733,789,76,246,57,171,171,TRUE
"TAC102","SRR7910035.22867347",97.674,86,2,0,733,818,3,260,1.23e-25,108,"TAC102","R1",733,818,260,3,86,258,258,TRUE
"TAC102","SRR7910035.17087479",98.246,57,1,0,733,789,14,184,1.25e-25,108,"TAC102","R1",733,789,184,14,57,171,171,TRUE
"TAC102","SRR7910035.26225747",98.246,57,1,0,733,789,54,224,1.27e-25,108,"TAC102","R1",733,789,224,54,57,171,171,TRUE
"TAC102","SRR7910035.23078712",98.246,57,1,0,733,789,45,215,1.28e-25,108,"TAC102","R1",733,789,215,45,57,171,171,TRUE
"TAC102","SRR7910035.12650842",98.246,57,1,0,733,789,82,252,1.48e-25,108,"TAC102","R1",733,789,82,252,57,171,171,TRUE
"TAC102","SRR7910035.11156312",98.246,57,1,0,733,789,18,188,1.48e-25,108,"TAC102","R1",733,789,188,18,57,171,171,TRUE
"TAC102","SRR7910035.4689535",98.246,57,1,0,733,789,43,213,1.48e-25,108,"TAC102","R1",733,789,213,43,57,171,171,TRUE
"TAC102","SRR7910035.16792896",98.246,57,1,0,733,789,84,254,1.56e-25,108,"TAC102","R1",733,789,84,254,57,171,171,TRUE
"TAC102","SRR7910035.15611100",98.246,57,1,0,733,789,58,228,1.56e-25,107,"TAC102","R1",733,789,58,228,57,171,171,TRUE
"TAC102","SRR7910035.25866304",98.148,54,1,0,595,648,3,164,1.59e-25,108,"TAC102","R1",595,648,3,164,54,162,162,TRUE
"TAC102","SRR7910035.11609427",98.246,57,1,0,733,789,85,255,1.59e-25,108,"TAC102","R1",733,789,85,255,57,171,171,TRUE
"TAC102","SRR7910035.23521289",98.246,57,1,0,733,789,38,208,1.6e-25,108,"TAC102","R1",733,789,208,38,57,171,171,TRUE
"TAC102","SRR7910035.11419181",98.246,57,1,0,733,789,47,217,1.62e-25,108,"TAC102","R1",733,789,217,47,57,171,171,TRUE
"TAC102","SRR7910035.24667996",98.246,57,1,0,733,789,28,198,1.64e-25,108,"TAC102","R1",733,789,198,28,57,171,171,TRUE
"TAC102","SRR7910035.24226005",98.246,57,1,0,733,789,96,266,1.65e-25,108,"TAC102","R1",733,789,96,266,57,171,171,TRUE
"TAC102","SRR7910035.6264068",98.246,57,1,0,733,789,130,300,1.73e-25,108,"TAC102","R1",733,789,130,300,57,171,171,TRUE
"TAC102","SRR7910035.11900901",98.246,57,1,0,733,789,22,192,1.75e-25,108,"TAC102","R1",733,789,192,22,57,171,171,TRUE
"TAC102","SRR7910035.8847607",98.246,57,1,0,733,789,87,257,1.75e-25,108,"TAC102","R1",733,789,87,257,57,171,171,TRUE
"TAC102","SRR7910035.3831778",98.246,57,1,0,733,789,43,213,1.75e-25,108,"TAC102","R1",733,789,213,43,57,171,171,TRUE
"TAC102","SRR7910035.20172622",98.246,57,1,0,733,789,39,209,1.82e-25,108,"TAC102","R1",733,789,209,39,57,171,171,TRUE
"TAC102","SRR7910035.13976156",98.246,57,1,0,733,789,27,197,1.86e-25,108,"TAC102","R1",733,789,197,27,57,171,171,TRUE
"TAC102","SRR7910035.18638937",98.246,57,1,0,733,789,34,204,1.87e-25,108,"TAC102","R1",733,789,204,34,57,171,171,TRUE
"TAC102","SRR7910035.6537663",98.246,57,1,0,733,789,23,193,1.89e-25,108,"TAC102","R1",733,789,193,23,57,171,171,TRUE
"TAC102","SRR7910035.22647604",98.246,57,1,0,733,789,19,189,1.93e-25,108,"TAC102","R1",733,789,189,19,57,171,171,TRUE
"TAC102","SRR7910035.19917815",98.246,57,1,0,733,789,40,210,1.93e-25,108,"TAC102","R1",733,789,210,40,57,171,171,TRUE
"TAC102","SRR7910035.3890424",98.246,57,1,0,733,789,24,194,1.95e-25,108,"TAC102","R1",733,789,194,24,57,171,171,TRUE
"TAC102","SRR7910035.4557659",98.246,57,1,0,733,789,24,194,1.97e-25,107,"TAC102","R1",733,789,194,24,57,171,171,TRUE
"TAC102","SRR7910035.6717252",98.246,57,1,0,733,789,17,187,1.99e-25,107,"TAC102","R1",733,789,187,17,57,171,171,TRUE
"TAC102","SRR7910035.21736877",98.214,56,1,0,734,789,56,223,2e-25,107,"TAC102","R1",734,789,223,56,56,168,168,TRUE
"TAC102","SRR7910035.14359903",86,100,14,0,742,841,2,301,2.11e-25,107,"TAC102","R1",742,841,301,2,100,300,300,TRUE
"TAC102","SRR7910035.10729782",98.246,57,1,0,733,789,1,171,2.11e-25,107,"TAC102","R1",733,789,171,1,57,171,171,TRUE
"TAC102","SRR7910035.8171228",98.246,57,1,0,733,789,13,183,2.25e-25,107,"TAC102","R1",733,789,183,13,57,171,171,TRUE
"TAC102","SRR7910035.8621612",98.246,57,1,0,733,789,14,184,2.32e-25,107,"TAC102","R1",733,789,184,14,57,171,171,TRUE
"TAC102","SRR7910035.17913855",98.246,57,1,0,733,789,15,185,2.58e-25,107,"TAC102","R1",733,789,185,15,57,171,171,TRUE
"TAC102","SRR7910035.5100764",98.246,57,1,0,733,789,13,183,2.58e-25,107,"TAC102","R1",733,789,183,13,57,171,171,TRUE
"TAC102","SRR7910035.13679930",96.296,54,2,0,1,54,137,298,3.36e-25,107,"TAC102","R1",1,54,137,298,54,162,162,TRUE
"TAC102","SRR7910035.21101860",98.246,57,1,0,733,789,81,251,3.42e-25,107,"TAC102","R1",733,789,251,81,57,171,171,TRUE
"TAC102","SRR7910035.5044607",98.246,57,1,0,733,789,46,216,3.52e-25,107,"TAC102","R1",733,789,46,216,57,171,171,TRUE
"TAC102","SRR7910035.27866912",100,63,0,0,889,951,110,298,3.77e-25,107,"TAC102","R1",889,951,298,110,63,189,189,TRUE
"TAC102","SRR7910035.23537647",98.246,57,1,0,733,789,60,230,3.88e-25,107,"TAC102","R1",733,789,60,230,57,171,171,TRUE
"TAC102","SRR7910035.1862935",98.246,57,1,0,733,789,49,219,3.92e-25,107,"TAC102","R1",733,789,49,219,57,171,171,TRUE
"TAC102","SRR7910035.4848486",98.246,57,1,0,733,789,87,257,3.96e-25,107,"TAC102","R1",733,789,257,87,57,171,171,TRUE
"TAC102","SRR7910035.15198604",98.246,57,1,0,733,789,76,246,4.2e-25,107,"TAC102","R1",733,789,246,76,57,171,171,TRUE
"TAC102","SRR7910035.13962067",98.246,57,1,0,733,789,75,245,4.36e-25,107,"TAC102","R1",733,789,245,75,57,171,171,TRUE
"TAC102","SRR7910035.5422771",96.491,57,2,0,733,789,59,229,4.76e-25,107,"TAC102","R1",733,789,229,59,57,171,171,TRUE
"TAC102","SRR7910035.2734458",96.491,57,2,0,733,789,18,188,5.84e-25,106,"TAC102","R1",733,789,188,18,57,171,171,TRUE
"TAC102","SRR7910035.20794228",98.113,53,1,0,596,648,140,298,6.19e-25,106,"TAC102","R1",596,648,298,140,53,159,159,TRUE
"TAC102","SRR7910035.11105842",94.643,56,3,0,593,648,132,299,8.45e-25,106,"TAC102","R1",593,648,299,132,56,168,168,TRUE
"TAC102","SRR7910035.16096546",100,82,0,0,755,836,2,247,1.04e-24,105,"TAC102","R1",755,836,247,2,82,246,246,TRUE
"TAC102","SRR7910035.26317054",96.491,57,2,0,733,789,19,189,1.75e-24,105,"TAC102","R1",733,789,189,19,57,171,171,TRUE
"TAC102","SRR7910035.6702105",98.077,52,1,0,1,52,2,157,1.75e-24,105,"TAC102","R1",1,52,157,2,52,156,156,TRUE
"TAC102","SRR7910035.4428883",98.077,52,1,0,1,52,1,156,1.75e-24,105,"TAC102","R1",1,52,156,1,52,156,156,TRUE
"TAC102","SRR7910035.27161576",96.491,57,2,0,733,789,15,185,2.71e-24,104,"TAC102","R1",733,789,185,15,57,171,171,TRUE
"TAC102","SRR7910035.17741429",96.491,57,2,0,733,789,67,237,2.73e-24,104,"TAC102","R1",733,789,237,67,57,171,171,TRUE
"TAC102","SRR7910035.27981976",96.154,52,2,0,1,52,3,158,2.93e-24,104,"TAC102","R1",1,52,158,3,52,156,156,TRUE
"TAC102","SRR7910035.19523832",96.491,57,2,0,733,789,41,211,3.29e-24,104,"TAC102","R1",733,789,211,41,57,171,171,TRUE
"TAC102","SRR7910035.3520646",96.429,56,2,0,733,788,3,170,7.59e-24,103,"TAC102","R1",733,788,170,3,56,168,168,TRUE
"TAC102","SRR7910035.394384",89.286,56,6,0,1,56,132,299,7.82e-24,103,"TAC102","R1",1,56,132,299,56,168,168,TRUE
"TAC102","SRR7910035.8035030",96.875,64,2,0,888,951,109,300,8.37e-24,103,"TAC102","R1",888,951,300,109,64,192,192,TRUE
"TAC102","SRR7910035.15520832",97.959,49,1,0,26,74,2,148,9.47e-24,101,"TAC102","R1",26,74,2,148,49,147,147,TRUE
"TAC102","SRR7910035.8316518",80.303,66,13,0,583,648,102,299,1.03e-23,103,"TAC102","R1",583,648,299,102,66,198,198,TRUE
"TAC102","SRR7910035.25988092",98.148,54,1,0,733,786,1,162,1.19e-23,102,"TAC102","R1",733,786,162,1,54,162,162,TRUE
"TAC102","SRR7910035.17387016",88.136,59,7,0,590,648,125,301,1.19e-23,102,"TAC102","R1",590,648,301,125,59,177,177,TRUE
"TAC102","SRR7910035.19722551",98.039,51,1,0,1,51,2,154,1.21e-23,102,"TAC102","R1",1,51,154,2,51,153,153,TRUE
"TAC102","SRR7910035.17126621",98.039,51,1,0,1,51,1,153,1.21e-23,102,"TAC102","R1",1,51,153,1,51,153,153,TRUE
"TAC102","SRR7910035.3522774",98.148,54,1,0,733,786,1,162,1.47e-23,102,"TAC102","R1",733,786,162,1,54,162,162,TRUE
"TAC102","SRR7910035.1970792",98.148,54,1,0,733,786,3,164,1.75e-23,102,"TAC102","R1",733,786,164,3,54,162,162,TRUE
"TAC102","SRR7910035.2962566",94.444,54,3,0,595,648,138,299,2.07e-23,102,"TAC102","R1",595,648,299,138,54,162,162,TRUE
"TAC102","SRR7910035.25476725",94.737,57,3,0,733,789,55,225,3.63e-23,101,"TAC102","R1",733,789,225,55,57,171,171,TRUE
"TAC102","SRR7910035.835005",98,50,1,0,1,50,2,151,6.01e-23,100,"TAC102","R1",1,50,151,2,50,150,150,TRUE
"TAC102","SRR7910035.19268122",92.593,54,1,1,575,625,138,299,6.37e-23,100,"TAC102","R1",575,625,299,138,51,162,153,FALSE
"TAC102","SRR7910035.21792730",94.444,54,3,0,595,648,117,278,6.5e-23,100,"TAC102","R1",595,648,278,117,54,162,162,TRUE
"TAC102","SRR7910035.13682295",96.875,64,2,0,888,951,110,301,6.5e-23,100,"TAC102","R1",888,951,301,110,64,192,192,TRUE
"TAC102","SRR7910035.18018573",98.387,62,1,0,890,951,110,295,9.87e-23,100,"TAC102","R1",890,951,295,110,62,186,186,TRUE
"TAC102","SRR7910035.3421399",91.228,57,5,0,733,789,44,214,1.05e-22,100,"TAC102","R1",733,789,214,44,57,171,171,TRUE
"TAC102","SRR7910035.28124741",98.113,53,1,0,733,785,1,159,1.13e-22,100,"TAC102","R1",733,785,159,1,53,159,159,TRUE
"TAC102","SRR7910035.21033183",92.857,56,4,0,733,788,3,170,2.15e-22,99.4,"TAC102","R1",733,788,170,3,56,168,168,TRUE
"TAC102","SRR7910035.21240730",78.125,64,14,0,585,648,108,299,2.46e-22,99.4,"TAC102","R1",585,648,299,108,64,192,192,TRUE
"TAC102","SRR7910035.3705025",100,47,0,0,64,110,1,141,2.76e-22,97.1,"TAC102","R1",64,110,141,1,47,141,141,TRUE
"TAC102","SRR7910035.7859103",97.917,48,1,0,583,630,2,145,3.77e-22,98.6,"TAC102","R1",583,630,145,2,48,144,144,TRUE
"TAC102","SRR7910035.27146855",94.231,52,3,0,597,648,143,298,8.88e-22,97.4,"TAC102","R1",597,648,298,143,52,156,156,TRUE
"TAC102","SRR7910035.13896760",96,50,2,0,599,648,149,298,1.26e-21,97.1,"TAC102","R1",599,648,298,149,50,150,150,TRUE
"TAC102","SRR7910035.10651193",97.917,48,1,0,1,48,3,146,1.4e-21,97.1,"TAC102","R1",1,48,146,3,48,144,144,TRUE
"TAC102","SRR7910035.15288858",82.258,62,11,0,587,648,110,295,1.51e-21,97.1,"TAC102","R1",587,648,295,110,62,186,186,TRUE
"TAC102","SRR7910035.4255014",100,59,0,0,893,951,2,178,1.95e-21,96.7,"TAC102","R1",893,951,2,178,59,177,177,TRUE
"TAC102","SRR7910035.11520189",97.872,47,1,0,1,47,1,141,3.02e-21,95.9,"TAC102","R1",1,47,141,1,47,141,141,TRUE
"TAC102","SRR7910035.17477768",94,50,3,0,1,50,1,150,4.08e-21,95.9,"TAC102","R1",1,50,150,1,50,150,150,TRUE
"TAC102","SRR7910035.9811432",82.759,58,10,0,591,648,128,301,5.74e-21,95.1,"TAC102","R1",591,648,301,128,58,174,174,TRUE
"TAC102","SRR7910035.25578059",97.872,47,1,0,1,47,3,143,7.03e-21,95.1,"TAC102","R1",1,47,143,3,47,141,141,TRUE
"TAC102","SRR7910035.2051268",98,50,1,0,733,782,1,150,7.53e-21,95.1,"TAC102","R1",733,782,150,1,50,150,150,TRUE
"TAC102","SRR7910035.17059424",98,50,1,0,733,782,1,150,7.98e-21,94.7,"TAC102","R1",733,782,150,1,50,150,150,TRUE
"TAC102","SRR7910035.21584664",98,50,1,0,733,782,2,151,9.06e-21,94.7,"TAC102","R1",733,782,151,2,50,150,150,TRUE
"TAC102","SRR7910035.23672256",95.918,49,2,0,600,648,154,300,1.25e-20,94.4,"TAC102","R1",600,648,300,154,49,147,147,TRUE
"TAC102","SRR7910035.21722998",98.305,59,1,0,893,951,124,300,1.36e-20,94.4,"TAC102","R1",893,951,300,124,59,177,177,TRUE
"TAC102","SRR7910035.1930981",100,57,0,0,895,951,129,299,2.21e-20,93.6,"TAC102","R1",895,951,299,129,57,171,171,TRUE
"TAC102","SRR7910035.1120167",100,57,0,0,895,951,3,173,2.28e-20,93.6,"TAC102","R1",895,951,3,173,57,171,171,TRUE
"TAC102","SRR7910035.26379612",97.917,48,1,0,734,781,2,145,1.15e-19,90.9,"TAC102","R1",734,781,145,2,48,144,144,TRUE
"TAC102","SRR7910035.27147903",65.909,88,30,0,765,852,1,264,1.24e-19,91.7,"TAC102","R1",765,852,1,264,88,264,264,TRUE
"TAC102","SRR7910035.16477800",97.778,45,1,0,1,45,3,137,1.42e-19,91.3,"TAC102","R1",1,45,137,3,45,135,135,TRUE
"TAC102","SRR7910035.13068645",97.778,45,1,0,1,45,3,137,1.42e-19,91.3,"TAC102","R1",1,45,137,3,45,135,135,TRUE
"TAC102","SRR7910035.20799603",98.246,57,1,0,895,951,130,300,1.79e-19,90.9,"TAC102","R1",895,951,300,130,57,171,171,TRUE
"TAC102","SRR7910035.17428151",95.833,48,2,0,601,648,156,299,1.83e-19,90.9,"TAC102","R1",601,648,299,156,48,144,144,TRUE
"TAC102","SRR7910035.14534028",76.562,64,15,0,585,648,109,300,1.83e-19,90.9,"TAC102","R1",585,648,300,109,64,192,192,TRUE
"TAC102","SRR7910035.5807432",90,50,5,0,599,648,152,301,2.8e-19,90.5,"TAC102","R1",599,648,301,152,50,150,150,TRUE
"TAC102","SRR7910035.17095851",95.652,46,2,0,1,46,3,140,3.06e-19,90.5,"TAC102","R1",1,46,140,3,46,138,138,TRUE
"TAC102","SRR7910035.9890662",100,42,0,0,319,360,1,126,3.66e-19,88.2,"TAC102","R1",319,360,126,1,42,126,126,TRUE
"TAC102","SRR7910035.10897477",97.917,48,1,0,733,780,1,144,5.02e-19,89.7,"TAC102","R1",733,780,144,1,48,144,144,TRUE
"TAC102","SRR7910035.4895481",95.652,46,2,0,1,46,2,139,7.55e-19,89.4,"TAC102","R1",1,46,139,2,46,138,138,TRUE
"TAC102","SRR7910035.25575509",97.727,44,1,0,1,44,3,134,8.16e-19,89,"TAC102","R1",1,44,134,3,44,132,132,TRUE
"TAC102","SRR7910035.18498206",97.727,44,1,0,1,44,1,132,8.16e-19,89,"TAC102","R1",1,44,132,1,44,132,132,TRUE
"TAC102","SRR7910035.5915020",97.727,44,1,0,1,44,2,133,8.16e-19,89,"TAC102","R1",1,44,133,2,44,132,132,TRUE
"TAC102","SRR7910035.4968023",93.617,47,3,0,602,648,160,300,1.08e-18,89,"TAC102","R1",602,648,300,160,47,141,141,TRUE
"TAC102","SRR7910035.11347640",100,41,0,0,555,595,2,124,1.27e-18,86.7,"TAC102","R1",555,595,124,2,41,123,123,TRUE
"TAC102","SRR7910035.3469820",95.556,45,2,0,604,648,166,300,1.74e-18,88.2,"TAC102","R1",604,648,300,166,45,135,135,TRUE
"TAC102","SRR7910035.1735317",97.872,47,1,0,733,779,156,296,1.78e-18,88.2,"TAC102","R1",733,779,156,296,47,141,141,TRUE
"TAC102","SRR7910035.24704307",100,55,0,0,897,951,1,165,3.06e-18,87.4,"TAC102","R1",897,951,1,165,55,165,165,TRUE
"TAC102","SRR7910035.13708930",100,55,0,0,897,951,1,165,3.06e-18,87.4,"TAC102","R1",897,951,1,165,55,165,165,TRUE
"TAC102","SRR7910035.5980676",100,55,0,0,897,951,3,167,3.06e-18,87.4,"TAC102","R1",897,951,3,167,55,165,165,TRUE
"TAC102","SRR7910035.12572402",89.796,49,5,0,600,648,155,301,4.02e-18,87,"TAC102","R1",600,648,301,155,49,147,147,TRUE
"TAC102","SRR7910035.19120321",97.674,43,1,0,1,43,3,131,4.7e-18,87,"TAC102","R1",1,43,131,3,43,129,129,TRUE
"TAC102","SRR7910035.14262666",93.478,46,3,0,603,648,162,299,4.88e-18,87,"TAC102","R1",603,648,299,162,46,138,138,TRUE
"TAC102","SRR7910035.23364338",100,40,0,0,107,146,1,120,5.31e-18,84.7,"TAC102","R1",107,146,120,1,40,120,120,TRUE
"TAC102","SRR7910035.24874934",94.643,56,3,0,896,951,133,300,8.58e-18,86.3,"TAC102","R1",896,951,300,133,56,168,168,TRUE
"TAC102","SRR7910035.561102",93.333,45,3,0,1,45,165,299,1.37e-17,85.5,"TAC102","R1",1,45,165,299,45,135,135,TRUE
"TAC102","SRR7910035.147446",95.745,47,2,0,733,779,156,296,1.6e-17,85.5,"TAC102","R1",733,779,156,296,47,141,141,TRUE
"TAC102","SRR7910035.10033250",100,53,0,0,899,951,2,160,1.66e-17,85.5,"TAC102","R1",899,951,2,160,53,159,159,TRUE
"TAC102","SRR7910035.20068337",97.619,42,1,0,1,42,174,299,1.96e-17,85.1,"TAC102","R1",1,42,174,299,42,126,126,TRUE
"TAC102","SRR7910035.20324578",93.333,45,3,0,604,648,167,301,2.38e-17,85.1,"TAC102","R1",604,648,301,167,45,135,135,TRUE
"TAC102","SRR7910035.13066449",100,54,0,0,898,951,137,298,5.29e-17,84,"TAC102","R1",898,951,298,137,54,162,162,TRUE
"TAC102","SRR7910035.18732395",97.674,43,1,0,747,789,19,147,5.7e-17,82,"TAC102","R1",747,789,147,19,43,129,129,TRUE
"TAC102","SRR7910035.19405178",98.529,68,1,0,784,851,3,206,7.19e-17,82.4,"TAC102","R1",784,851,206,3,68,204,204,TRUE
"TAC102","SRR7910035.19375856",97.778,45,1,0,733,777,3,137,7.88e-17,83.6,"TAC102","R1",733,777,137,3,45,135,135,TRUE
"TAC102","SRR7910035.19989255",100,52,0,0,900,951,146,301,8.52e-17,83.6,"TAC102","R1",900,951,301,146,52,156,156,TRUE
"TAC102","SRR7910035.2755832",100,51,0,0,899,949,3,155,9.06e-17,81.6,"TAC102","R1",899,949,3,155,51,153,153,TRUE
"TAC102","SRR7910035.19346284",97.778,45,1,0,733,777,2,136,9.12e-17,83.2,"TAC102","R1",733,777,136,2,45,135,135,TRUE
"TAC102","SRR7910035.3047923",98.551,69,1,0,782,850,1,207,1.23e-16,82,"TAC102","R1",782,850,207,1,69,207,207,TRUE
"TAC102","SRR7910035.9264363",97.727,44,1,0,733,776,3,134,1.65e-16,82.4,"TAC102","R1",733,776,134,3,44,132,132,TRUE
"TAC102","SRR7910035.11023455",97.727,44,1,0,733,776,3,134,1.87e-16,82.4,"TAC102","R1",733,776,134,3,44,132,132,TRUE
"TAC102","SRR7910035.1349839",98.077,52,1,0,900,951,145,300,2.27e-16,82,"TAC102","R1",900,951,300,145,52,156,156,TRUE
"TAC102","SRR7910035.9218689",97.727,44,1,0,733,776,2,133,2.41e-16,82,"TAC102","R1",733,776,133,2,44,132,132,TRUE
"TAC102","SRR7910035.27127256",97.5,40,1,0,1,40,1,120,3.05e-16,81.6,"TAC102","R1",1,40,120,1,40,120,120,TRUE
"TAC102","SRR7910035.11241402",97.5,40,1,0,1,40,2,121,3.05e-16,81.6,"TAC102","R1",1,40,121,2,40,120,120,TRUE
"TAC102","SRR7910035.11127158",97.727,44,1,0,733,776,1,132,3.13e-16,81.6,"TAC102","R1",733,776,132,1,44,132,132,TRUE
"TAC102","SRR7910035.10557601",97.5,40,1,0,1,40,1,120,3.13e-16,81.6,"TAC102","R1",1,40,120,1,40,120,120,TRUE
"TAC102","SRR7910035.640587",76.786,56,13,0,593,648,104,271,3.39e-16,81.6,"TAC102","R1",593,648,271,104,56,168,168,TRUE
"TAC102","SRR7910035.3393357",95.349,43,2,0,606,648,173,301,6.57e-16,80.9,"TAC102","R1",606,648,301,173,43,129,129,TRUE
"TAC102","SRR7910035.12937012",97.674,43,1,0,733,775,2,130,1.82e-15,79.7,"TAC102","R1",733,775,130,2,43,129,129,TRUE
"TAC102","SRR7910035.7427313",97.674,43,1,0,733,775,2,130,1.82e-15,79.7,"TAC102","R1",733,775,130,2,43,129,129,TRUE
"TAC102","SRR7910035.23617185",97.436,39,1,0,1,39,1,117,2.54e-15,79,"TAC102","R1",1,39,117,1,39,117,117,TRUE
"TAC102","SRR7910035.3186402",97.436,39,1,0,1,39,3,119,2.69e-15,79,"TAC102","R1",1,39,119,3,39,117,117,TRUE
"TAC102","SRR7910035.23917583",89.091,55,6,0,897,951,136,300,3.36e-15,79,"TAC102","R1",897,951,300,136,55,165,165,TRUE
"TAC102","SRR7910035.4404386",100,51,0,0,901,951,147,299,4.46e-15,78.6,"TAC102","R1",901,951,299,147,51,153,153,TRUE
"TAC102","SRR7910035.11256751",97.619,42,1,0,733,774,171,296,9.54e-15,77.4,"TAC102","R1",733,774,171,296,42,126,126,TRUE
"TAC102","SRR7910035.20650752",86.957,46,6,0,603,648,164,301,1.31e-14,77,"TAC102","R1",603,648,301,164,46,138,138,TRUE
"TAC102","SRR7910035.25399008",94.872,39,2,0,1,39,184,300,2.31e-14,76.6,"TAC102","R1",1,39,184,300,39,117,117,TRUE
"TAC102","SRR7910035.16333396",100,50,0,0,902,951,149,298,2.38e-14,76.3,"TAC102","R1",902,951,298,149,50,150,150,TRUE
"TAC102","SRR7910035.5732793",100,50,0,0,902,951,1,150,2.38e-14,76.3,"TAC102","R1",902,951,1,150,50,150,150,TRUE
"TAC102","SRR7910035.10759026",94.872,39,2,0,1,39,185,301,3.06e-14,76.3,"TAC102","R1",1,39,185,301,39,117,117,TRUE
"TAC102","SRR7910035.24697138",97.561,41,1,0,733,773,2,124,4.88e-14,75.5,"TAC102","R1",733,773,124,2,41,123,123,TRUE
"TAC102","SRR7910035.22286431",94.872,39,2,0,610,648,185,301,7.79e-14,75.1,"TAC102","R1",610,648,301,185,39,117,117,TRUE
"TAC102","SRR7910035.10939317",94.872,39,2,0,610,648,185,301,7.79e-14,75.1,"TAC102","R1",610,648,301,185,39,117,117,TRUE
"TAC102","SRR7910035.9414594",97.368,38,1,0,611,648,187,300,1.18e-13,74.3,"TAC102","R1",611,648,300,187,38,114,114,TRUE
"TAC102","SRR7910035.15588911",97.297,37,1,0,1,37,1,111,1.44e-13,74.3,"TAC102","R1",1,37,111,1,37,111,111,TRUE
"TAC102","SRR7910035.28085684",80.851,47,9,0,602,648,161,301,1.8e-13,73.9,"TAC102","R1",602,648,301,161,47,141,141,TRUE
"TAC102","SRR7910035.921373",100,35,0,0,812,846,48,152,3.26e-13,71.6,"TAC102","R1",812,846,48,152,35,105,105,TRUE
"TAC102","SRR7910035.18142675",100,48,0,0,904,951,1,144,6.44e-13,72.4,"TAC102","R1",904,951,1,144,48,144,144,TRUE
"TAC102","SRR7910035.124009",100,48,0,0,904,951,2,145,6.44e-13,72.4,"TAC102","R1",904,951,2,145,48,144,144,TRUE
"TAC102","SRR7910035.8944822",97.436,39,1,0,733,771,3,119,1.53e-12,71.2,"TAC102","R1",733,771,119,3,39,117,117,TRUE
"TAC102","SRR7910035.621828",97.436,39,1,0,733,771,1,117,1.55e-12,71.2,"TAC102","R1",733,771,117,1,39,117,117,TRUE
"TAC102","SRR7910035.25599306",94.118,51,3,0,901,951,147,299,1.56e-12,71.2,"TAC102","R1",901,951,299,147,51,153,153,TRUE
"TAC102","SRR7910035.24318178",97.143,35,1,0,1,35,197,301,2.09e-12,70.9,"TAC102","R1",1,35,197,301,35,105,105,TRUE
"TAC102","SRR7910035.14624551",97.143,35,1,0,1,35,1,105,2.09e-12,70.9,"TAC102","R1",1,35,105,1,35,105,105,TRUE
"TAC102","SRR7910035.1679565",97.143,35,1,0,1,35,3,107,2.09e-12,70.9,"TAC102","R1",1,35,107,3,35,105,105,TRUE
"TAC102","SRR7910035.7759304",87.5,40,5,0,609,648,180,299,2.15e-12,70.9,"TAC102","R1",609,648,299,180,40,120,120,TRUE
"TAC102","SRR7910035.16378118",100,47,0,0,905,951,159,299,3.11e-12,70.5,"TAC102","R1",905,951,299,159,47,141,141,TRUE
"TAC102","SRR7910035.18096711",75,60,15,0,892,951,121,300,3.57e-12,70.1,"TAC102","R1",892,951,300,121,60,180,180,TRUE
"TAC102","SRR7910035.19788808",97.368,38,1,0,733,770,1,114,5.22e-12,69.7,"TAC102","R1",733,770,114,1,38,114,114,TRUE
"TAC102","SRR7910035.11518660",97.368,38,1,0,733,770,2,115,5.37e-12,69.7,"TAC102","R1",733,770,115,2,38,114,114,TRUE
"TAC102","SRR7910035.11236476",100,33,0,0,1,33,4,102,8.65e-12,69.3,"TAC102","R1",1,33,102,4,33,99,99,TRUE
"TAC102","SRR7910035.24601560",100,33,0,0,1,33,1,99,8.92e-12,68.9,"TAC102","R1",1,33,99,1,33,99,99,TRUE
"TAC102","SRR7910035.16190447",100,33,0,0,1,33,202,300,9.17e-12,68.9,"TAC102","R1",1,33,202,300,33,99,99,TRUE
"TAC102","SRR7910035.14155939",100,33,0,0,1,33,3,101,9.17e-12,68.9,"TAC102","R1",1,33,101,3,33,99,99,TRUE
"TAC102","SRR7910035.5944678",100,33,0,0,1,33,2,100,9.17e-12,68.9,"TAC102","R1",1,33,100,2,33,99,99,TRUE
"TAC102","SRR7910035.3898960",100,33,0,0,1,33,202,300,9.17e-12,68.9,"TAC102","R1",1,33,202,300,33,99,99,TRUE
"TAC102","SRR7910035.6170334",94.286,35,2,0,1,35,2,106,1.29e-11,68.6,"TAC102","R1",1,35,106,2,35,105,105,TRUE
"TAC102","SRR7910035.7798906",100,33,0,0,1,33,2,100,1.3e-11,68.6,"TAC102","R1",1,33,100,2,33,99,99,TRUE
"TAC102","SRR7910035.14046114",97.059,34,1,0,532,565,2,103,1.31e-11,66.6,"TAC102","R1",532,565,2,103,34,102,102,TRUE
"TAC102","SRR7910035.14341032",100,46,0,0,906,951,164,301,1.51e-11,68.6,"TAC102","R1",906,951,301,164,46,138,138,TRUE
"TAC102","SRR7910035.27458563",97.297,37,1,0,733,769,2,112,1.92e-11,68.2,"TAC102","R1",733,769,112,2,37,111,111,TRUE
"TAC102","SRR7910035.20345424",97.297,37,1,0,733,769,1,111,2.02e-11,68.2,"TAC102","R1",733,769,111,1,37,111,111,TRUE
"TAC102","SRR7910035.4282537",100,32,0,0,1,32,1,96,2.55e-11,67.8,"TAC102","R1",1,32,96,1,32,96,96,TRUE
"TAC102","SRR7910035.18857828",100,32,0,0,1,32,3,98,2.81e-11,67.8,"TAC102","R1",1,32,98,3,32,96,96,TRUE
"TAC102","SRR7910035.17753780",100,32,0,0,1,32,1,96,2.81e-11,67.8,"TAC102","R1",1,32,96,1,32,96,96,TRUE
"TAC102","SRR7910035.3137724",97.143,35,1,0,614,648,197,301,4.94e-11,67,"TAC102","R1",614,648,301,197,35,105,105,TRUE
"TAC102","SRR7910035.1964432",97.222,36,1,0,733,768,1,108,6.3e-11,66.6,"TAC102","R1",733,768,108,1,36,108,108,TRUE
"TAC102","SRR7910035.3359319",97.222,36,1,0,733,768,3,110,6.49e-11,66.6,"TAC102","R1",733,768,110,3,36,108,108,TRUE
"TAC102","SRR7910035.24197645",97.222,36,1,0,733,768,1,108,6.75e-11,66.6,"TAC102","R1",733,768,108,1,36,108,108,TRUE
"TAC102","SRR7910035.584164",82.927,41,7,0,608,648,179,301,8.77e-11,66.2,"TAC102","R1",608,648,301,179,41,123,123,TRUE
"TAC102","SRR7910035.13155573",82.927,41,7,0,608,648,177,299,9.3e-11,66.2,"TAC102","R1",608,648,299,177,41,123,123,TRUE
"TAC102","SRR7910035.19724024",100,31,0,0,1,31,175,267,9.58e-11,65.9,"TAC102","R1",1,31,175,267,31,93,93,TRUE
"TAC102","SRR7910035.9675478",100,100,0,0,826,925,1,300,4.69e-63,214,"TAC102","R2",826,925,300,1,100,300,300,TRUE
"TAC102","SRR7910035.1930981",99,100,1,0,834,933,2,301,4.97e-62,211,"TAC102","R2",834,933,2,301,100,300,300,TRUE
"TAC102","SRR7910035.11194671",99,100,1,0,823,922,1,300,5.5e-62,211,"TAC102","R2",823,922,1,300,100,300,300,TRUE
"TAC102","SRR7910035.8575275",100,99,0,0,819,917,1,297,9.26e-62,210,"TAC102","R2",819,917,297,1,99,297,297,TRUE
"TAC102","SRR7910035.14193615",100,100,0,0,407,506,1,300,1.95e-61,209,"TAC102","R2",407,506,1,300,100,300,300,TRUE
"TAC102","SRR7910035.4483542",99,100,1,0,409,508,2,301,2.53e-61,209,"TAC102","R2",409,508,301,2,100,300,300,TRUE
"TAC102","SRR7910035.22196208",99,100,1,0,410,509,2,301,3.93e-61,209,"TAC102","R2",410,509,2,301,100,300,300,TRUE
"TAC102","SRR7910035.13954950",100,100,0,0,49,148,1,300,5.14e-61,208,"TAC102","R2",49,148,1,300,100,300,300,TRUE
"TAC102","SRR7910035.2155415",97.98,99,2,0,836,934,4,300,6.29e-61,208,"TAC102","R2",836,934,300,4,99,297,297,TRUE
"TAC102","SRR7910035.4371222",98,100,2,0,265,364,1,300,8.49e-61,207,"TAC102","R2",265,364,300,1,100,300,300,TRUE
"TAC102","SRR7910035.22030347",100,100,0,0,402,501,2,301,1.04e-60,207,"TAC102","R2",402,501,2,301,100,300,300,TRUE
"TAC102","SRR7910035.22584542",100,100,0,0,423,522,1,300,1.07e-60,207,"TAC102","R2",423,522,300,1,100,300,300,TRUE
"TAC102","SRR7910035.27807171",99,100,1,0,405,504,1,300,1.1e-60,207,"TAC102","R2",405,504,300,1,100,300,300,TRUE
"TAC102","SRR7910035.10163299",100,99,0,0,204,302,3,299,1.28e-60,207,"TAC102","R2",204,302,3,299,99,297,297,TRUE
"TAC102","SRR7910035.7807081",99,100,1,0,421,520,1,300,1.35e-60,207,"TAC102","R2",421,520,1,300,100,300,300,TRUE
"TAC102","SRR7910035.5751978",99,100,1,0,286,385,1,300,1.84e-60,207,"TAC102","R2",286,385,300,1,100,300,300,TRUE
"TAC102","SRR7910035.9067244",99,100,1,0,242,341,1,300,1.89e-60,207,"TAC102","R2",242,341,300,1,100,300,300,TRUE
"TAC102","SRR7910035.20414108",98.99,99,1,0,259,357,3,299,1.95e-60,207,"TAC102","R2",259,357,3,299,99,297,297,TRUE
"TAC102","SRR7910035.15826072",98.99,99,1,0,259,357,3,299,1.95e-60,207,"TAC102","R2",259,357,3,299,99,297,297,TRUE
"TAC102","SRR7910035.5008948",99,100,1,0,228,327,1,300,1.95e-60,207,"TAC102","R2",228,327,1,300,100,300,300,TRUE
"TAC102","SRR7910035.18524643",99,100,1,0,208,307,2,301,2.05e-60,207,"TAC102","R2",208,307,301,2,100,300,300,TRUE
"TAC102","SRR7910035.13586477",100,99,0,0,416,514,3,299,2.05e-60,207,"TAC102","R2",416,514,3,299,99,297,297,TRUE
"TAC102","SRR7910035.14067819",99,100,1,0,267,366,1,300,2.2e-60,207,"TAC102","R2",267,366,300,1,100,300,300,TRUE
"TAC102","SRR7910035.11552775",100,99,0,0,50,148,3,299,2.2e-60,207,"TAC102","R2",50,148,299,3,99,297,297,TRUE
"TAC102","SRR7910035.23713049",99,100,1,0,416,515,1,300,2.24e-60,206,"TAC102","R2",416,515,300,1,100,300,300,TRUE
"TAC102","SRR7910035.3480761",99,100,1,0,222,321,1,300,2.5e-60,206,"TAC102","R2",222,321,300,1,100,300,300,TRUE
"TAC102","SRR7910035.4528116",98.99,99,1,0,252,350,1,297,2.74e-60,206,"TAC102","R2",252,350,1,297,99,297,297,TRUE
"TAC102","SRR7910035.20824050",97,100,3,0,408,507,1,300,2.82e-60,206,"TAC102","R2",408,507,300,1,100,300,300,TRUE
"TAC102","SRR7910035.8831445",99,100,1,0,282,381,1,300,2.85e-60,206,"TAC102","R2",282,381,300,1,100,300,300,TRUE
"TAC102","SRR7910035.25926557",100,100,0,0,430,529,1,300,3.18e-60,206,"TAC102","R2",430,529,300,1,100,300,300,TRUE
"TAC102","SRR7910035.12505360",99,100,1,0,226,325,2,301,3.18e-60,206,"TAC102","R2",226,325,2,301,100,300,300,TRUE
"TAC102","SRR7910035.26303207",99,100,1,0,287,386,1,300,3.41e-60,206,"TAC102","R2",287,386,300,1,100,300,300,TRUE
"TAC102","SRR7910035.14414725",99,100,1,0,276,375,1,300,3.48e-60,206,"TAC102","R2",276,375,300,1,100,300,300,TRUE
"TAC102","SRR7910035.26935590",97.98,99,2,0,827,925,3,299,3.81e-60,206,"TAC102","R2",827,925,299,3,99,297,297,TRUE
"TAC102","SRR7910035.19227587",100,100,0,0,194,293,1,300,3.81e-60,206,"TAC102","R2",194,293,1,300,100,300,300,TRUE
"TAC102","SRR7910035.16316656",99,100,1,0,415,514,2,301,4.7e-60,206,"TAC102","R2",415,514,301,2,100,300,300,TRUE
"TAC102","SRR7910035.4771331",99,100,1,0,415,514,1,300,4.7e-60,206,"TAC102","R2",415,514,300,1,100,300,300,TRUE
"TAC102","SRR7910035.19629012",100,99,0,0,424,522,3,299,4.94e-60,206,"TAC102","R2",424,522,3,299,99,297,297,TRUE
"TAC102","SRR7910035.1280076",98,100,2,0,253,352,1,300,5.52e-60,206,"TAC102","R2",253,352,300,1,100,300,300,TRUE
"TAC102","SRR7910035.4177382",97,100,3,0,821,920,1,300,5.86e-60,205,"TAC102","R2",821,920,300,1,100,300,300,TRUE
"TAC102","SRR7910035.8294439",96.97,99,3,0,835,933,3,299,5.91e-60,205,"TAC102","R2",835,933,299,3,99,297,297,TRUE
"TAC102","SRR7910035.16850077",100,98,0,0,406,503,1,294,6.28e-60,205,"TAC102","R2",406,503,1,294,98,294,294,TRUE
"TAC102","SRR7910035.13050929",100,100,0,0,68,167,2,301,6.28e-60,205,"TAC102","R2",68,167,2,301,100,300,300,TRUE
"TAC102","SRR7910035.19885967",97,100,3,0,826,925,1,300,6.54e-60,205,"TAC102","R2",826,925,300,1,100,300,300,TRUE
"TAC102","SRR7910035.4871297",99,100,1,0,415,514,2,301,6.61e-60,205,"TAC102","R2",415,514,301,2,100,300,300,TRUE
"TAC102","SRR7910035.15874060",98,100,2,0,413,512,1,300,6.95e-60,205,"TAC102","R2",413,512,300,1,100,300,300,TRUE
"TAC102","SRR7910035.25754747",98,100,2,0,237,336,1,300,7.02e-60,205,"TAC102","R2",237,336,300,1,100,300,300,TRUE
"TAC102","SRR7910035.5086324",100,100,0,0,435,534,1,300,7.38e-60,205,"TAC102","R2",435,534,300,1,100,300,300,TRUE
"TAC102","SRR7910035.8922510",98.99,99,1,0,50,148,2,298,7.74e-60,205,"TAC102","R2",50,148,298,2,99,297,297,TRUE
"TAC102","SRR7910035.14807790",99,100,1,0,292,391,2,301,8.23e-60,205,"TAC102","R2",292,391,301,2,100,300,300,TRUE
"TAC102","SRR7910035.7175522",99,100,1,0,428,527,2,301,8.65e-60,205,"TAC102","R2",428,527,301,2,100,300,300,TRUE
"TAC102","SRR7910035.20014949",99,100,1,0,300,399,1,300,8.83e-60,205,"TAC102","R2",300,399,300,1,100,300,300,TRUE
"TAC102","SRR7910035.6499016",100,100,0,0,360,459,1,300,9.66e-60,205,"TAC102","R2",360,459,300,1,100,300,300,TRUE
"TAC102","SRR7910035.20409286",99,100,1,0,45,144,1,300,9.96e-60,205,"TAC102","R2",45,144,1,300,100,300,300,TRUE
"TAC102","SRR7910035.19963960",98.99,99,1,0,223,321,2,298,9.96e-60,205,"TAC102","R2",223,321,2,298,99,297,297,TRUE
"TAC102","SRR7910035.27275031",95,100,5,0,831,930,2,301,1.03e-59,205,"TAC102","R2",831,930,2,301,100,300,300,TRUE
"TAC102","SRR7910035.27850694",98,100,2,0,230,329,1,300,1.07e-59,205,"TAC102","R2",230,329,1,300,100,300,300,TRUE
"TAC102","SRR7910035.6618826",98.99,99,1,0,243,341,3,299,1.09e-59,205,"TAC102","R2",243,341,299,3,99,297,297,TRUE
"TAC102","SRR7910035.21869708",100,99,0,0,294,392,2,298,1.11e-59,204,"TAC102","R2",294,392,298,2,99,297,297,TRUE
"TAC102","SRR7910035.25578578",97,100,3,0,236,335,1,300,1.17e-59,204,"TAC102","R2",236,335,1,300,100,300,300,TRUE
"TAC102","SRR7910035.1384731",99,100,1,0,400,499,1,300,1.18e-59,204,"TAC102","R2",400,499,300,1,100,300,300,TRUE
"TAC102","SRR7910035.14492032",100,99,0,0,196,294,3,299,1.23e-59,204,"TAC102","R2",196,294,3,299,99,297,297,TRUE
"TAC102","SRR7910035.23998421",100,99,0,0,291,389,3,299,1.32e-59,204,"TAC102","R2",291,389,3,299,99,297,297,TRUE
"TAC102","SRR7910035.18461185",98.98,98,1,0,808,905,4,297,1.59e-59,204,"TAC102","R2",808,905,4,297,98,294,294,TRUE
"TAC102","SRR7910035.3558330",99,100,1,0,33,132,1,300,1.64e-59,204,"TAC102","R2",33,132,1,300,100,300,300,TRUE
"TAC102","SRR7910035.27102803",100,99,0,0,297,395,2,298,1.69e-59,204,"TAC102","R2",297,395,2,298,99,297,297,TRUE
"TAC102","SRR7910035.21878169",98,100,2,0,403,502,2,301,1.71e-59,204,"TAC102","R2",403,502,301,2,100,300,300,TRUE
"TAC102","SRR7910035.24749616",98.99,99,1,0,244,342,3,299,1.83e-59,204,"TAC102","R2",244,342,299,3,99,297,297,TRUE
"TAC102","SRR7910035.10130509",97.98,99,2,0,236,334,3,299,1.94e-59,204,"TAC102","R2",236,334,299,3,99,297,297,TRUE
"TAC102","SRR7910035.19820945",97.98,99,2,0,228,326,3,299,1.98e-59,204,"TAC102","R2",228,326,3,299,99,297,297,TRUE
"TAC102","SRR7910035.1190870",99,100,1,0,23,122,1,300,2.06e-59,204,"TAC102","R2",23,122,300,1,100,300,300,TRUE
"TAC102","SRR7910035.13174326",97,100,3,0,255,354,1,300,2.21e-59,204,"TAC102","R2",255,354,300,1,100,300,300,TRUE
"TAC102","SRR7910035.8240576",98.99,99,1,0,424,522,3,299,2.35e-59,204,"TAC102","R2",424,522,3,299,99,297,297,TRUE
"TAC102","SRR7910035.20525641",99,100,1,0,435,534,2,301,2.37e-59,204,"TAC102","R2",435,534,301,2,100,300,300,TRUE
"TAC102","SRR7910035.14776138",97.98,99,2,0,258,356,3,299,2.47e-59,204,"TAC102","R2",258,356,299,3,99,297,297,TRUE
"TAC102","SRR7910035.8134077",97.98,99,2,0,209,307,2,298,2.52e-59,204,"TAC102","R2",209,307,2,298,99,297,297,TRUE
"TAC102","SRR7910035.24890505",97.98,99,2,0,261,359,3,299,2.52e-59,204,"TAC102","R2",261,359,3,299,99,297,297,TRUE
"TAC102","SRR7910035.21128318",98,100,2,0,224,323,2,301,2.57e-59,204,"TAC102","R2",224,323,2,301,100,300,300,TRUE
"TAC102","SRR7910035.23982345",99,100,1,0,191,290,1,300,2.6e-59,204,"TAC102","R2",191,290,1,300,100,300,300,TRUE
"TAC102","SRR7910035.18616861",97.98,99,2,0,263,361,2,298,2.62e-59,204,"TAC102","R2",263,361,298,2,99,297,297,TRUE
"TAC102","SRR7910035.25987210",98.958,96,1,0,839,934,12,299,2.81e-59,204,"TAC102","R2",839,934,299,12,96,288,288,TRUE
"TAC102","SRR7910035.4700773",100,99,0,0,447,545,2,298,2.81e-59,204,"TAC102","R2",447,545,2,298,99,297,297,TRUE
"TAC102","SRR7910035.2579666",99,100,1,0,448,547,1,300,2.81e-59,204,"TAC102","R2",448,547,1,300,100,300,300,TRUE
"TAC102","SRR7910035.17357664",99,100,1,0,48,147,1,300,2.84e-59,204,"TAC102","R2",48,147,300,1,100,300,300,TRUE
"TAC102","SRR7910035.12044657",100,100,0,0,332,431,1,300,3.4e-59,203,"TAC102","R2",332,431,300,1,100,300,300,TRUE
"TAC102","SRR7910035.22902401",97,100,3,0,261,360,2,301,3.51e-59,203,"TAC102","R2",261,360,301,2,100,300,300,TRUE
"TAC102","SRR7910035.9067578",99,100,1,0,389,488,2,301,3.76e-59,203,"TAC102","R2",389,488,301,2,100,300,300,TRUE
"TAC102","SRR7910035.26899837",97.98,99,2,0,231,329,3,299,3.8e-59,203,"TAC102","R2",231,329,3,299,99,297,297,TRUE
"TAC102","SRR7910035.27845148",98,100,2,0,285,384,1,300,3.95e-59,203,"TAC102","R2",285,384,1,300,100,300,300,TRUE
"TAC102","SRR7910035.939698",97.98,99,2,0,249,347,3,299,4.03e-59,203,"TAC102","R2",249,347,299,3,99,297,297,TRUE
"TAC102","SRR7910035.4814357",100,100,0,0,384,483,1,300,4.07e-59,203,"TAC102","R2",384,483,300,1,100,300,300,TRUE
"TAC102","SRR7910035.1212541",97.98,99,2,0,282,380,2,298,4.07e-59,203,"TAC102","R2",282,380,2,298,99,297,297,TRUE
"TAC102","SRR7910035.23503159",97,100,3,0,259,358,1,300,4.2e-59,203,"TAC102","R2",259,358,1,300,100,300,300,TRUE
"TAC102","SRR7910035.4055120",100,100,0,0,324,423,1,300,4.73e-59,203,"TAC102","R2",324,423,300,1,100,300,300,TRUE
"TAC102","SRR7910035.27981680",100,99,0,0,390,488,3,299,5.07e-59,203,"TAC102","R2",390,488,299,3,99,297,297,TRUE
"TAC102","SRR7910035.16476977",99,100,1,0,437,536,1,300,5.33e-59,203,"TAC102","R2",437,536,1,300,100,300,300,TRUE
"TAC102","SRR7910035.11941806",99,100,1,0,393,492,2,301,5.33e-59,203,"TAC102","R2",393,492,301,2,100,300,300,TRUE
"TAC102","SRR7910035.13368611",98,100,2,0,198,297,1,300,5.39e-59,203,"TAC102","R2",198,297,1,300,100,300,300,TRUE
"TAC102","SRR7910035.16453160",97,100,3,0,247,346,2,301,5.61e-59,202,"TAC102","R2",247,346,301,2,100,300,300,TRUE
"TAC102","SRR7910035.17165189",97,100,3,0,811,910,1,300,5.89e-59,202,"TAC102","R2",811,910,1,300,100,300,300,TRUE
"TAC102","SRR7910035.19133308",97,100,3,0,246,345,1,300,6.07e-59,202,"TAC102","R2",246,345,300,1,100,300,300,TRUE
"TAC102","SRR7910035.26492395",96.97,99,3,0,832,930,3,299,6.26e-59,202,"TAC102","R2",832,930,299,3,99,297,297,TRUE
"TAC102","SRR7910035.24224962",97,100,3,0,402,501,1,300,6.51e-59,202,"TAC102","R2",402,501,300,1,100,300,300,TRUE
"TAC102","SRR7910035.11529124",98.969,97,1,0,808,904,3,293,6.58e-59,202,"TAC102","R2",808,904,293,3,97,291,291,TRUE
"TAC102","SRR7910035.7784867",96,100,4,0,255,354,1,300,6.58e-59,202,"TAC102","R2",255,354,1,300,100,300,300,TRUE
"TAC102","SRR7910035.4404386",98.969,97,1,0,808,904,9,299,6.64e-59,202,"TAC102","R2",808,904,9,299,97,291,291,TRUE
"TAC102","SRR7910035.1023244",100,99,0,0,353,451,2,298,6.64e-59,202,"TAC102","R2",353,451,2,298,99,297,297,TRUE
"TAC102","SRR7910035.16231248",100,99,0,0,396,494,3,299,6.71e-59,202,"TAC102","R2",396,494,299,3,99,297,297,TRUE
"TAC102","SRR7910035.163993",98,100,2,0,426,525,1,300,6.98e-59,202,"TAC102","R2",426,525,300,1,100,300,300,TRUE
"TAC102","SRR7910035.10926583",97,100,3,0,274,373,1,300,7.19e-59,202,"TAC102","R2",274,373,1,300,100,300,300,TRUE
"TAC102","SRR7910035.27052718",97.98,99,2,0,284,382,2,298,7.41e-59,202,"TAC102","R2",284,382,2,298,99,297,297,TRUE
"TAC102","SRR7910035.4211081",100,100,0,0,370,469,2,301,7.49e-59,202,"TAC102","R2",370,469,2,301,100,300,300,TRUE
"TAC102","SRR7910035.24895062",98.99,99,1,0,401,499,2,298,7.56e-59,202,"TAC102","R2",401,499,2,298,99,297,297,TRUE
"TAC102","SRR7910035.36501",96.939,98,3,0,837,934,5,298,7.63e-59,202,"TAC102","R2",837,934,298,5,98,294,294,TRUE
"TAC102","SRR7910035.1303549",100,99,0,0,391,489,2,298,7.64e-59,202,"TAC102","R2",391,489,298,2,99,297,297,TRUE
"TAC102","SRR7910035.25644746",98,100,2,0,53,152,1,300,7.79e-59,202,"TAC102","R2",53,152,300,1,100,300,300,TRUE
"TAC102","SRR7910035.20854117",97.98,99,2,0,286,384,3,299,7.95e-59,202,"TAC102","R2",286,384,3,299,99,297,297,TRUE
"TAC102","SRR7910035.1648414",100,96,0,0,808,903,13,300,8.11e-59,202,"TAC102","R2",808,903,13,300,96,288,288,TRUE
"TAC102","SRR7910035.18997802",98,100,2,0,200,299,1,300,8.52e-59,202,"TAC102","R2",200,299,300,1,100,300,300,TRUE
"TAC102","SRR7910035.10575810",97.98,99,2,0,269,367,3,299,8.52e-59,202,"TAC102","R2",269,367,299,3,99,297,297,TRUE
"TAC102","SRR7910035.24158275",100,99,0,0,419,517,2,298,8.78e-59,202,"TAC102","R2",419,517,298,2,99,297,297,TRUE
"TAC102","SRR7910035.10112190",96.907,97,3,0,838,934,3,293,9.05e-59,202,"TAC102","R2",838,934,3,293,97,291,291,TRUE
"TAC102","SRR7910035.3025428",97,100,3,0,808,907,1,300,9.05e-59,202,"TAC102","R2",808,907,300,1,100,300,300,TRUE
"TAC102","SRR7910035.25208237",100,96,0,0,808,903,10,297,9.23e-59,202,"TAC102","R2",808,903,10,297,96,288,288,TRUE
"TAC102","SRR7910035.5150552",97,100,3,0,812,911,1,300,9.33e-59,202,"TAC102","R2",812,911,300,1,100,300,300,TRUE
"TAC102","SRR7910035.2164080",97.98,99,2,0,207,305,3,299,9.4e-59,202,"TAC102","R2",207,305,299,3,99,297,297,TRUE
"TAC102","SRR7910035.17220030",97,100,3,0,283,382,2,301,9.8e-59,202,"TAC102","R2",283,382,301,2,100,300,300,TRUE
"TAC102","SRR7910035.19627616",98.99,99,1,0,298,396,2,298,1.03e-58,202,"TAC102","R2",298,396,2,298,99,297,297,TRUE
"TAC102","SRR7910035.16153372",97.98,99,2,0,268,366,1,297,1.08e-58,202,"TAC102","R2",268,366,297,1,99,297,297,TRUE
"TAC102","SRR7910035.27366157",99,100,1,0,335,434,1,300,1.17e-58,202,"TAC102","R2",335,434,1,300,100,300,300,TRUE
"TAC102","SRR7910035.19017844",99,100,1,0,11,110,1,300,1.23e-58,202,"TAC102","R2",11,110,1,300,100,300,300,TRUE
"TAC102","SRR7910035.8749481",98,100,2,0,68,167,1,300,1.32e-58,202,"TAC102","R2",68,167,1,300,100,300,300,TRUE
"TAC102","SRR7910035.21847931",98,100,2,0,56,155,1,300,1.38e-58,202,"TAC102","R2",56,155,300,1,100,300,300,TRUE
"TAC102","SRR7910035.14630187",95.96,99,4,0,263,361,1,297,1.42e-58,201,"TAC102","R2",263,361,297,1,99,297,297,TRUE
"TAC102","SRR7910035.13184528",100,99,0,0,441,539,3,299,1.42e-58,201,"TAC102","R2",441,539,299,3,99,297,297,TRUE
"TAC102","SRR7910035.18580830",99,100,1,0,390,489,1,300,1.45e-58,201,"TAC102","R2",390,489,300,1,100,300,300,TRUE
"TAC102","SRR7910035.2150469",97,100,3,0,50,149,1,300,1.52e-58,201,"TAC102","R2",50,149,300,1,100,300,300,TRUE
"TAC102","SRR7910035.13575871",98,100,2,0,197,296,1,300,1.55e-58,201,"TAC102","R2",197,296,300,1,100,300,300,TRUE
"TAC102","SRR7910035.1871613",97.98,99,2,0,204,302,2,298,1.55e-58,201,"TAC102","R2",204,302,2,298,99,297,297,TRUE
"TAC102","SRR7910035.26193535",98,100,2,0,404,503,1,300,1.57e-58,201,"TAC102","R2",404,503,300,1,100,300,300,TRUE
"TAC102","SRR7910035.15071888",98,100,2,0,55,154,1,300,1.66e-58,201,"TAC102","R2",55,154,300,1,100,300,300,TRUE
"TAC102","SRR7910035.20464172",97,100,3,0,248,347,2,301,1.68e-58,201,"TAC102","R2",248,347,2,301,100,300,300,TRUE
"TAC102","SRR7910035.14212675",98,100,2,0,58,157,1,300,1.68e-58,201,"TAC102","R2",58,157,300,1,100,300,300,TRUE
"TAC102","SRR7910035.20594849",99,100,1,0,437,536,2,301,1.7e-58,201,"TAC102","R2",437,536,2,301,100,300,300,TRUE
"TAC102","SRR7910035.1833973",99,100,1,0,454,553,2,301,1.7e-58,201,"TAC102","R2",454,553,2,301,100,300,300,TRUE
"TAC102","SRR7910035.11607571",99,100,1,0,467,566,1,300,1.77e-58,201,"TAC102","R2",467,566,1,300,100,300,300,TRUE
"TAC102","SRR7910035.9630780",96.97,99,3,0,238,336,1,297,1.8e-58,201,"TAC102","R2",238,336,1,297,99,297,297,TRUE
"TAC102","SRR7910035.879699",98,100,2,0,295,394,2,301,1.8e-58,201,"TAC102","R2",295,394,301,2,100,300,300,TRUE
"TAC102","SRR7910035.20552552",100,99,0,0,389,487,3,299,1.84e-58,201,"TAC102","R2",389,487,3,299,99,297,297,TRUE
"TAC102","SRR7910035.21930581",98,100,2,0,489,588,2,301,1.87e-58,201,"TAC102","R2",489,588,301,2,100,300,300,TRUE
"TAC102","SRR7910035.14448783",99,100,1,0,331,430,2,301,1.91e-58,201,"TAC102","R2",331,430,301,2,100,300,300,TRUE
"TAC102","SRR7910035.11766602",100,99,0,0,334,432,3,299,1.97e-58,201,"TAC102","R2",334,432,3,299,99,297,297,TRUE
"TAC102","SRR7910035.13974186",98,100,2,0,331,430,1,300,2.01e-58,201,"TAC102","R2",331,430,1,300,100,300,300,TRUE
"TAC102","SRR7910035.4745943",96,100,4,0,826,925,1,300,2.03e-58,201,"TAC102","R2",826,925,1,300,100,300,300,TRUE
"TAC102","SRR7910035.22968609",98.99,99,1,0,196,294,2,298,2.05e-58,201,"TAC102","R2",196,294,298,2,99,297,297,TRUE
"TAC102","SRR7910035.1279723",98,100,2,0,353,452,1,300,2.07e-58,201,"TAC102","R2",353,452,1,300,100,300,300,TRUE
"TAC102","SRR7910035.1157885",98.98,98,1,0,81,178,1,294,2.16e-58,201,"TAC102","R2",81,178,294,1,98,294,294,TRUE
"TAC102","SRR7910035.19918583",100,99,0,0,364,462,3,299,2.2e-58,201,"TAC102","R2",364,462,3,299,99,297,297,TRUE
"TAC102","SRR7910035.5493248",97.98,99,2,0,432,530,3,299,2.24e-58,201,"TAC102","R2",432,530,299,3,99,297,297,TRUE
"TAC102","SRR7910035.24734169",97.959,98,2,0,269,366,2,295,2.24e-58,201,"TAC102","R2",269,366,295,2,98,294,294,TRUE
"TAC102","SRR7910035.13897952",97,100,3,0,420,519,2,301,2.27e-58,201,"TAC102","R2",420,519,2,301,100,300,300,TRUE
"TAC102","SRR7910035.10160182",97.98,99,2,0,205,303,2,298,2.35e-58,201,"TAC102","R2",205,303,298,2,99,297,297,TRUE
"TAC102","SRR7910035.18241028",98,100,2,0,300,399,1,300,2.43e-58,201,"TAC102","R2",300,399,300,1,100,300,300,TRUE
"TAC102","SRR7910035.4938754",97.98,99,2,0,270,368,2,298,2.43e-58,201,"TAC102","R2",270,368,298,2,99,297,297,TRUE
"TAC102","SRR7910035.14835299",98.98,98,1,0,296,393,2,295,2.53e-58,201,"TAC102","R2",296,393,2,295,98,294,294,TRUE
"TAC102","SRR7910035.16555254",100,99,0,0,326,424,1,297,2.58e-58,201,"TAC102","R2",326,424,297,1,99,297,297,TRUE
"TAC102","SRR7910035.8121456",100,99,0,0,386,484,3,299,2.63e-58,201,"TAC102","R2",386,484,299,3,99,297,297,TRUE
"TAC102","SRR7910035.6796755",97.98,99,2,0,345,443,3,299,2.71e-58,201,"TAC102","R2",345,443,3,299,99,297,297,TRUE
"TAC102","SRR7910035.11387220",96.97,99,3,0,268,366,2,298,2.79e-58,201,"TAC102","R2",268,366,298,2,99,297,297,TRUE
"TAC102","SRR7910035.14674111",98,100,2,0,19,118,1,300,3.18e-58,201,"TAC102","R2",19,118,1,300,100,300,300,TRUE
"TAC102","SRR7910035.16388676",98.969,97,1,0,808,904,3,293,3.21e-58,201,"TAC102","R2",808,904,293,3,97,291,291,TRUE
"TAC102","SRR7910035.6034150",98,100,2,0,289,388,2,301,3.28e-58,201,"TAC102","R2",289,388,301,2,100,300,300,TRUE
"TAC102","SRR7910035.3352494",100,100,0,0,380,479,1,300,3.31e-58,201,"TAC102","R2",380,479,300,1,100,300,300,TRUE
"TAC102","SRR7910035.14856082",97,100,3,0,20,119,1,300,3.38e-58,201,"TAC102","R2",20,119,300,1,100,300,300,TRUE
"TAC102","SRR7910035.12748195",98,100,2,0,479,578,2,301,3.38e-58,201,"TAC102","R2",479,578,2,301,100,300,300,TRUE
"TAC102","SRR7910035.8658414",97.98,99,2,0,361,459,3,299,3.44e-58,201,"TAC102","R2",361,459,299,3,99,297,297,TRUE
"TAC102","SRR7910035.4870684",97,100,3,0,66,165,2,301,3.55e-58,201,"TAC102","R2",66,165,2,301,100,300,300,TRUE
"TAC102","SRR7910035.26370802",97,100,3,0,407,506,1,300,3.58e-58,201,"TAC102","R2",407,506,1,300,100,300,300,TRUE
"TAC102","SRR7910035.24318178",98.99,99,1,0,30,128,1,297,3.65e-58,200,"TAC102","R2",30,128,297,1,99,297,297,TRUE
"TAC102","SRR7910035.23529258",98,100,2,0,290,389,2,301,3.92e-58,200,"TAC102","R2",290,389,301,2,100,300,300,TRUE
"TAC102","SRR7910035.22701722",100,98,0,0,445,542,3,296,4e-58,200,"TAC102","R2",445,542,3,296,98,294,294,TRUE
"TAC102","SRR7910035.15174175",99,100,1,0,388,487,1,300,4.16e-58,200,"TAC102","R2",388,487,300,1,100,300,300,TRUE
"TAC102","SRR7910035.3991430",98.99,99,1,0,361,459,3,299,4.42e-58,200,"TAC102","R2",361,459,299,3,99,297,297,TRUE
"TAC102","SRR7910035.3488390",98,100,2,0,53,152,1,300,4.51e-58,200,"TAC102","R2",53,152,300,1,100,300,300,TRUE
"TAC102","SRR7910035.2395753",97.959,98,2,0,283,380,3,296,4.6e-58,200,"TAC102","R2",283,380,296,3,98,294,294,TRUE
"TAC102","SRR7910035.24483226",96.97,99,3,0,284,382,3,299,4.64e-58,200,"TAC102","R2",284,382,3,299,99,297,297,TRUE
"TAC102","SRR7910035.8081977",98,100,2,0,364,463,2,301,4.64e-58,200,"TAC102","R2",364,463,2,301,100,300,300,TRUE
"TAC102","SRR7910035.7217604",98,100,2,0,10,109,2,301,4.64e-58,200,"TAC102","R2",10,109,301,2,100,300,300,TRUE
"TAC102","SRR7910035.26348064",97.98,99,2,0,417,515,3,299,4.78e-58,200,"TAC102","R2",417,515,299,3,99,297,297,TRUE
"TAC102","SRR7910035.4081579",98,100,2,0,195,294,2,301,4.93e-58,200,"TAC102","R2",195,294,301,2,100,300,300,TRUE
"TAC102","SRR7910035.25882338",94,100,6,0,205,304,1,300,5.08e-58,200,"TAC102","R2",205,304,1,300,100,300,300,TRUE
"TAC102","SRR7910035.18764491",97.98,99,2,0,35,133,2,298,5.08e-58,200,"TAC102","R2",35,133,2,298,99,297,297,TRUE
"TAC102","SRR7910035.20424804",98.99,99,1,0,348,446,3,299,5.13e-58,200,"TAC102","R2",348,446,3,299,99,297,297,TRUE
"TAC102","SRR7910035.17051633",98,100,2,0,190,289,1,300,5.29e-58,200,"TAC102","R2",190,289,1,300,100,300,300,TRUE
"TAC102","SRR7910035.15641024",97.98,99,2,0,421,519,3,299,5.45e-58,200,"TAC102","R2",421,519,3,299,99,297,297,TRUE
"TAC102","SRR7910035.15065062",97,100,3,0,207,306,1,300,5.61e-58,200,"TAC102","R2",207,306,1,300,100,300,300,TRUE
"TAC102","SRR7910035.24151743",97,100,3,0,482,581,1,300,5.9e-58,200,"TAC102","R2",482,581,1,300,100,300,300,TRUE
"TAC102","SRR7910035.5916717",97.98,99,2,0,201,299,3,299,6.08e-58,200,"TAC102","R2",201,299,3,299,99,297,297,TRUE
"TAC102","SRR7910035.8732910",98,100,2,0,440,539,1,300,6.14e-58,200,"TAC102","R2",440,539,1,300,100,300,300,TRUE
"TAC102","SRR7910035.5632555",96,100,4,0,237,336,1,300,6.14e-58,200,"TAC102","R2",237,336,1,300,100,300,300,TRUE
"TAC102","SRR7910035.22021662",98.99,99,1,0,431,529,3,299,6.26e-58,200,"TAC102","R2",431,529,299,3,99,297,297,TRUE
"TAC102","SRR7910035.20538010",96.97,99,3,0,229,327,3,299,6.31e-58,200,"TAC102","R2",229,327,3,299,99,297,297,TRUE
"TAC102","SRR7910035.18498837",97,100,3,0,449,548,2,301,6.33e-58,200,"TAC102","R2",449,548,2,301,100,300,300,TRUE
"TAC102","SRR7910035.4225637",96.97,99,3,0,223,321,3,299,6.33e-58,200,"TAC102","R2",223,321,3,299,99,297,297,TRUE
"TAC102","SRR7910035.1969281",100,99,0,0,310,408,3,299,6.58e-58,200,"TAC102","R2",310,408,299,3,99,297,297,TRUE
"TAC102","SRR7910035.17243866",98.98,98,1,0,1,98,7,300,6.65e-58,200,"TAC102","R2",1,98,7,300,98,294,294,TRUE
"TAC102","SRR7910035.22946888",97,100,3,0,428,527,1,300,6.99e-58,199,"TAC102","R2",428,527,300,1,100,300,300,TRUE
"TAC102","SRR7910035.13494627",96,100,4,0,244,343,1,300,7.13e-58,199,"TAC102","R2",244,343,300,1,100,300,300,TRUE
"TAC102","SRR7910035.22893951",100,98,0,0,349,446,3,296,7.26e-58,199,"TAC102","R2",349,446,3,296,98,294,294,TRUE
"TAC102","SRR7910035.11262707",97.98,99,2,0,217,315,2,298,7.27e-58,199,"TAC102","R2",217,315,2,298,99,297,297,TRUE
"TAC102","SRR7910035.17936648",98,100,2,0,387,486,1,300,7.35e-58,199,"TAC102","R2",387,486,300,1,100,300,300,TRUE
"TAC102","SRR7910035.25035810",95.96,99,4,0,237,335,3,299,8.53e-58,199,"TAC102","R2",237,335,3,299,99,297,297,TRUE
"TAC102","SRR7910035.26433500",98.99,99,1,0,327,425,3,299,8.7e-58,199,"TAC102","R2",327,425,299,3,99,297,297,TRUE
"TAC102","SRR7910035.11475443",98.99,99,1,0,342,440,3,299,8.79e-58,199,"TAC102","R2",342,440,299,3,99,297,297,TRUE
"TAC102","SRR7910035.26525311",98,100,2,0,416,515,1,300,9.05e-58,199,"TAC102","R2",416,515,1,300,100,300,300,TRUE
"TAC102","SRR7910035.4996130",98,100,2,0,385,484,1,300,9.15e-58,199,"TAC102","R2",385,484,300,1,100,300,300,TRUE
"TAC102","SRR7910035.18391019",96.97,99,3,0,207,305,3,299,9.33e-58,199,"TAC102","R2",207,305,3,299,99,297,297,TRUE
"TAC102","SRR7910035.10118693",96,100,4,0,203,302,2,301,9.61e-58,199,"TAC102","R2",203,302,301,2,100,300,300,TRUE
"TAC102","SRR7910035.4845433",99,100,1,0,308,407,2,301,9.9e-58,199,"TAC102","R2",308,407,301,2,100,300,300,TRUE
"TAC102","SRR7910035.16920219",97,100,3,0,394,493,1,300,1.01e-57,199,"TAC102","R2",394,493,300,1,100,300,300,TRUE
"TAC102","SRR7910035.3194223",98.99,99,1,0,337,435,2,298,1.02e-57,199,"TAC102","R2",337,435,298,2,99,297,297,TRUE
"TAC102","SRR7910035.5654003",98.98,98,1,0,192,289,3,296,1.03e-57,199,"TAC102","R2",192,289,3,296,98,294,294,TRUE
"TAC102","SRR7910035.24906510",94.949,99,5,0,818,916,1,297,1.03e-57,199,"TAC102","R2",818,916,297,1,99,297,297,TRUE
"TAC102","SRR7910035.22724271",96.97,99,3,0,270,368,3,299,1.03e-57,199,"TAC102","R2",270,368,299,3,99,297,297,TRUE
"TAC102","SRR7910035.18076925",98,100,2,0,28,127,1,300,1.03e-57,199,"TAC102","R2",28,127,300,1,100,300,300,TRUE
"TAC102","SRR7910035.10469029",97,100,3,0,19,118,1,300,1.05e-57,199,"TAC102","R2",19,118,1,300,100,300,300,TRUE
"TAC102","SRR7910035.14044486",98.98,98,1,0,190,287,6,299,1.06e-57,199,"TAC102","R2",190,287,299,6,98,294,294,TRUE
"TAC102","SRR7910035.7519501",98,100,2,0,372,471,1,300,1.06e-57,199,"TAC102","R2",372,471,300,1,100,300,300,TRUE
"TAC102","SRR7910035.4279866",98,100,2,0,535,634,1,300,1.09e-57,199,"TAC102","R2",535,634,300,1,100,300,300,TRUE
"TAC102","SRR7910035.2733802",97.98,99,2,0,491,589,3,299,1.13e-57,199,"TAC102","R2",491,589,299,3,99,297,297,TRUE
"TAC102","SRR7910035.14341032",100,92,0,0,843,934,3,278,1.15e-57,199,"TAC102","R2",843,934,3,278,92,276,276,TRUE
"TAC102","SRR7910035.23516795",98,100,2,0,365,464,2,301,1.21e-57,199,"TAC102","R2",365,464,301,2,100,300,300,TRUE
"TAC102","SRR7910035.20068337",98.99,99,1,0,16,114,2,298,1.22e-57,199,"TAC102","R2",16,114,298,2,99,297,297,TRUE
"TAC102","SRR7910035.25011629",98.99,99,1,0,388,486,3,299,1.31e-57,199,"TAC102","R2",388,486,3,299,99,297,297,TRUE
"TAC102","SRR7910035.2472322",97,100,3,0,19,118,2,301,1.31e-57,199,"TAC102","R2",19,118,2,301,100,300,300,TRUE
"TAC102","SRR7910035.5727397",100,98,0,0,328,425,3,296,1.34e-57,199,"TAC102","R2",328,425,3,296,98,294,294,TRUE
"TAC102","SRR7910035.18557936",97.98,99,2,0,293,391,3,299,1.35e-57,199,"TAC102","R2",293,391,299,3,99,297,297,TRUE
"TAC102","SRR7910035.11354902",98,100,2,0,67,166,1,300,1.35e-57,199,"TAC102","R2",67,166,300,1,100,300,300,TRUE
"TAC102","SRR7910035.17245608",96.97,99,3,0,283,381,2,298,1.36e-57,199,"TAC102","R2",283,381,298,2,99,297,297,TRUE
"TAC102","SRR7910035.2842005",98.99,99,1,0,510,608,3,299,1.43e-57,199,"TAC102","R2",510,608,3,299,99,297,297,TRUE
"TAC102","SRR7910035.25318518",100,99,0,0,378,476,3,299,1.48e-57,199,"TAC102","R2",378,476,299,3,99,297,297,TRUE
"TAC102","SRR7910035.12447317",96,100,4,0,266,365,1,300,1.5e-57,199,"TAC102","R2",266,365,1,300,100,300,300,TRUE
"TAC102","SRR7910035.13328955",98.969,97,1,0,40,136,1,291,1.55e-57,199,"TAC102","R2",40,136,1,291,97,291,291,TRUE
"TAC102","SRR7910035.15679303",98,100,2,0,352,451,2,301,1.61e-57,199,"TAC102","R2",352,451,2,301,100,300,300,TRUE
"TAC102","SRR7910035.25378359",94.898,98,5,0,830,927,4,297,1.7e-57,199,"TAC102","R2",830,927,297,4,98,294,294,TRUE
"TAC102","SRR7910035.22583440",98,100,2,0,518,617,1,300,1.7e-57,199,"TAC102","R2",518,617,300,1,100,300,300,TRUE
"TAC102","SRR7910035.12523708",97,100,3,0,397,496,2,301,1.71e-57,199,"TAC102","R2",397,496,301,2,100,300,300,TRUE
"TAC102","SRR7910035.20106865",96,100,4,0,400,499,1,300,1.76e-57,199,"TAC102","R2",400,499,300,1,100,300,300,TRUE
"TAC102","SRR7910035.375198",98,100,2,0,12,111,2,301,1.76e-57,199,"TAC102","R2",12,111,301,2,100,300,300,TRUE
"TAC102","SRR7910035.14511909",96.97,99,3,0,44,142,3,299,1.8e-57,199,"TAC102","R2",44,142,299,3,99,297,297,TRUE
"TAC102","SRR7910035.23234485",97,100,3,0,441,540,2,301,1.91e-57,198,"TAC102","R2",441,540,2,301,100,300,300,TRUE
"TAC102","SRR7910035.10890942",96,100,4,0,251,350,1,300,1.91e-57,198,"TAC102","R2",251,350,1,300,100,300,300,TRUE
"TAC102","SRR7910035.9624886",98.925,93,1,0,842,934,22,300,1.91e-57,198,"TAC102","R2",842,934,300,22,93,279,279,TRUE
"TAC102","SRR7910035.1428880",97,100,3,0,3,102,2,301,1.95e-57,198,"TAC102","R2",3,102,301,2,100,300,300,TRUE
"TAC102","SRR7910035.2912825",98.99,99,1,0,370,468,3,299,1.97e-57,198,"TAC102","R2",370,468,299,3,99,297,297,TRUE
"TAC102","SRR7910035.25717934",98.99,99,1,0,443,541,2,298,2.07e-57,198,"TAC102","R2",443,541,2,298,99,297,297,TRUE
"TAC102","SRR7910035.26382147",97,100,3,0,397,496,1,300,2.17e-57,198,"TAC102","R2",397,496,1,300,100,300,300,TRUE
"TAC102","SRR7910035.3596139",97,100,3,0,461,560,1,300,2.33e-57,198,"TAC102","R2",461,560,1,300,100,300,300,TRUE
"TAC102","SRR7910035.4528482",96.97,99,3,0,289,387,5,301,2.38e-57,198,"TAC102","R2",289,387,5,301,99,297,297,TRUE
"TAC102","SRR7910035.27953758",96,100,4,0,406,505,1,300,2.4e-57,198,"TAC102","R2",406,505,300,1,100,300,300,TRUE
"TAC102","SRR7910035.24312796",97.98,99,2,0,359,457,1,297,2.48e-57,198,"TAC102","R2",359,457,1,297,99,297,297,TRUE
"TAC102","SRR7910035.23782670",97.98,99,2,0,449,547,2,298,2.55e-57,198,"TAC102","R2",449,547,2,298,99,297,297,TRUE
"TAC102","SRR7910035.19601690",97,100,3,0,352,451,1,300,2.58e-57,198,"TAC102","R2",352,451,300,1,100,300,300,TRUE
"TAC102","SRR7910035.6629153",97,100,3,0,324,423,1,300,2.6e-57,198,"TAC102","R2",324,423,300,1,100,300,300,TRUE
"TAC102","SRR7910035.26369245",95,100,5,0,433,532,1,300,2.68e-57,198,"TAC102","R2",433,532,300,1,100,300,300,TRUE
"TAC102","SRR7910035.15149623",96.97,99,3,0,416,514,1,297,2.73e-57,198,"TAC102","R2",416,514,297,1,99,297,297,TRUE
"TAC102","SRR7910035.8623892",97,100,3,0,247,346,1,300,2.76e-57,198,"TAC102","R2",247,346,1,300,100,300,300,TRUE
"TAC102","SRR7910035.2023235",96,100,4,0,257,356,2,301,2.79e-57,198,"TAC102","R2",257,356,301,2,100,300,300,TRUE
"TAC102","SRR7910035.7325496",94,100,6,0,816,915,1,300,3.21e-57,198,"TAC102","R2",816,915,1,300,100,300,300,TRUE
"TAC102","SRR7910035.1329265",96.97,99,3,0,270,368,3,299,3.27e-57,198,"TAC102","R2",270,368,3,299,99,297,297,TRUE
"TAC102","SRR7910035.25749561",97.98,99,2,0,318,416,3,299,3.37e-57,198,"TAC102","R2",318,416,299,3,99,297,297,TRUE
"TAC102","SRR7910035.15532717",96,100,4,0,468,567,1,300,3.87e-57,197,"TAC102","R2",468,567,1,300,100,300,300,TRUE
"TAC102","SRR7910035.19344474",96,100,4,0,273,372,1,300,3.91e-57,197,"TAC102","R2",273,372,300,1,100,300,300,TRUE
"TAC102","SRR7910035.2543475",98.99,99,1,0,323,421,2,298,3.95e-57,197,"TAC102","R2",323,421,298,2,99,297,297,TRUE
"TAC102","SRR7910035.7093570",97,100,3,0,476,575,2,301,4.03e-57,197,"TAC102","R2",476,575,301,2,100,300,300,TRUE
"TAC102","SRR7910035.19731183",97.98,99,2,0,357,455,2,298,4.23e-57,197,"TAC102","R2",357,455,2,298,99,297,297,TRUE
"TAC102","SRR7910035.28165309",98,100,2,0,306,405,2,301,4.54e-57,197,"TAC102","R2",306,405,2,301,100,300,300,TRUE
"TAC102","SRR7910035.6387962",97,100,3,0,194,293,1,300,4.77e-57,197,"TAC102","R2",194,293,1,300,100,300,300,TRUE
"TAC102","SRR7910035.3221880",97.938,97,2,0,277,373,3,293,5.07e-57,197,"TAC102","R2",277,373,293,3,97,291,291,TRUE
"TAC102","SRR7910035.22617445",95.96,99,4,0,56,154,3,299,5.12e-57,197,"TAC102","R2",56,154,3,299,99,297,297,TRUE
"TAC102","SRR7910035.5748575",99,100,1,0,380,479,2,301,5.12e-57,197,"TAC102","R2",380,479,301,2,100,300,300,TRUE
"TAC102","SRR7910035.12506150",96.97,99,3,0,292,390,3,299,5.32e-57,197,"TAC102","R2",292,390,3,299,99,297,297,TRUE
"TAC102","SRR7910035.3507460",95,100,5,0,40,139,1,300,5.32e-57,197,"TAC102","R2",40,139,300,1,100,300,300,TRUE
"TAC102","SRR7910035.14705590",97,100,3,0,218,317,2,301,5.49e-57,197,"TAC102","R2",218,317,301,2,100,300,300,TRUE
"TAC102","SRR7910035.5441088",97.98,99,2,0,58,156,3,299,5.49e-57,197,"TAC102","R2",58,156,299,3,99,297,297,TRUE
"TAC102","SRR7910035.8686919",99,100,1,0,378,477,2,301,5.54e-57,197,"TAC102","R2",378,477,301,2,100,300,300,TRUE
"TAC102","SRR7910035.11335644",96.97,99,3,0,55,153,3,299,5.65e-57,197,"TAC102","R2",55,153,299,3,99,297,297,TRUE
"TAC102","SRR7910035.10079247",95,100,5,0,22,121,2,301,5.77e-57,197,"TAC102","R2",22,121,2,301,100,300,300,TRUE
"TAC102","SRR7910035.14018453",97.98,99,2,0,303,401,1,297,5.87e-57,197,"TAC102","R2",303,401,297,1,99,297,297,TRUE
"TAC102","SRR7910035.13425685",95.96,99,4,0,226,324,2,298,5.88e-57,197,"TAC102","R2",226,324,298,2,99,297,297,TRUE
"TAC102","SRR7910035.3199239",100,93,0,0,808,900,21,299,6e-57,197,"TAC102","R2",808,900,21,299,93,279,279,TRUE
"TAC102","SRR7910035.27490946",97.959,98,2,0,318,415,1,294,6.12e-57,197,"TAC102","R2",318,415,294,1,98,294,294,TRUE
"TAC102","SRR7910035.22318177",94.949,99,5,0,207,305,3,299,6.18e-57,197,"TAC102","R2",207,305,299,3,99,297,297,TRUE
"TAC102","SRR7910035.17780281",97.959,98,2,0,67,164,3,296,6.24e-57,197,"TAC102","R2",67,164,3,296,98,294,294,TRUE
"TAC102","SRR7910035.9479734",98.958,96,1,0,83,178,2,289,6.31e-57,197,"TAC102","R2",83,178,2,289,96,288,288,TRUE
"TAC102","SRR7910035.8572467",96.97,99,3,0,1,99,4,300,6.37e-57,197,"TAC102","R2",1,99,4,300,99,297,297,TRUE
"TAC102","SRR7910035.21118686",98.99,99,1,0,327,425,2,298,6.5e-57,197,"TAC102","R2",327,425,2,298,99,297,297,TRUE
"TAC102","SRR7910035.22218601",97,100,3,0,57,156,1,300,6.63e-57,197,"TAC102","R2",57,156,300,1,100,300,300,TRUE
"TAC102","SRR7910035.1994347",97.98,99,2,0,394,492,2,298,7.03e-57,197,"TAC102","R2",394,492,2,298,99,297,297,TRUE
"TAC102","SRR7910035.10369357",95.96,99,4,0,407,505,2,298,7.39e-57,197,"TAC102","R2",407,505,298,2,99,297,297,TRUE
"TAC102","SRR7910035.23989954",97.959,98,2,0,218,315,2,295,7.54e-57,197,"TAC102","R2",218,315,2,295,98,294,294,TRUE
"TAC102","SRR7910035.6012317",95.96,99,4,0,295,393,3,299,7.69e-57,197,"TAC102","R2",295,393,299,3,99,297,297,TRUE
"TAC102","SRR7910035.19396426",98,100,2,0,367,466,1,300,7.77e-57,197,"TAC102","R2",367,466,1,300,100,300,300,TRUE
"TAC102","SRR7910035.1346716",97.98,99,2,0,359,457,3,299,7.77e-57,197,"TAC102","R2",359,457,299,3,99,297,297,TRUE
"TAC102","SRR7910035.22283367",97.98,99,2,0,342,440,3,299,7.85e-57,197,"TAC102","R2",342,440,299,3,99,297,297,TRUE
"TAC102","SRR7910035.9943496",96,100,4,0,8,107,1,300,7.93e-57,197,"TAC102","R2",8,107,300,1,100,300,300,TRUE
"TAC102","SRR7910035.3612149",100,96,0,0,190,285,1,288,8.01e-57,197,"TAC102","R2",190,285,288,1,96,288,288,TRUE
"TAC102","SRR7910035.15495113",100,93,0,0,808,900,2,280,8.09e-57,197,"TAC102","R2",808,900,280,2,93,279,279,TRUE
"TAC102","SRR7910035.12301303",94,100,6,0,246,345,1,300,8.17e-57,197,"TAC102","R2",246,345,300,1,100,300,300,TRUE
"TAC102","SRR7910035.13981633",97.98,99,2,0,394,492,2,298,8.41e-57,197,"TAC102","R2",394,492,2,298,99,297,297,TRUE
"TAC102","SRR7910035.28127339",95,100,5,0,237,336,1,300,8.67e-57,197,"TAC102","R2",237,336,1,300,100,300,300,TRUE
"TAC102","SRR7910035.18618214",98,100,2,0,332,431,2,301,9.29e-57,196,"TAC102","R2",332,431,2,301,100,300,300,TRUE
"TAC102","SRR7910035.13261658",95.96,99,4,0,286,384,2,298,9.29e-57,196,"TAC102","R2",286,384,298,2,99,297,297,TRUE
"TAC102","SRR7910035.8458081",97.98,99,2,0,5,103,3,299,9.57e-57,196,"TAC102","R2",5,103,3,299,99,297,297,TRUE
"TAC102","SRR7910035.26696154",97,100,3,0,57,156,1,300,9.96e-57,196,"TAC102","R2",57,156,300,1,100,300,300,TRUE
"TAC102","SRR7910035.21213448",95.96,99,4,0,290,388,3,299,1.01e-56,196,"TAC102","R2",290,388,299,3,99,297,297,TRUE
"TAC102","SRR7910035.18779233",94.949,99,5,0,424,522,3,299,1.02e-56,196,"TAC102","R2",424,522,3,299,99,297,297,TRUE
"TAC102","SRR7910035.26625331",98.99,99,1,0,314,412,2,298,1.04e-56,196,"TAC102","R2",314,412,2,298,99,297,297,TRUE
"TAC102","SRR7910035.8017111",94,100,6,0,277,376,1,300,1.09e-56,196,"TAC102","R2",277,376,1,300,100,300,300,TRUE
"TAC102","SRR7910035.3160114",96,100,4,0,487,586,1,300,1.11e-56,196,"TAC102","R2",487,586,1,300,100,300,300,TRUE
"TAC102","SRR7910035.22016128",96,100,4,0,6,105,2,301,1.16e-56,196,"TAC102","R2",6,105,301,2,100,300,300,TRUE
"TAC102","SRR7910035.24890179",98,100,2,0,366,465,2,301,1.2e-56,196,"TAC102","R2",366,465,2,301,100,300,300,TRUE
"TAC102","SRR7910035.13039860",97.98,99,2,0,330,428,3,299,1.2e-56,196,"TAC102","R2",330,428,3,299,99,297,297,TRUE
"TAC102","SRR7910035.3492969",96,100,4,0,340,439,2,301,1.24e-56,196,"TAC102","R2",340,439,2,301,100,300,300,TRUE
"TAC102","SRR7910035.20972328",96,100,4,0,299,398,1,300,1.26e-56,196,"TAC102","R2",299,398,1,300,100,300,300,TRUE
"TAC102","SRR7910035.16275830",96,100,4,0,20,119,1,300,1.26e-56,196,"TAC102","R2",20,119,1,300,100,300,300,TRUE
"TAC102","SRR7910035.12009605",98,100,2,0,382,481,2,301,1.26e-56,196,"TAC102","R2",382,481,301,2,100,300,300,TRUE
"TAC102","SRR7910035.22830496",94.949,99,5,0,229,327,3,299,1.3e-56,196,"TAC102","R2",229,327,3,299,99,297,297,TRUE
"TAC102","SRR7910035.23018446",96,100,4,0,301,400,1,300,1.38e-56,196,"TAC102","R2",301,400,300,1,100,300,300,TRUE
"TAC102","SRR7910035.16383947",98.99,99,1,0,307,405,1,297,1.38e-56,196,"TAC102","R2",307,405,1,297,99,297,297,TRUE
"TAC102","SRR7910035.8920464",96,100,4,0,277,376,2,301,1.4e-56,196,"TAC102","R2",277,376,2,301,100,300,300,TRUE
"TAC102","SRR7910035.14652236",97.98,99,2,0,327,425,2,298,1.44e-56,196,"TAC102","R2",327,425,2,298,99,297,297,TRUE
"TAC102","SRR7910035.26578140",97,100,3,0,371,470,1,300,1.48e-56,196,"TAC102","R2",371,470,1,300,100,300,300,TRUE
"TAC102","SRR7910035.3969610",98.99,99,1,0,311,409,2,298,1.5e-56,196,"TAC102","R2",311,409,298,2,99,297,297,TRUE
"TAC102","SRR7910035.5929241",97.98,99,2,0,362,460,3,299,1.51e-56,196,"TAC102","R2",362,460,3,299,99,297,297,TRUE
"TAC102","SRR7910035.27628305",96.97,99,3,0,293,391,1,297,1.52e-56,196,"TAC102","R2",293,391,1,297,99,297,297,TRUE
"TAC102","SRR7910035.16421404",98.99,99,1,0,367,465,3,299,1.54e-56,196,"TAC102","R2",367,465,3,299,99,297,297,TRUE
"TAC102","SRR7910035.20138932",94.949,99,5,0,23,121,2,298,1.56e-56,196,"TAC102","R2",23,121,2,298,99,297,297,TRUE
"TAC102","SRR7910035.19405601",97.98,99,2,0,498,596,3,299,1.57e-56,196,"TAC102","R2",498,596,3,299,99,297,297,TRUE
"TAC102","SRR7910035.4936648",94,100,6,0,282,381,2,301,1.57e-56,196,"TAC102","R2",282,381,301,2,100,300,300,TRUE
"TAC102","SRR7910035.3898625",98.969,97,1,0,318,414,3,293,1.65e-56,196,"TAC102","R2",318,414,3,293,97,291,291,TRUE
"TAC102","SRR7910035.13531334",96.97,99,3,0,535,633,2,298,1.74e-56,196,"TAC102","R2",535,633,298,2,99,297,297,TRUE
"TAC102","SRR7910035.28021955",97,100,3,0,384,483,2,301,1.81e-56,196,"TAC102","R2",384,483,2,301,100,300,300,TRUE
"TAC102","SRR7910035.12299640",96,100,4,0,4,103,1,300,1.84e-56,196,"TAC102","R2",4,103,300,1,100,300,300,TRUE
"TAC102","SRR7910035.10438312",95,100,5,0,48,147,2,301,2.1e-56,196,"TAC102","R2",48,147,301,2,100,300,300,TRUE
"TAC102","SRR7910035.13219685",97,100,3,0,385,484,2,301,2.25e-56,196,"TAC102","R2",385,484,2,301,100,300,300,TRUE
"TAC102","SRR7910035.16669005",96.97,99,3,0,37,135,2,298,2.27e-56,196,"TAC102","R2",37,135,298,2,99,297,297,TRUE
"TAC102","SRR7910035.27595825",97,100,3,0,324,423,2,301,2.3e-56,196,"TAC102","R2",324,423,2,301,100,300,300,TRUE
"TAC102","SRR7910035.12011639",96,100,4,0,44,143,1,300,2.32e-56,195,"TAC102","R2",44,143,300,1,100,300,300,TRUE
"TAC102","SRR7910035.27529283",97.98,99,2,0,315,413,2,298,2.34e-56,195,"TAC102","R2",315,413,298,2,99,297,297,TRUE
"TAC102","SRR7910035.14548430",98.98,98,1,0,367,464,3,296,2.34e-56,195,"TAC102","R2",367,464,3,296,98,294,294,TRUE
"TAC102","SRR7910035.19043152",95.96,99,4,0,415,513,2,298,2.37e-56,195,"TAC102","R2",415,513,298,2,99,297,297,TRUE
"TAC102","SRR7910035.17804364",94,100,6,0,256,355,2,301,2.54e-56,195,"TAC102","R2",256,355,301,2,100,300,300,TRUE
"TAC102","SRR7910035.6583927",96.97,99,3,0,57,155,3,299,2.59e-56,195,"TAC102","R2",57,155,299,3,99,297,297,TRUE
"TAC102","SRR7910035.5080203",95.918,98,4,0,52,149,2,295,2.59e-56,195,"TAC102","R2",52,149,295,2,98,294,294,TRUE
"TAC102","SRR7910035.13532673",98.99,99,1,0,375,473,3,299,2.64e-56,195,"TAC102","R2",375,473,299,3,99,297,297,TRUE
"TAC102","SRR7910035.13267385",96.97,99,3,0,20,118,3,299,2.64e-56,195,"TAC102","R2",20,118,299,3,99,297,297,TRUE
"TAC102","SRR7910035.15073542",94.949,99,5,0,196,294,3,299,2.69e-56,195,"TAC102","R2",196,294,299,3,99,297,297,TRUE
"TAC102","SRR7910035.25095575",96.97,99,3,0,526,624,3,299,2.74e-56,195,"TAC102","R2",526,624,3,299,99,297,297,TRUE
"TAC102","SRR7910035.12086984",96,100,4,0,470,569,1,300,2.8e-56,195,"TAC102","R2",470,569,1,300,100,300,300,TRUE
"TAC102","SRR7910035.1033845",95,100,5,0,402,501,1,300,2.86e-56,195,"TAC102","R2",402,501,1,300,100,300,300,TRUE
"TAC102","SRR7910035.25432249",95.918,98,4,0,416,513,2,295,3.06e-56,195,"TAC102","R2",416,513,295,2,98,294,294,TRUE
"TAC102","SRR7910035.7919249",95.96,99,4,0,482,580,1,297,3.06e-56,195,"TAC102","R2",482,580,297,1,99,297,297,TRUE
"TAC102","SRR7910035.20945691",95.96,99,4,0,300,398,3,299,3.09e-56,195,"TAC102","R2",300,398,3,299,99,297,297,TRUE
"TAC102","SRR7910035.13835571",95.96,99,4,0,423,521,1,297,3.15e-56,195,"TAC102","R2",423,521,1,297,99,297,297,TRUE
"TAC102","SRR7910035.26546165",96.97,99,3,0,327,425,3,299,3.19e-56,195,"TAC102","R2",327,425,299,3,99,297,297,TRUE
"TAC102","SRR7910035.19971207",92.929,99,7,0,252,350,2,298,3.19e-56,195,"TAC102","R2",252,350,2,298,99,297,297,TRUE
"TAC102","SRR7910035.21452504",96,100,4,0,38,137,1,300,3.25e-56,195,"TAC102","R2",38,137,1,300,100,300,300,TRUE
"TAC102","SRR7910035.19181394",96.97,99,3,0,388,486,3,299,3.25e-56,195,"TAC102","R2",388,486,299,3,99,297,297,TRUE
"TAC102","SRR7910035.14389581",96.97,99,3,0,502,600,2,298,3.31e-56,195,"TAC102","R2",502,600,298,2,99,297,297,TRUE
"TAC102","SRR7910035.2945437",94.949,99,5,0,280,378,1,297,3.32e-56,195,"TAC102","R2",280,378,1,297,99,297,297,TRUE
"TAC102","SRR7910035.24293655",96.97,99,3,0,343,441,1,297,3.44e-56,195,"TAC102","R2",343,441,297,1,99,297,297,TRUE
"TAC102","SRR7910035.19167711",96.97,99,3,0,364,462,1,297,3.48e-56,195,"TAC102","R2",364,462,1,297,99,297,297,TRUE
"TAC102","SRR7910035.14464840",96,100,4,0,461,560,2,301,3.7e-56,195,"TAC102","R2",461,560,2,301,100,300,300,TRUE
"TAC102","SRR7910035.4801669",95.96,99,4,0,52,150,3,299,3.77e-56,195,"TAC102","R2",52,150,299,3,99,297,297,TRUE
"TAC102","SRR7910035.3323693",96,100,4,0,434,533,2,301,3.81e-56,195,"TAC102","R2",434,533,2,301,100,300,300,TRUE
"TAC102","SRR7910035.26291056",96.97,99,3,0,443,541,3,299,3.96e-56,195,"TAC102","R2",443,541,3,299,99,297,297,TRUE
"TAC102","SRR7910035.25090191",98,100,2,0,312,411,2,301,4e-56,195,"TAC102","R2",312,411,2,301,100,300,300,TRUE
"TAC102","SRR7910035.9341323",96.97,99,3,0,68,166,3,299,4.16e-56,195,"TAC102","R2",68,166,299,3,99,297,297,TRUE
"TAC102","SRR7910035.9303760",98,100,2,0,378,477,2,301,4.33e-56,195,"TAC102","R2",378,477,301,2,100,300,300,TRUE
"TAC102","SRR7910035.815757",96.97,99,3,0,355,453,1,297,4.51e-56,194,"TAC102","R2",355,453,297,1,99,297,297,TRUE
"TAC102","SRR7910035.24393179",97,100,3,0,458,557,2,301,4.83e-56,194,"TAC102","R2",458,557,2,301,100,300,300,TRUE
"TAC102","SRR7910035.5113806",96,100,4,0,529,628,1,300,4.83e-56,194,"TAC102","R2",529,628,300,1,100,300,300,TRUE
"TAC102","SRR7910035.17590748",94.949,99,5,0,391,489,3,299,4.93e-56,194,"TAC102","R2",391,489,3,299,99,297,297,TRUE
"TAC102","SRR7910035.27750273",97,100,3,0,368,467,1,300,5.03e-56,194,"TAC102","R2",368,467,1,300,100,300,300,TRUE
"TAC102","SRR7910035.15907272",95.96,99,4,0,305,403,3,299,5.08e-56,194,"TAC102","R2",305,403,299,3,99,297,297,TRUE
"TAC102","SRR7910035.26906787",96,100,4,0,339,438,1,300,5.29e-56,194,"TAC102","R2",339,438,300,1,100,300,300,TRUE
"TAC102","SRR7910035.3898960",96.939,98,3,0,1,98,1,294,5.29e-56,194,"TAC102","R2",1,98,294,1,98,294,294,TRUE
"TAC102","SRR7910035.17086690",97.98,99,2,0,309,407,3,299,5.45e-56,194,"TAC102","R2",309,407,3,299,99,297,297,TRUE
"TAC102","SRR7910035.14199610",98,100,2,0,367,466,1,300,5.5e-56,194,"TAC102","R2",367,466,1,300,100,300,300,TRUE
"TAC102","SRR7910035.9954762",94,100,6,0,410,509,1,300,5.56e-56,194,"TAC102","R2",410,509,300,1,100,300,300,TRUE
"TAC102","SRR7910035.9473400",96.97,99,3,0,303,401,1,297,5.94e-56,194,"TAC102","R2",303,401,297,1,99,297,297,TRUE
"TAC102","SRR7910035.1431183",96,100,4,0,473,572,1,300,6.38e-56,194,"TAC102","R2",473,572,1,300,100,300,300,TRUE
"TAC102","SRR7910035.19148576",95.96,99,4,0,437,535,2,298,6.45e-56,194,"TAC102","R2",437,535,2,298,99,297,297,TRUE
"TAC102","SRR7910035.11547275",97.98,99,2,0,383,481,3,299,6.51e-56,194,"TAC102","R2",383,481,3,299,99,297,297,TRUE
"TAC102","SRR7910035.13122849",97.959,98,2,0,498,595,3,296,6.7e-56,194,"TAC102","R2",498,595,3,296,98,294,294,TRUE
"TAC102","SRR7910035.21837777",94.949,99,5,0,275,373,2,298,6.97e-56,194,"TAC102","R2",275,373,298,2,99,297,297,TRUE
"TAC102","SRR7910035.3637532",96.97,99,3,0,363,461,3,299,6.98e-56,194,"TAC102","R2",363,461,299,3,99,297,297,TRUE
"TAC102","SRR7910035.24859523",96.939,98,3,0,535,632,1,294,7.05e-56,194,"TAC102","R2",535,632,294,1,98,294,294,TRUE
"TAC102","SRR7910035.19346284",95.96,99,4,0,507,605,3,299,7.05e-56,194,"TAC102","R2",507,605,3,299,99,297,297,TRUE
"TAC102","SRR7910035.22503510",93.939,99,6,0,284,382,3,299,7.34e-56,194,"TAC102","R2",284,382,299,3,99,297,297,TRUE
"TAC102","SRR7910035.21455053",97,100,3,0,14,113,2,301,7.48e-56,194,"TAC102","R2",14,113,301,2,100,300,300,TRUE
"TAC102","SRR7910035.3374409",96,100,4,0,507,606,2,301,7.71e-56,194,"TAC102","R2",507,606,301,2,100,300,300,TRUE
"TAC102","SRR7910035.22522161",96.97,99,3,0,466,564,2,298,8.09e-56,194,"TAC102","R2",466,564,2,298,99,297,297,TRUE
"TAC102","SRR7910035.6282374",95.96,99,4,0,68,166,3,299,8.26e-56,194,"TAC102","R2",68,166,3,299,99,297,297,TRUE
"TAC102","SRR7910035.1398154",96.97,99,3,0,517,615,2,298,8.6e-56,194,"TAC102","R2",517,615,2,298,99,297,297,TRUE
"TAC102","SRR7910035.7414787",93,100,7,0,240,339,1,300,8.77e-56,194,"TAC102","R2",240,339,1,300,100,300,300,TRUE
"TAC102","SRR7910035.11717975",97.98,99,2,0,372,470,3,299,8.95e-56,194,"TAC102","R2",372,470,299,3,99,297,297,TRUE
"TAC102","SRR7910035.147446",93.878,98,6,0,820,917,1,294,9.04e-56,194,"TAC102","R2",820,917,294,1,98,294,294,TRUE
"TAC102","SRR7910035.26633647",95,100,5,0,480,579,2,301,9.22e-56,194,"TAC102","R2",480,579,2,301,100,300,300,TRUE
"TAC102","SRR7910035.10582779",96,100,4,0,438,537,2,301,9.31e-56,194,"TAC102","R2",438,537,2,301,100,300,300,TRUE
"TAC102","SRR7910035.12433900",96.774,93,3,0,842,934,21,299,9.59e-56,194,"TAC102","R2",842,934,299,21,93,279,279,TRUE
"TAC102","SRR7910035.12844626",95.96,99,4,0,79,177,1,297,9.88e-56,194,"TAC102","R2",79,177,1,297,99,297,297,TRUE
"TAC102","SRR7910035.9353801",95.96,99,4,0,330,428,1,297,9.98e-56,194,"TAC102","R2",330,428,297,1,99,297,297,TRUE
"TAC102","SRR7910035.22258985",96,100,4,0,536,635,2,301,1.01e-55,194,"TAC102","R2",536,635,2,301,100,300,300,TRUE
"TAC102","SRR7910035.11664190",94.949,99,5,0,514,612,2,298,1.03e-55,194,"TAC102","R2",514,612,298,2,99,297,297,TRUE
"TAC102","SRR7910035.23133019",96.907,97,3,0,194,290,1,291,1.04e-55,194,"TAC102","R2",194,290,1,291,97,291,291,TRUE
"TAC102","SRR7910035.8345661",94.949,99,5,0,291,389,3,299,1.04e-55,194,"TAC102","R2",291,389,299,3,99,297,297,TRUE
"TAC102","SRR7910035.17926967",93.939,99,6,0,275,373,3,299,1.1e-55,194,"TAC102","R2",275,373,299,3,99,297,297,TRUE
"TAC102","SRR7910035.7135250",95,100,5,0,39,138,2,301,1.1e-55,194,"TAC102","R2",39,138,2,301,100,300,300,TRUE
"TAC102","SRR7910035.14239562",97.98,99,2,0,364,462,1,297,1.13e-55,193,"TAC102","R2",364,462,1,297,99,297,297,TRUE
"TAC102","SRR7910035.26187217",95,100,5,0,520,619,2,301,1.15e-55,193,"TAC102","R2",520,619,301,2,100,300,300,TRUE
"TAC102","SRR7910035.13679930",95.96,99,4,0,33,131,3,299,1.18e-55,193,"TAC102","R2",33,131,299,3,99,297,297,TRUE
"TAC102","SRR7910035.24874589",95.96,99,4,0,72,170,2,298,1.2e-55,193,"TAC102","R2",72,170,2,298,99,297,297,TRUE
"TAC102","SRR7910035.7215478",95.96,99,4,0,386,484,3,299,1.22e-55,193,"TAC102","R2",386,484,3,299,99,297,297,TRUE
"TAC102","SRR7910035.5800308",95,100,5,0,53,152,1,300,1.32e-55,193,"TAC102","R2",53,152,300,1,100,300,300,TRUE
"TAC102","SRR7910035.20466121",93,100,7,0,211,310,2,301,1.41e-55,193,"TAC102","R2",211,310,301,2,100,300,300,TRUE
"TAC102","SRR7910035.9291751",96,100,4,0,309,408,1,300,1.53e-55,193,"TAC102","R2",309,408,300,1,100,300,300,TRUE
"TAC102","SRR7910035.928510",95.96,99,4,0,390,488,3,299,1.53e-55,193,"TAC102","R2",390,488,3,299,99,297,297,TRUE
"TAC102","SRR7910035.15478502",94,100,6,0,401,500,2,301,1.56e-55,193,"TAC102","R2",401,500,301,2,100,300,300,TRUE
"TAC102","SRR7910035.14543024",92.929,99,7,0,233,331,3,299,1.57e-55,193,"TAC102","R2",233,331,3,299,99,297,297,TRUE
"TAC102","SRR7910035.8359932",94.949,99,5,0,320,418,3,299,1.64e-55,193,"TAC102","R2",320,418,3,299,99,297,297,TRUE
"TAC102","SRR7910035.22520500",95.96,99,4,0,330,428,3,299,1.72e-55,193,"TAC102","R2",330,428,3,299,99,297,297,TRUE
"TAC102","SRR7910035.15734616",96.907,97,3,0,196,292,3,293,1.81e-55,193,"TAC102","R2",196,292,293,3,97,291,291,TRUE
"TAC102","SRR7910035.7389462",96,100,4,0,4,103,1,300,1.83e-55,193,"TAC102","R2",4,103,300,1,100,300,300,TRUE
"TAC102","SRR7910035.6757065",95.918,98,4,0,190,287,6,299,2e-55,193,"TAC102","R2",190,287,299,6,98,294,294,TRUE
"TAC102","SRR7910035.3538301",98.947,95,1,0,190,284,16,300,2.06e-55,193,"TAC102","R2",190,284,16,300,95,285,285,TRUE
"TAC102","SRR7910035.2118218",94.949,99,5,0,56,154,2,298,2.08e-55,192,"TAC102","R2",56,154,2,298,99,297,297,TRUE
"TAC102","SRR7910035.2486340",96,100,4,0,304,403,2,301,2.12e-55,193,"TAC102","R2",304,403,301,2,100,300,300,TRUE
"TAC102","SRR7910035.6320254",98.947,95,1,0,63,157,3,287,2.15e-55,192,"TAC102","R2",63,157,3,287,95,285,285,TRUE
"TAC102","SRR7910035.3699752",95.96,99,4,0,31,129,3,299,2.27e-55,192,"TAC102","R2",31,129,3,299,99,297,297,TRUE
"TAC102","SRR7910035.25865140",94,100,6,0,202,301,2,301,2.41e-55,192,"TAC102","R2",202,301,301,2,100,300,300,TRUE
"TAC102","SRR7910035.20502313",95.96,99,4,0,512,610,3,299,2.44e-55,192,"TAC102","R2",512,610,299,3,99,297,297,TRUE
"TAC102","SRR7910035.382436",93.939,99,6,0,248,346,3,299,2.46e-55,192,"TAC102","R2",248,346,299,3,99,297,297,TRUE
"TAC102","SRR7910035.18536124",94,100,6,0,220,319,1,300,2.48e-55,192,"TAC102","R2",220,319,1,300,100,300,300,TRUE
"TAC102","SRR7910035.10441924",95.96,99,4,0,18,116,3,299,2.58e-55,192,"TAC102","R2",18,116,299,3,99,297,297,TRUE
"TAC102","SRR7910035.2949317",95,100,5,0,1,100,1,300,2.64e-55,192,"TAC102","R2",1,100,300,1,100,300,300,TRUE
"TAC102","SRR7910035.1982304",94.949,99,5,0,38,136,3,299,2.64e-55,192,"TAC102","R2",38,136,3,299,99,297,297,TRUE
"TAC102","SRR7910035.23966007",97.826,92,2,0,843,934,2,277,2.77e-55,192,"TAC102","R2",843,934,2,277,92,276,276,TRUE
"TAC102","SRR7910035.7962804",92.857,98,7,0,828,925,3,296,2.8e-55,192,"TAC102","R2",828,925,3,296,98,294,294,TRUE
"TAC102","SRR7910035.18300461",98.889,90,1,0,845,934,1,270,2.88e-55,192,"TAC102","R2",845,934,1,270,90,270,270,TRUE
"TAC102","SRR7910035.18539760",95.96,99,4,0,471,569,3,299,2.94e-55,192,"TAC102","R2",471,569,3,299,99,297,297,TRUE
"TAC102","SRR7910035.19812371",94.949,99,5,0,432,530,3,299,3e-55,192,"TAC102","R2",432,530,3,299,99,297,297,TRUE
"TAC102","SRR7910035.16498392",96.97,99,3,0,274,372,2,298,3.09e-55,192,"TAC102","R2",274,372,298,2,99,297,297,TRUE
"TAC102","SRR7910035.5974382",95,100,5,0,473,572,1,300,3.09e-55,192,"TAC102","R2",473,572,300,1,100,300,300,TRUE
"TAC102","SRR7910035.2552330",95.96,99,4,0,2,100,3,299,3.15e-55,192,"TAC102","R2",2,100,3,299,99,297,297,TRUE
"TAC102","SRR7910035.16546869",96.842,95,3,0,808,902,3,287,3.25e-55,192,"TAC102","R2",808,902,287,3,95,285,285,TRUE
"TAC102","SRR7910035.24612228",95.918,98,4,0,317,414,2,295,3.31e-55,192,"TAC102","R2",317,414,295,2,98,294,294,TRUE
"TAC102","SRR7910035.25904904",95.96,99,4,0,349,447,2,298,3.31e-55,192,"TAC102","R2",349,447,298,2,99,297,297,TRUE
"TAC102","SRR7910035.12395467",92,100,8,0,260,359,1,300,3.35e-55,192,"TAC102","R2",260,359,1,300,100,300,300,TRUE
"TAC102","SRR7910035.12363720",93.939,99,6,0,423,521,3,299,3.38e-55,192,"TAC102","R2",423,521,299,3,99,297,297,TRUE
"TAC102","SRR7910035.21417482",93.939,99,6,0,251,349,3,299,3.48e-55,192,"TAC102","R2",251,349,3,299,99,297,297,TRUE
"TAC102","SRR7910035.11032354",92,100,8,0,225,324,1,300,3.69e-55,192,"TAC102","R2",225,324,300,1,100,300,300,TRUE
"TAC102","SRR7910035.18715520",93,100,7,0,283,382,2,301,3.92e-55,192,"TAC102","R2",283,382,301,2,100,300,300,TRUE
"TAC102","SRR7910035.16370830",94,100,6,0,812,911,2,301,3.92e-55,192,"TAC102","R2",812,911,2,301,100,300,300,TRUE
"TAC102","SRR7910035.18403985",97.895,95,2,0,1,95,2,286,3.96e-55,192,"TAC102","R2",1,95,286,2,95,285,285,TRUE
"TAC102","SRR7910035.21079869",96.939,98,3,0,388,485,2,295,4e-55,192,"TAC102","R2",388,485,295,2,98,294,294,TRUE
"TAC102","SRR7910035.9414594",94.949,99,5,0,540,638,3,299,4.2e-55,192,"TAC102","R2",540,638,3,299,99,297,297,TRUE
"TAC102","SRR7910035.1695299",96.97,99,3,0,74,172,3,299,4.24e-55,192,"TAC102","R2",74,172,299,3,99,297,297,TRUE
"TAC102","SRR7910035.22300104",94.949,99,5,0,389,487,3,299,4.37e-55,192,"TAC102","R2",389,487,299,3,99,297,297,TRUE
"TAC102","SRR7910035.25173034",94.949,99,5,0,522,620,3,299,4.42e-55,192,"TAC102","R2",522,620,299,3,99,297,297,TRUE
"TAC102","SRR7910035.21435727",94.845,97,5,0,228,324,1,291,4.55e-55,192,"TAC102","R2",228,324,291,1,97,291,291,TRUE
"TAC102","SRR7910035.10965638",98.936,94,1,0,1,94,19,300,4.73e-55,192,"TAC102","R2",1,94,19,300,94,282,282,TRUE
"TAC102","SRR7910035.21627268",94.898,98,5,0,1,98,8,301,5.02e-55,192,"TAC102","R2",1,98,8,301,98,294,294,TRUE
"TAC102","SRR7910035.11942463",96,100,4,0,548,647,1,300,5.02e-55,192,"TAC102","R2",548,647,300,1,100,300,300,TRUE
"TAC102","SRR7910035.1862935",91.919,99,8,0,817,915,3,299,5.07e-55,192,"TAC102","R2",817,915,299,3,99,297,297,TRUE
"TAC102","SRR7910035.18658851",100,90,0,0,808,897,31,300,5.33e-55,192,"TAC102","R2",808,897,31,300,90,270,270,TRUE
"TAC102","SRR7910035.1764153",96.97,99,3,0,65,163,3,299,5.38e-55,192,"TAC102","R2",65,163,299,3,99,297,297,TRUE
"TAC102","SRR7910035.13539411",95,100,5,0,520,619,2,301,5.55e-55,191,"TAC102","R2",520,619,301,2,100,300,300,TRUE
"TAC102","SRR7910035.2224754",95.96,99,4,0,319,417,3,299,5.55e-55,191,"TAC102","R2",319,417,3,299,99,297,297,TRUE
"TAC102","SRR7910035.10794828",95.876,97,4,0,278,374,2,292,5.65e-55,191,"TAC102","R2",278,374,2,292,97,291,291,TRUE
"TAC102","SRR7910035.7830564",96,100,4,0,372,471,1,300,5.71e-55,191,"TAC102","R2",372,471,300,1,100,300,300,TRUE
"TAC102","SRR7910035.28190186",94.949,99,5,0,528,626,2,298,5.83e-55,191,"TAC102","R2",528,626,298,2,99,297,297,TRUE
"TAC102","SRR7910035.17216393",95,100,5,0,28,127,2,301,5.89e-55,191,"TAC102","R2",28,127,301,2,100,300,300,TRUE
"TAC102","SRR7910035.27138747",96.809,94,3,0,808,901,18,299,6e-55,191,"TAC102","R2",808,901,18,299,94,282,282,TRUE
"TAC102","SRR7910035.17894300",96,100,4,0,460,559,1,300,6e-55,191,"TAC102","R2",460,559,300,1,100,300,300,TRUE
"TAC102","SRR7910035.6050505",95.918,98,4,0,496,593,1,294,6e-55,191,"TAC102","R2",496,593,1,294,98,294,294,TRUE
"TAC102","SRR7910035.19805190",93.939,99,6,0,221,319,1,297,6.18e-55,191,"TAC102","R2",221,319,297,1,99,297,297,TRUE
"TAC102","SRR7910035.10759026",96.939,98,3,0,17,114,2,295,6.5e-55,191,"TAC102","R2",17,114,295,2,98,294,294,TRUE
"TAC102","SRR7910035.15672891",96.939,98,3,0,314,411,3,296,7.02e-55,191,"TAC102","R2",314,411,3,296,98,294,294,TRUE
"TAC102","SRR7910035.13286290",97.917,96,2,0,81,176,2,289,7.11e-55,191,"TAC102","R2",81,176,289,2,96,288,288,TRUE
"TAC102","SRR7910035.2185402",96.939,98,3,0,304,401,3,296,7.32e-55,191,"TAC102","R2",304,401,3,296,98,294,294,TRUE
"TAC102","SRR7910035.7252032",91.919,99,8,0,820,918,1,297,7.39e-55,191,"TAC102","R2",820,918,1,297,99,297,297,TRUE
"TAC102","SRR7910035.5807432",94.949,99,5,0,501,599,1,297,7.69e-55,191,"TAC102","R2",501,599,1,297,99,297,297,TRUE
"TAC102","SRR7910035.25397876",95.918,98,4,0,29,126,2,295,7.92e-55,191,"TAC102","R2",29,126,2,295,98,294,294,TRUE
"TAC102","SRR7910035.23565771",95.96,99,4,0,371,469,3,299,7.92e-55,191,"TAC102","R2",371,469,299,3,99,297,297,TRUE
"TAC102","SRR7910035.19343574",92,100,8,0,516,615,1,300,8.24e-55,191,"TAC102","R2",516,615,1,300,100,300,300,TRUE
"TAC102","SRR7910035.9443535",91.919,99,8,0,831,929,2,298,8.41e-55,191,"TAC102","R2",831,929,298,2,99,297,297,TRUE
"TAC102","SRR7910035.25223059",94.949,99,5,0,494,592,3,299,8.58e-55,191,"TAC102","R2",494,592,299,3,99,297,297,TRUE
"TAC102","SRR7910035.12398267",95,100,5,0,508,607,1,300,8.92e-55,191,"TAC102","R2",508,607,300,1,100,300,300,TRUE
"TAC102","SRR7910035.7684537",95.918,98,4,0,69,166,3,296,9.1e-55,191,"TAC102","R2",69,166,3,296,98,294,294,TRUE
"TAC102","SRR7910035.19815719",93.939,99,6,0,218,316,3,299,9.47e-55,191,"TAC102","R2",218,316,299,3,99,297,297,TRUE
"TAC102","SRR7910035.14077483",92.929,99,7,0,278,376,1,297,9.66e-55,191,"TAC102","R2",278,376,297,1,99,297,297,TRUE
"TAC102","SRR7910035.1368301",95.876,97,4,0,243,339,1,291,9.95e-55,191,"TAC102","R2",243,339,1,291,97,291,291,TRUE
"TAC102","SRR7910035.8459126",92,100,8,0,403,502,2,301,1e-54,191,"TAC102","R2",403,502,2,301,100,300,300,TRUE
"TAC102","SRR7910035.11144623",98.901,91,1,0,808,898,29,301,1.05e-54,191,"TAC102","R2",808,898,29,301,91,273,273,TRUE
"TAC102","SRR7910035.16190447",95,100,5,0,68,167,1,300,1.07e-54,191,"TAC102","R2",68,167,300,1,100,300,300,TRUE
"TAC102","SRR7910035.23377390",92.929,99,7,0,62,160,2,298,1.09e-54,191,"TAC102","R2",62,160,298,2,99,297,297,TRUE
"TAC102","SRR7910035.21166631",95,100,5,0,307,406,1,300,1.19e-54,191,"TAC102","R2",307,406,300,1,100,300,300,TRUE
"TAC102","SRR7910035.9687941",96.875,96,3,0,196,291,3,290,1.19e-54,191,"TAC102","R2",196,291,3,290,96,288,288,TRUE
"TAC102","SRR7910035.21817605",92,100,8,0,208,307,2,301,1.24e-54,191,"TAC102","R2",208,307,2,301,100,300,300,TRUE
"TAC102","SRR7910035.21473415",93.939,99,6,0,461,559,3,299,1.24e-54,191,"TAC102","R2",461,559,3,299,99,297,297,TRUE
"TAC102","SRR7910035.19695832",94,100,6,0,462,561,2,301,1.25e-54,191,"TAC102","R2",462,561,2,301,100,300,300,TRUE
"TAC102","SRR7910035.22000700",94,100,6,0,474,573,2,301,1.27e-54,191,"TAC102","R2",474,573,2,301,100,300,300,TRUE
"TAC102","SRR7910035.11863220",93,100,7,0,385,484,1,300,1.34e-54,191,"TAC102","R2",385,484,300,1,100,300,300,TRUE
"TAC102","SRR7910035.24004477",94.949,99,5,0,496,594,1,297,1.52e-54,190,"TAC102","R2",496,594,1,297,99,297,297,TRUE
"TAC102","SRR7910035.19797190",94.898,98,5,0,276,373,3,296,1.58e-54,190,"TAC102","R2",276,373,3,296,98,294,294,TRUE
"TAC102","SRR7910035.24855901",95,100,5,0,58,157,1,300,1.6e-54,190,"TAC102","R2",58,157,300,1,100,300,300,TRUE
"TAC102","SRR7910035.9968781",96.875,96,3,0,301,396,3,290,1.65e-54,190,"TAC102","R2",301,396,290,3,96,288,288,TRUE
"TAC102","SRR7910035.52969",96,100,4,0,381,480,1,300,1.65e-54,190,"TAC102","R2",381,480,300,1,100,300,300,TRUE
"TAC102","SRR7910035.15167661",93,100,7,0,399,498,2,301,1.67e-54,190,"TAC102","R2",399,498,2,301,100,300,300,TRUE
"TAC102","SRR7910035.4917819",90,100,10,0,833,932,2,301,1.68e-54,190,"TAC102","R2",833,932,2,301,100,300,300,TRUE
"TAC102","SRR7910035.1158674",92.929,99,7,0,207,305,1,297,1.77e-54,190,"TAC102","R2",207,305,297,1,99,297,297,TRUE
"TAC102","SRR7910035.11609427",93.75,96,6,0,831,926,3,290,1.82e-54,190,"TAC102","R2",831,926,290,3,96,288,288,TRUE
"TAC102","SRR7910035.22262070",96,100,4,0,321,420,1,300,1.86e-54,190,"TAC102","R2",321,420,1,300,100,300,300,TRUE
"TAC102","SRR7910035.26884995",91,100,9,0,264,363,1,300,1.88e-54,190,"TAC102","R2",264,363,1,300,100,300,300,TRUE
"TAC102","SRR7910035.22863272",96,100,4,0,12,111,1,300,1.88e-54,190,"TAC102","R2",12,111,300,1,100,300,300,TRUE
"TAC102","SRR7910035.24504141",92.857,98,7,0,824,921,1,294,1.91e-54,190,"TAC102","R2",824,921,294,1,98,294,294,TRUE
"TAC102","SRR7910035.18289573",93.939,99,6,0,50,148,3,299,2.05e-54,190,"TAC102","R2",50,148,3,299,99,297,297,TRUE
"TAC102","SRR7910035.9811432",94,100,6,0,406,505,1,300,2.09e-54,190,"TAC102","R2",406,505,1,300,100,300,300,TRUE
"TAC102","SRR7910035.8141957",94.949,99,5,0,330,428,1,297,2.15e-54,190,"TAC102","R2",330,428,1,297,99,297,297,TRUE
"TAC102","SRR7910035.2960029",94,100,6,0,504,603,2,301,2.26e-54,190,"TAC102","R2",504,603,301,2,100,300,300,TRUE
"TAC102","SRR7910035.4034479",92.929,99,7,0,261,359,3,299,2.38e-54,190,"TAC102","R2",261,359,3,299,99,297,297,TRUE
"TAC102","SRR7910035.23681647",95.96,99,4,0,452,550,3,299,2.43e-54,190,"TAC102","R2",452,550,3,299,99,297,297,TRUE
"TAC102","SRR7910035.6035403",96.875,96,3,0,1,96,2,289,2.43e-54,190,"TAC102","R2",1,96,289,2,96,288,288,TRUE
"TAC102","SRR7910035.1363182",91.919,99,8,0,205,303,3,299,2.43e-54,190,"TAC102","R2",205,303,299,3,99,297,297,TRUE
"TAC102","SRR7910035.7691681",93.939,99,6,0,293,391,3,299,2.6e-54,190,"TAC102","R2",293,391,299,3,99,297,297,TRUE
"TAC102","SRR7910035.12826644",94.949,99,5,0,349,447,3,299,2.65e-54,190,"TAC102","R2",349,447,299,3,99,297,297,TRUE
"TAC102","SRR7910035.19330776",91,100,9,0,287,386,2,301,2.7e-54,189,"TAC102","R2",287,386,2,301,100,300,300,TRUE
"TAC102","SRR7910035.14995470",95.918,98,4,0,466,563,2,295,2.84e-54,189,"TAC102","R2",466,563,2,295,98,294,294,TRUE
"TAC102","SRR7910035.24063060",91,100,9,0,400,499,1,300,2.84e-54,189,"TAC102","R2",400,499,1,300,100,300,300,TRUE
"TAC102","SRR7910035.16427456",96.939,98,3,0,70,167,1,294,2.93e-54,189,"TAC102","R2",70,167,294,1,98,294,294,TRUE
"TAC102","SRR7910035.18336199",94,100,6,0,326,425,2,301,2.99e-54,189,"TAC102","R2",326,425,2,301,100,300,300,TRUE
"TAC102","SRR7910035.1727619",94.949,99,5,0,384,482,3,299,3.02e-54,189,"TAC102","R2",384,482,299,3,99,297,297,TRUE
"TAC102","SRR7910035.7934249",94.949,99,5,0,547,645,3,299,3.26e-54,189,"TAC102","R2",547,645,3,299,99,297,297,TRUE
"TAC102","SRR7910035.15490401",95.918,98,4,0,365,462,1,294,3.53e-54,189,"TAC102","R2",365,462,1,294,98,294,294,TRUE
"TAC102","SRR7910035.6138370",92,100,8,0,270,369,2,301,3.75e-54,189,"TAC102","R2",270,369,301,2,100,300,300,TRUE
"TAC102","SRR7910035.8584692",93.878,98,6,0,493,590,2,295,4.01e-54,189,"TAC102","R2",493,590,2,295,98,294,294,TRUE
"TAC102","SRR7910035.21756227",94.949,99,5,0,333,431,3,299,4.14e-54,189,"TAC102","R2",333,431,3,299,99,297,297,TRUE
"TAC102","SRR7910035.814558",90,100,10,0,238,337,2,301,4.14e-54,189,"TAC102","R2",238,337,2,301,100,300,300,TRUE
"TAC102","SRR7910035.17079141",92.784,97,7,0,834,930,3,293,4.34e-54,189,"TAC102","R2",834,930,3,293,97,291,291,TRUE
"TAC102","SRR7910035.5364663",93.939,99,6,0,338,436,3,299,4.57e-54,189,"TAC102","R2",338,436,299,3,99,297,297,TRUE
"TAC102","SRR7910035.15878771",94,100,6,0,526,625,2,301,4.75e-54,189,"TAC102","R2",526,625,2,301,100,300,300,TRUE
"TAC102","SRR7910035.15931871",97.895,95,2,0,534,628,3,287,4.89e-54,189,"TAC102","R2",534,628,3,287,95,285,285,TRUE
"TAC102","SRR7910035.11953294",93,100,7,0,43,142,1,300,5.3e-54,189,"TAC102","R2",43,142,300,1,100,300,300,TRUE
"TAC102","SRR7910035.9098825",93.939,99,6,0,482,580,3,299,5.35e-54,189,"TAC102","R2",482,580,3,299,99,297,297,TRUE
"TAC102","SRR7910035.3393384",93.939,99,6,0,525,623,3,299,5.51e-54,189,"TAC102","R2",525,623,299,3,99,297,297,TRUE
"TAC102","SRR7910035.15188768",94.792,96,5,0,1,96,11,298,5.85e-54,189,"TAC102","R2",1,96,11,298,96,288,288,TRUE
"TAC102","SRR7910035.5391032",94.949,99,5,0,61,159,3,299,6.15e-54,189,"TAC102","R2",61,159,3,299,99,297,297,TRUE
"TAC102","SRR7910035.20371165",95.876,97,4,0,219,315,3,293,6.46e-54,189,"TAC102","R2",219,315,293,3,97,291,291,TRUE
"TAC102","SRR7910035.382067",96.907,97,3,0,71,167,3,293,6.52e-54,189,"TAC102","R2",71,167,293,3,97,291,291,TRUE
"TAC102","SRR7910035.8684276",94.949,99,5,0,351,449,3,299,6.65e-54,189,"TAC102","R2",351,449,299,3,99,297,297,TRUE
"TAC102","SRR7910035.15453510",92.929,99,7,0,198,296,3,299,6.85e-54,189,"TAC102","R2",198,296,299,3,99,297,297,TRUE
"TAC102","SRR7910035.4802456",94.949,99,5,0,4,102,3,299,6.99e-54,188,"TAC102","R2",4,102,3,299,99,297,297,TRUE
"TAC102","SRR7910035.10338936",93.939,99,6,0,303,401,3,299,7.27e-54,188,"TAC102","R2",303,401,3,299,99,297,297,TRUE
"TAC102","SRR7910035.27443358",92.929,99,7,0,330,428,2,298,7.42e-54,188,"TAC102","R2",330,428,2,298,99,297,297,TRUE
"TAC102","SRR7910035.6157159",95.96,99,4,0,378,476,1,297,7.42e-54,188,"TAC102","R2",378,476,1,297,99,297,297,TRUE
"TAC102","SRR7910035.26302728",92.929,99,7,0,2,100,3,299,7.64e-54,188,"TAC102","R2",2,100,3,299,99,297,297,TRUE
"TAC102","SRR7910035.14781426",93,100,7,0,517,616,1,300,7.64e-54,188,"TAC102","R2",517,616,300,1,100,300,300,TRUE
"TAC102","SRR7910035.13873425",95.918,98,4,0,277,374,2,295,7.72e-54,188,"TAC102","R2",277,374,295,2,98,294,294,TRUE
"TAC102","SRR7910035.514413",94.898,98,5,0,445,542,2,295,8.11e-54,188,"TAC102","R2",445,542,2,295,98,294,294,TRUE
"TAC102","SRR7910035.1607825",93.939,99,6,0,273,371,3,299,8.27e-54,188,"TAC102","R2",273,371,3,299,99,297,297,TRUE
"TAC102","SRR7910035.14253965",100,87,0,0,848,934,2,262,8.52e-54,188,"TAC102","R2",848,934,2,262,87,261,261,TRUE
"TAC102","SRR7910035.12030220",91.837,98,8,0,254,351,3,296,8.6e-54,188,"TAC102","R2",254,351,296,3,98,294,294,TRUE
"TAC102","SRR7910035.12596863",95.876,97,4,0,530,626,3,293,8.69e-54,188,"TAC102","R2",530,626,3,293,97,291,291,TRUE
"TAC102","SRR7910035.11981873",94,100,6,0,527,626,2,301,8.78e-54,188,"TAC102","R2",527,626,2,301,100,300,300,TRUE
"TAC102","SRR7910035.26546324",94,100,6,0,359,458,2,301,9.22e-54,188,"TAC102","R2",359,458,301,2,100,300,300,TRUE
"TAC102","SRR7910035.28313883",94,100,6,0,491,590,2,301,9.31e-54,188,"TAC102","R2",491,590,2,301,100,300,300,TRUE
"TAC102","SRR7910035.22707373",95,100,5,0,514,613,2,301,9.69e-54,188,"TAC102","R2",514,613,2,301,100,300,300,TRUE
"TAC102","SRR7910035.20432312",95.918,98,4,0,501,598,3,296,9.98e-54,188,"TAC102","R2",501,598,3,296,98,294,294,TRUE
"TAC102","SRR7910035.19946084",91,100,9,0,446,545,1,300,1.08e-53,188,"TAC102","R2",446,545,1,300,100,300,300,TRUE
"TAC102","SRR7910035.9966351",93.939,99,6,0,55,153,3,299,1.09e-53,188,"TAC102","R2",55,153,299,3,99,297,297,TRUE
"TAC102","SRR7910035.8328050",94.898,98,5,0,464,561,3,296,1.14e-53,188,"TAC102","R2",464,561,3,296,98,294,294,TRUE
"TAC102","SRR7910035.16745011",96.739,92,3,0,809,900,3,278,1.16e-53,188,"TAC102","R2",809,900,278,3,92,276,276,TRUE
"TAC102","SRR7910035.15841290",93,100,7,0,260,359,1,300,1.24e-53,188,"TAC102","R2",260,359,1,300,100,300,300,TRUE
"TAC102","SRR7910035.11006079",98.913,92,1,0,190,281,1,276,1.32e-53,187,"TAC102","R2",190,281,276,1,92,276,276,TRUE
"TAC102","SRR7910035.20977055",90.909,99,9,0,234,332,3,299,1.33e-53,187,"TAC102","R2",234,332,299,3,99,297,297,TRUE
"TAC102","SRR7910035.21074272",93.878,98,6,0,190,287,2,295,1.45e-53,187,"TAC102","R2",190,287,295,2,98,294,294,TRUE
"TAC102","SRR7910035.20066413",93,100,7,0,480,579,1,300,1.45e-53,187,"TAC102","R2",480,579,300,1,100,300,300,TRUE
"TAC102","SRR7910035.21831604",93,100,7,0,349,448,2,301,1.47e-53,187,"TAC102","R2",349,448,301,2,100,300,300,TRUE
"TAC102","SRR7910035.23120690",94.737,95,5,0,252,346,2,286,1.5e-53,187,"TAC102","R2",252,346,2,286,95,285,285,TRUE
"TAC102","SRR7910035.7572967",92.857,98,7,0,284,381,3,296,1.74e-53,187,"TAC102","R2",284,381,3,296,98,294,294,TRUE
"TAC102","SRR7910035.13926191",92,100,8,0,197,296,1,300,1.77e-53,187,"TAC102","R2",197,296,300,1,100,300,300,TRUE
"TAC102","SRR7910035.17553986",100,91,0,0,190,280,1,273,1.79e-53,187,"TAC102","R2",190,280,273,1,91,273,273,TRUE
"TAC102","SRR7910035.16562203",92.929,99,7,0,77,175,3,299,1.81e-53,187,"TAC102","R2",77,175,3,299,99,297,297,TRUE
"TAC102","SRR7910035.22433013",91,100,9,0,416,515,1,300,1.88e-53,187,"TAC102","R2",416,515,300,1,100,300,300,TRUE
"TAC102","SRR7910035.27127260",94.845,97,5,0,190,286,11,301,1.95e-53,187,"TAC102","R2",190,286,11,301,97,291,291,TRUE
"TAC102","SRR7910035.11830783",93.814,97,6,0,56,152,2,292,1.97e-53,187,"TAC102","R2",56,152,2,292,97,291,291,TRUE
"TAC102","SRR7910035.3289294",94,100,6,0,350,449,2,301,1.99e-53,187,"TAC102","R2",350,449,2,301,100,300,300,TRUE
"TAC102","SRR7910035.23576780",94.949,99,5,0,510,608,2,298,2.09e-53,187,"TAC102","R2",510,608,2,298,99,297,297,TRUE
"TAC102","SRR7910035.18971798",96.875,96,3,0,553,648,7,294,2.11e-53,187,"TAC102","R2",553,648,294,7,96,288,288,TRUE
"TAC102","SRR7910035.4385928",96.842,95,3,0,1,95,17,301,2.27e-53,187,"TAC102","R2",1,95,17,301,95,285,285,TRUE
"TAC102","SRR7910035.11970157",94,100,6,0,76,175,1,300,2.31e-53,187,"TAC102","R2",76,175,1,300,100,300,300,TRUE
"TAC102","SRR7910035.12914175",96.842,95,3,0,190,284,17,301,2.33e-53,187,"TAC102","R2",190,284,17,301,95,285,285,TRUE
"TAC102","SRR7910035.10670754",93,100,7,0,274,373,1,300,2.63e-53,187,"TAC102","R2",274,373,300,1,100,300,300,TRUE
"TAC102","SRR7910035.24530423",94.845,97,5,0,1,97,9,299,2.79e-53,187,"TAC102","R2",1,97,9,299,97,291,291,TRUE
"TAC102","SRR7910035.24543684",93.939,99,6,0,196,294,3,299,2.93e-53,187,"TAC102","R2",196,294,299,3,99,297,297,TRUE
"TAC102","SRR7910035.8512415",91.919,99,8,0,361,459,2,298,2.95e-53,187,"TAC102","R2",361,459,2,298,99,297,297,TRUE
"TAC102","SRR7910035.19989255",96.703,91,3,0,808,898,26,298,3.23e-53,187,"TAC102","R2",808,898,26,298,91,273,273,TRUE
"TAC102","SRR7910035.27984768",93,100,7,0,473,572,1,300,3.33e-53,187,"TAC102","R2",473,572,300,1,100,300,300,TRUE
"TAC102","SRR7910035.14234005",92,100,8,0,25,124,1,300,3.57e-53,186,"TAC102","R2",25,124,1,300,100,300,300,TRUE
"TAC102","SRR7910035.17720625",93.939,99,6,0,10,108,3,299,3.79e-53,186,"TAC102","R2",10,108,3,299,99,297,297,TRUE
"TAC102","SRR7910035.5006392",91.919,99,8,0,267,365,2,298,3.83e-53,186,"TAC102","R2",267,365,2,298,99,297,297,TRUE
"TAC102","SRR7910035.8769447",93.939,99,6,0,479,577,3,299,3.9e-53,186,"TAC102","R2",479,577,299,3,99,297,297,TRUE
"TAC102","SRR7910035.17387016",92.929,99,7,0,501,599,3,299,3.98e-53,186,"TAC102","R2",501,599,3,299,99,297,297,TRUE
"TAC102","SRR7910035.19577768",90,100,10,0,348,447,2,301,4.35e-53,186,"TAC102","R2",348,447,2,301,100,300,300,TRUE
"TAC102","SRR7910035.3864017",94,100,6,0,71,170,1,300,4.35e-53,186,"TAC102","R2",71,170,300,1,100,300,300,TRUE
"TAC102","SRR7910035.2339651",94,100,6,0,9,108,1,300,4.52e-53,186,"TAC102","R2",9,108,1,300,100,300,300,TRUE
"TAC102","SRR7910035.12082200",92.929,99,7,0,519,617,3,299,4.66e-53,186,"TAC102","R2",519,617,3,299,99,297,297,TRUE
"TAC102","SRR7910035.13503304",93.814,97,6,0,299,395,3,293,5.03e-53,186,"TAC102","R2",299,395,3,293,97,291,291,TRUE
"TAC102","SRR7910035.7307761",93.939,99,6,0,517,615,3,299,5.35e-53,186,"TAC102","R2",517,615,3,299,99,297,297,TRUE
"TAC102","SRR7910035.25806225",92.929,99,7,0,393,491,3,299,5.46e-53,186,"TAC102","R2",393,491,299,3,99,297,297,TRUE
"TAC102","SRR7910035.2563586",100,88,0,0,421,508,2,265,5.47e-53,186,"TAC102","R2",421,508,265,2,88,264,264,TRUE
"TAC102","SRR7910035.10483750",92,100,8,0,462,561,1,300,5.62e-53,186,"TAC102","R2",462,561,1,300,100,300,300,TRUE
"TAC102","SRR7910035.1020915",93.939,99,6,0,9,107,2,298,6.14e-53,186,"TAC102","R2",9,107,2,298,99,297,297,TRUE
"TAC102","SRR7910035.3122115",92.784,97,7,0,82,178,3,293,6.27e-53,186,"TAC102","R2",82,178,3,293,97,291,291,TRUE
"TAC102","SRR7910035.1393131",93,100,7,0,523,622,2,301,6.72e-53,186,"TAC102","R2",523,622,2,301,100,300,300,TRUE
"TAC102","SRR7910035.5372805",90.526,95,9,0,839,933,3,287,7.2e-53,186,"TAC102","R2",839,933,3,287,95,285,285,TRUE
"TAC102","SRR7910035.19069203",93,100,7,0,323,422,1,300,7.41e-53,186,"TAC102","R2",323,422,1,300,100,300,300,TRUE
"TAC102","SRR7910035.3665075",92,100,8,0,462,561,1,300,7.86e-53,186,"TAC102","R2",462,561,1,300,100,300,300,TRUE
"TAC102","SRR7910035.662983",92.929,99,7,0,435,533,3,299,8.85e-53,185,"TAC102","R2",435,533,3,299,99,297,297,TRUE
"TAC102","SRR7910035.2588614",92,100,8,0,469,568,2,301,8.94e-53,185,"TAC102","R2",469,568,301,2,100,300,300,TRUE
"TAC102","SRR7910035.19221897",94.949,99,5,0,500,598,2,298,9.58e-53,185,"TAC102","R2",500,598,2,298,99,297,297,TRUE
"TAC102","SRR7910035.8711134",91.919,99,8,0,505,603,3,299,9.77e-53,185,"TAC102","R2",505,603,299,3,99,297,297,TRUE
"TAC102","SRR7910035.5600072",91.919,99,8,0,1,99,1,297,1.02e-52,185,"TAC102","R2",1,99,297,1,99,297,297,TRUE
"TAC102","SRR7910035.4466445",90.722,97,9,0,289,385,4,294,1.06e-52,185,"TAC102","R2",289,385,4,294,97,291,291,TRUE
"TAC102","SRR7910035.4579858",93.75,96,6,0,334,429,1,288,1.07e-52,185,"TAC102","R2",334,429,288,1,96,288,288,TRUE
"TAC102","SRR7910035.21438965",92,100,8,0,338,437,2,301,1.09e-52,185,"TAC102","R2",338,437,2,301,100,300,300,TRUE
"TAC102","SRR7910035.25399008",94.737,95,5,0,64,158,1,285,1.14e-52,185,"TAC102","R2",64,158,285,1,95,285,285,TRUE
"TAC102","SRR7910035.20610105",93.939,99,6,0,467,565,3,299,1.23e-52,185,"TAC102","R2",467,565,3,299,99,297,297,TRUE
"TAC102","SRR7910035.796826",91.837,98,8,0,195,292,1,294,1.24e-52,185,"TAC102","R2",195,292,294,1,98,294,294,TRUE
"TAC102","SRR7910035.10599474",90.909,99,9,0,235,333,2,298,1.33e-52,185,"TAC102","R2",235,333,2,298,99,297,297,TRUE
"TAC102","SRR7910035.2013874",92.929,99,7,0,209,307,3,299,1.33e-52,185,"TAC102","R2",209,307,3,299,99,297,297,TRUE
"TAC102","SRR7910035.27273137",93.75,96,6,0,250,345,2,289,1.35e-52,185,"TAC102","R2",250,345,289,2,96,288,288,TRUE
"TAC102","SRR7910035.9045180",100,91,0,0,391,481,3,275,1.4e-52,184,"TAC102","R2",391,481,3,275,91,273,273,TRUE
"TAC102","SRR7910035.23068931",91,100,9,0,191,290,1,300,1.42e-52,185,"TAC102","R2",191,290,300,1,100,300,300,TRUE
"TAC102","SRR7910035.11486789",93,100,7,0,14,113,1,300,1.49e-52,185,"TAC102","R2",14,113,1,300,100,300,300,TRUE
"TAC102","SRR7910035.23418974",92.857,98,7,0,497,594,3,296,1.55e-52,185,"TAC102","R2",497,594,296,3,98,294,294,TRUE
"TAC102","SRR7910035.2122579",90,100,10,0,234,333,1,300,1.62e-52,185,"TAC102","R2",234,333,1,300,100,300,300,TRUE
"TAC102","SRR7910035.9913937",89.899,99,10,0,421,519,3,299,1.63e-52,185,"TAC102","R2",421,519,3,299,99,297,297,TRUE
"TAC102","SRR7910035.9497170",100,88,0,0,91,178,2,265,1.66e-52,184,"TAC102","R2",91,178,2,265,88,264,264,TRUE
"TAC102","SRR7910035.27481793",87,100,13,0,834,933,2,301,1.75e-52,184,"TAC102","R2",834,933,2,301,100,300,300,TRUE
"TAC102","SRR7910035.13435211",92,100,8,0,313,412,1,300,1.82e-52,184,"TAC102","R2",313,412,1,300,100,300,300,TRUE
"TAC102","SRR7910035.3803717",92.784,97,7,0,233,329,3,293,1.84e-52,184,"TAC102","R2",233,329,293,3,97,291,291,TRUE
"TAC102","SRR7910035.16416812",92.929,99,7,0,302,400,1,297,1.91e-52,184,"TAC102","R2",302,400,297,1,99,297,297,TRUE
"TAC102","SRR7910035.18877475",91.753,97,8,0,200,296,3,293,1.93e-52,184,"TAC102","R2",200,296,293,3,97,291,291,TRUE
"TAC102","SRR7910035.812968",94.792,96,5,0,1,96,1,288,1.95e-52,184,"TAC102","R2",1,96,288,1,96,288,288,TRUE
"TAC102","SRR7910035.10011396",92.708,96,7,0,274,369,3,290,2.03e-52,184,"TAC102","R2",274,369,3,290,96,288,288,TRUE
"TAC102","SRR7910035.4032029",93.939,99,6,0,438,536,2,298,2.05e-52,184,"TAC102","R2",438,536,298,2,99,297,297,TRUE
"TAC102","SRR7910035.4276699",93.75,96,6,0,453,548,3,290,2.11e-52,184,"TAC102","R2",453,548,3,290,96,288,288,TRUE
"TAC102","SRR7910035.18997598",92.929,99,7,0,5,103,3,299,2.52e-52,184,"TAC102","R2",5,103,3,299,99,297,297,TRUE
"TAC102","SRR7910035.26304157",92.857,98,7,0,363,460,1,294,2.73e-52,184,"TAC102","R2",363,460,294,1,98,294,294,TRUE
"TAC102","SRR7910035.8415051",89.796,98,10,0,228,325,3,296,3.01e-52,184,"TAC102","R2",228,325,296,3,98,294,294,TRUE
"TAC102","SRR7910035.22573712",94.845,97,5,0,552,648,2,292,3.13e-52,184,"TAC102","R2",552,648,2,292,97,291,291,TRUE
"TAC102","SRR7910035.25818545",93,100,7,0,385,484,1,300,3.26e-52,184,"TAC102","R2",385,484,300,1,100,300,300,TRUE
"TAC102","SRR7910035.19147183",91.919,99,8,0,283,381,3,299,3.49e-52,184,"TAC102","R2",283,381,299,3,99,297,297,TRUE
"TAC102","SRR7910035.21129188",92.929,99,7,0,3,101,2,298,3.59e-52,184,"TAC102","R2",3,101,2,298,99,297,297,TRUE
"TAC102","SRR7910035.1867219",92.929,99,7,0,515,613,2,298,3.63e-52,184,"TAC102","R2",515,613,2,298,99,297,297,TRUE
"TAC102","SRR7910035.21285092",91,100,9,0,31,130,1,300,3.66e-52,184,"TAC102","R2",31,130,300,1,100,300,300,TRUE
"TAC102","SRR7910035.15147487",94.737,95,5,0,314,408,1,285,3.74e-52,184,"TAC102","R2",314,408,285,1,95,285,285,TRUE
"TAC102","SRR7910035.674654",92.784,97,7,0,251,347,3,293,3.74e-52,184,"TAC102","R2",251,347,293,3,97,291,291,TRUE
"TAC102","SRR7910035.22805323",92.929,99,7,0,463,561,1,297,4e-52,184,"TAC102","R2",463,561,1,297,99,297,297,TRUE
"TAC102","SRR7910035.5047871",90.909,99,9,0,217,315,2,298,4.08e-52,184,"TAC102","R2",217,315,2,298,99,297,297,TRUE
"TAC102","SRR7910035.19483581",92.708,96,7,0,808,903,3,290,4.12e-52,184,"TAC102","R2",808,903,290,3,96,288,288,TRUE
"TAC102","SRR7910035.16333396",90.909,99,9,0,814,912,2,298,4.12e-52,184,"TAC102","R2",814,912,2,298,99,297,297,TRUE
"TAC102","SRR7910035.16605756",97.701,87,2,0,848,934,2,262,4.21e-52,184,"TAC102","R2",848,934,2,262,87,261,261,TRUE
"TAC102","SRR7910035.18367340",89,100,11,0,283,382,1,300,4.33e-52,183,"TAC102","R2",283,382,1,300,100,300,300,TRUE
"TAC102","SRR7910035.2721312",89.899,99,10,0,249,347,2,298,4.38e-52,183,"TAC102","R2",249,347,2,298,99,297,297,TRUE
"TAC102","SRR7910035.12707193",91,100,9,0,456,555,1,300,5.07e-52,183,"TAC102","R2",456,555,1,300,100,300,300,TRUE
"TAC102","SRR7910035.24008723",91,100,9,0,353,452,1,300,5.22e-52,183,"TAC102","R2",353,452,300,1,100,300,300,TRUE
"TAC102","SRR7910035.4623055",91,100,9,0,540,639,2,301,5.33e-52,183,"TAC102","R2",540,639,301,2,100,300,300,TRUE
"TAC102","SRR7910035.19169447",98.876,89,1,0,90,178,34,300,5.6e-52,183,"TAC102","R2",90,178,300,34,89,267,267,TRUE
"TAC102","SRR7910035.15245825",91,100,9,0,359,458,2,301,5.77e-52,183,"TAC102","R2",359,458,301,2,100,300,300,TRUE
"TAC102","SRR7910035.16266961",96.774,93,3,0,81,173,3,281,5.82e-52,183,"TAC102","R2",81,173,281,3,93,279,279,TRUE
"TAC102","SRR7910035.15613945",98.901,91,1,0,557,647,2,274,5.82e-52,183,"TAC102","R2",557,647,2,274,91,273,273,TRUE
"TAC102","SRR7910035.10836127",94.681,94,5,0,1,94,3,284,6.24e-52,183,"TAC102","R2",1,94,284,3,94,282,282,TRUE
"TAC102","SRR7910035.12207686",89.796,98,10,0,817,914,2,295,6.3e-52,183,"TAC102","R2",817,914,295,2,98,294,294,TRUE
"TAC102","SRR7910035.14890859",87.879,99,12,0,818,916,1,297,6.49e-52,183,"TAC102","R2",818,916,297,1,99,297,297,TRUE
"TAC102","SRR7910035.17513587",87.879,99,12,0,836,934,1,297,6.75e-52,183,"TAC102","R2",836,934,1,297,99,297,297,TRUE
"TAC102","SRR7910035.6084198",91,100,9,0,498,597,2,301,6.75e-52,183,"TAC102","R2",498,597,301,2,100,300,300,TRUE
"TAC102","SRR7910035.7190496",91.837,98,8,0,66,163,3,296,6.82e-52,183,"TAC102","R2",66,163,3,296,98,294,294,TRUE
"TAC102","SRR7910035.561102",91.837,98,8,0,36,133,2,295,7.16e-52,183,"TAC102","R2",36,133,295,2,98,294,294,TRUE
"TAC102","SRR7910035.223307",95.789,95,4,0,84,178,13,297,7.23e-52,183,"TAC102","R2",84,178,297,13,95,285,285,TRUE
"TAC102","SRR7910035.67702",90.816,98,9,0,298,395,3,296,7.23e-52,183,"TAC102","R2",298,395,3,296,98,294,294,TRUE
"TAC102","SRR7910035.686616",91,100,9,0,426,525,1,300,8.3e-52,182,"TAC102","R2",426,525,300,1,100,300,300,TRUE
"TAC102","SRR7910035.25745762",90,100,10,0,271,370,2,301,8.72e-52,182,"TAC102","R2",271,370,301,2,100,300,300,TRUE
"TAC102","SRR7910035.24849909",88,100,12,0,809,908,1,300,8.89e-52,182,"TAC102","R2",809,908,1,300,100,300,300,TRUE
"TAC102","SRR7910035.17059726",88.66,97,11,0,837,933,2,292,9.07e-52,182,"TAC102","R2",837,933,2,292,97,291,291,TRUE
"TAC102","SRR7910035.8713240",92,100,8,0,489,588,1,300,9.07e-52,182,"TAC102","R2",489,588,300,1,100,300,300,TRUE
"TAC102","SRR7910035.20584527",91.919,99,8,0,481,579,3,299,9.16e-52,182,"TAC102","R2",481,579,3,299,99,297,297,TRUE
"TAC102","SRR7910035.20919742",91,100,9,0,466,565,1,300,9.25e-52,182,"TAC102","R2",466,565,300,1,100,300,300,TRUE
"TAC102","SRR7910035.13155573",91.919,99,8,0,528,626,3,299,9.34e-52,182,"TAC102","R2",528,626,3,299,99,297,297,TRUE
"TAC102","SRR7910035.18452770",91.753,97,8,0,50,146,3,293,1.12e-51,182,"TAC102","R2",50,146,3,293,97,291,291,TRUE
"TAC102","SRR7910035.17344",93.75,96,6,0,552,647,2,289,1.17e-51,182,"TAC102","R2",552,647,2,289,96,288,288,TRUE
"TAC102","SRR7910035.6881503",89.899,99,10,0,447,545,3,299,1.39e-51,182,"TAC102","R2",447,545,3,299,99,297,297,TRUE
"TAC102","SRR7910035.17791086",89.899,99,10,0,54,152,1,297,1.46e-51,182,"TAC102","R2",54,152,297,1,99,297,297,TRUE
"TAC102","SRR7910035.330184",90.909,99,9,0,58,156,1,297,1.46e-51,182,"TAC102","R2",58,156,1,297,99,297,297,TRUE
"TAC102","SRR7910035.1605105",89.899,99,10,0,264,362,3,299,1.53e-51,182,"TAC102","R2",264,362,299,3,99,297,297,TRUE
"TAC102","SRR7910035.16684303",100,87,0,0,92,178,3,263,1.75e-51,182,"TAC102","R2",92,178,3,263,87,261,261,TRUE
"TAC102","SRR7910035.8425391",91,100,9,0,60,159,1,300,1.79e-51,182,"TAC102","R2",60,159,300,1,100,300,300,TRUE
"TAC102","SRR7910035.25086607",92.784,97,7,0,81,177,3,293,2.14e-51,181,"TAC102","R2",81,177,293,3,97,291,291,TRUE
"TAC102","SRR7910035.14251647",91.753,97,8,0,77,173,3,293,2.18e-51,181,"TAC102","R2",77,173,293,3,97,291,291,TRUE
"TAC102","SRR7910035.5741141",90,100,10,0,239,338,1,300,2.2e-51,181,"TAC102","R2",239,338,1,300,100,300,300,TRUE
"TAC102","SRR7910035.18981515",91.919,99,8,0,522,620,3,299,2.38e-51,181,"TAC102","R2",522,620,3,299,99,297,297,TRUE
"TAC102","SRR7910035.12163063",89,100,11,0,415,514,2,301,2.45e-51,181,"TAC102","R2",415,514,2,301,100,300,300,TRUE
"TAC102","SRR7910035.20097419",89.796,98,10,0,448,545,3,296,2.48e-51,181,"TAC102","R2",448,545,3,296,98,294,294,TRUE
"TAC102","SRR7910035.23228533",92.857,98,7,0,28,125,1,294,2.53e-51,181,"TAC102","R2",28,125,1,294,98,294,294,TRUE
"TAC102","SRR7910035.16091880",94.737,95,5,0,534,628,3,287,2.55e-51,181,"TAC102","R2",534,628,3,287,95,285,285,TRUE
"TAC102","SRR7910035.26780724",90,100,10,0,493,592,1,300,2.84e-51,181,"TAC102","R2",493,592,1,300,100,300,300,TRUE
"TAC102","SRR7910035.7759304",95.789,95,4,0,500,594,1,285,3.02e-51,181,"TAC102","R2",500,594,1,285,95,285,285,TRUE
"TAC102","SRR7910035.24949791",96.739,92,3,0,1,92,24,299,3.11e-51,181,"TAC102","R2",1,92,24,299,92,276,276,TRUE
"TAC102","SRR7910035.20794228",92.929,99,7,0,544,642,3,299,3.26e-51,181,"TAC102","R2",544,642,3,299,99,297,297,TRUE
"TAC102","SRR7910035.4516216",91.919,99,8,0,198,296,2,298,3.26e-51,181,"TAC102","R2",198,296,2,298,99,297,297,TRUE
"TAC102","SRR7910035.19984464",93.684,95,6,0,391,485,2,286,3.39e-51,181,"TAC102","R2",391,485,286,2,95,285,285,TRUE
"TAC102","SRR7910035.26049735",90.909,99,9,0,503,601,3,299,3.42e-51,181,"TAC102","R2",503,601,3,299,99,297,297,TRUE
"TAC102","SRR7910035.3257353",93.878,98,6,0,503,600,3,296,3.43e-51,181,"TAC102","R2",503,600,3,296,98,294,294,TRUE
"TAC102","SRR7910035.15153223",92.929,99,7,0,72,170,1,297,3.5e-51,181,"TAC102","R2",72,170,297,1,99,297,297,TRUE
"TAC102","SRR7910035.24460629",90.909,99,9,0,338,436,1,297,3.53e-51,181,"TAC102","R2",338,436,297,1,99,297,297,TRUE
"TAC102","SRR7910035.12679767",99,100,1,0,126,225,1,300,3.6e-51,181,"TAC102","R2",126,225,1,300,100,300,300,TRUE
"TAC102","SRR7910035.10431100",89,100,11,0,497,596,2,301,3.64e-51,181,"TAC102","R2",497,596,301,2,100,300,300,TRUE
"TAC102","SRR7910035.369276",92,100,8,0,357,456,2,301,3.67e-51,181,"TAC102","R2",357,456,2,301,100,300,300,TRUE
"TAC102","SRR7910035.21711922",92.929,99,7,0,359,457,1,297,3.78e-51,181,"TAC102","R2",359,457,1,297,99,297,297,TRUE
"TAC102","SRR7910035.6549469",100,100,0,0,165,264,1,300,4.09e-51,181,"TAC102","R2",165,264,300,1,100,300,300,TRUE
"TAC102","SRR7910035.15906574",91.919,99,8,0,316,414,3,299,4.17e-51,181,"TAC102","R2",316,414,299,3,99,297,297,TRUE
"TAC102","SRR7910035.26725447",94.792,96,5,0,29,124,1,288,4.34e-51,181,"TAC102","R2",29,124,1,288,96,288,288,TRUE
"TAC102","SRR7910035.8847607",98.851,87,1,0,808,894,1,261,4.34e-51,181,"TAC102","R2",808,894,261,1,87,261,261,TRUE
"TAC102","SRR7910035.17175284",88,100,12,0,256,355,1,300,4.79e-51,181,"TAC102","R2",256,355,300,1,100,300,300,TRUE
"TAC102","SRR7910035.8051314",90.909,99,9,0,500,598,3,299,4.98e-51,181,"TAC102","R2",500,598,299,3,99,297,297,TRUE
"TAC102","SRR7910035.17146304",100,100,0,0,131,230,2,301,5.39e-51,180,"TAC102","R2",131,230,301,2,100,300,300,TRUE
"TAC102","SRR7910035.13363772",88,100,12,0,488,587,1,300,5.72e-51,180,"TAC102","R2",488,587,300,1,100,300,300,TRUE
"TAC102","SRR7910035.18468725",88,100,12,0,261,360,2,301,5.77e-51,180,"TAC102","R2",261,360,301,2,100,300,300,TRUE
"TAC102","SRR7910035.4516316",93.878,98,6,0,485,582,2,295,5.77e-51,180,"TAC102","R2",485,582,295,2,98,294,294,TRUE
"TAC102","SRR7910035.19676331",87,100,13,0,251,350,1,300,6.07e-51,180,"TAC102","R2",251,350,1,300,100,300,300,TRUE
"TAC102","SRR7910035.1758476",91.753,97,8,0,291,387,3,293,6.25e-51,180,"TAC102","R2",291,387,3,293,97,291,291,TRUE
"TAC102","SRR7910035.20650752",90.909,99,9,0,542,640,3,299,6.37e-51,180,"TAC102","R2",542,640,3,299,99,297,297,TRUE
"TAC102","SRR7910035.982339",90,100,10,0,227,326,2,301,6.63e-51,180,"TAC102","R2",227,326,2,301,100,300,300,TRUE
"TAC102","SRR7910035.18011969",89,100,11,0,309,408,2,301,7.53e-51,180,"TAC102","R2",309,408,2,301,100,300,300,TRUE
"TAC102","SRR7910035.22175278",90.909,99,9,0,498,596,2,298,7.91e-51,180,"TAC102","R2",498,596,2,298,99,297,297,TRUE
"TAC102","SRR7910035.13475054",96.552,87,3,0,848,934,1,261,8.15e-51,180,"TAC102","R2",848,934,1,261,87,261,261,TRUE
"TAC102","SRR7910035.27361796",96.667,90,3,0,191,280,1,270,8.47e-51,180,"TAC102","R2",191,280,270,1,90,270,270,TRUE
"TAC102","SRR7910035.16635047",89.899,99,10,0,293,391,2,298,8.73e-51,180,"TAC102","R2",293,391,298,2,99,297,297,TRUE
"TAC102","SRR7910035.3777353",91.667,96,8,0,505,600,2,289,8.99e-51,180,"TAC102","R2",505,600,2,289,96,288,288,TRUE
"TAC102","SRR7910035.23799023",92,100,8,0,25,124,1,300,9.17e-51,180,"TAC102","R2",25,124,1,300,100,300,300,TRUE
"TAC102","SRR7910035.24327317",98.99,99,1,0,172,270,3,299,1.14e-50,179,"TAC102","R2",172,270,3,299,99,297,297,TRUE
"TAC102","SRR7910035.24414647",88.776,98,11,0,408,505,3,296,1.15e-50,179,"TAC102","R2",408,505,296,3,98,294,294,TRUE
"TAC102","SRR7910035.26260921",97,100,3,0,95,194,2,301,1.29e-50,179,"TAC102","R2",95,194,2,301,100,300,300,TRUE
"TAC102","SRR7910035.10926248",90,100,10,0,464,563,1,300,1.33e-50,179,"TAC102","R2",464,563,1,300,100,300,300,TRUE
"TAC102","SRR7910035.18620182",99,100,1,0,133,232,1,300,1.37e-50,179,"TAC102","R2",133,232,1,300,100,300,300,TRUE
"TAC102","SRR7910035.19154213",90.909,99,9,0,490,588,3,299,1.56e-50,179,"TAC102","R2",490,588,299,3,99,297,297,TRUE
"TAC102","SRR7910035.28039634",99,100,1,0,124,223,2,301,1.59e-50,179,"TAC102","R2",124,223,2,301,100,300,300,TRUE
"TAC102","SRR7910035.8168521",98,100,2,0,121,220,1,300,1.88e-50,179,"TAC102","R2",121,220,1,300,100,300,300,TRUE
"TAC102","SRR7910035.1851918",100,97,0,0,855,951,3,293,1.9e-50,179,"TAC102","R2",855,951,3,293,97,291,291,TRUE
"TAC102","SRR7910035.20711147",88.776,98,11,0,406,503,3,296,2.24e-50,179,"TAC102","R2",406,503,3,296,98,294,294,TRUE
"TAC102","SRR7910035.19714720",99,100,1,0,176,275,1,300,2.24e-50,179,"TAC102","R2",176,275,1,300,100,300,300,TRUE
"TAC102","SRR7910035.1834775",100,99,0,0,106,204,3,299,2.36e-50,179,"TAC102","R2",106,204,299,3,99,297,297,TRUE
"TAC102","SRR7910035.21439956",87.879,99,12,0,49,147,3,299,2.45e-50,179,"TAC102","R2",49,147,299,3,99,297,297,TRUE
"TAC102","SRR7910035.7526720",90,100,10,0,458,557,2,301,2.52e-50,179,"TAC102","R2",458,557,301,2,100,300,300,TRUE
"TAC102","SRR7910035.3469820",90,100,10,0,494,593,1,300,2.62e-50,178,"TAC102","R2",494,593,1,300,100,300,300,TRUE
"TAC102","SRR7910035.4003599",90.909,99,9,0,453,551,2,298,2.65e-50,178,"TAC102","R2",453,551,2,298,99,297,297,TRUE
"TAC102","SRR7910035.26352705",97.753,89,2,0,337,425,1,267,2.73e-50,178,"TAC102","R2",337,425,267,1,89,267,267,TRUE
"TAC102","SRR7910035.15526621",89,100,11,0,542,641,2,301,3.04e-50,178,"TAC102","R2",542,641,301,2,100,300,300,TRUE
"TAC102","SRR7910035.8275178",89.691,97,10,0,36,132,3,293,3.59e-50,178,"TAC102","R2",36,132,3,293,97,291,291,TRUE
"TAC102","SRR7910035.19145944",91.667,96,8,0,83,178,14,301,3.63e-50,178,"TAC102","R2",83,178,301,14,96,288,288,TRUE
"TAC102","SRR7910035.14520049",89.899,99,10,0,452,550,3,299,3.67e-50,178,"TAC102","R2",452,550,299,3,99,297,297,TRUE
"TAC102","SRR7910035.26058573",92.708,96,7,0,376,471,2,289,3.81e-50,178,"TAC102","R2",376,471,289,2,96,288,288,TRUE
"TAC102","SRR7910035.28322708",86.869,99,13,0,416,514,2,298,3.93e-50,178,"TAC102","R2",416,514,298,2,99,297,297,TRUE
"TAC102","SRR7910035.23821217",85,100,15,0,234,333,1,300,3.93e-50,178,"TAC102","R2",234,333,1,300,100,300,300,TRUE
"TAC102","SRR7910035.12254835",89.796,98,10,0,326,423,1,294,4.12e-50,178,"TAC102","R2",326,423,294,1,98,294,294,TRUE
"TAC102","SRR7910035.24893376",90.909,99,9,0,33,131,2,298,4.21e-50,178,"TAC102","R2",33,131,298,2,99,297,297,TRUE
"TAC102","SRR7910035.13896760",91.837,98,8,0,521,618,3,296,4.78e-50,177,"TAC102","R2",521,618,3,296,98,294,294,TRUE
"TAC102","SRR7910035.17851463",98.99,99,1,0,171,269,3,299,4.83e-50,177,"TAC102","R2",171,269,299,3,99,297,297,TRUE
"TAC102","SRR7910035.7907648",89.899,99,10,0,35,133,3,299,5.02e-50,177,"TAC102","R2",35,133,299,3,99,297,297,TRUE
"TAC102","SRR7910035.20868247",98.824,85,1,0,808,892,44,298,5.06e-50,177,"TAC102","R2",808,892,44,298,85,255,255,TRUE
"TAC102","SRR7910035.300942",95.506,89,4,0,90,178,24,290,5.43e-50,177,"TAC102","R2",90,178,290,24,89,267,267,TRUE
"TAC102","SRR7910035.14833189",92.784,97,7,0,503,599,3,293,5.82e-50,177,"TAC102","R2",503,599,293,3,97,291,291,TRUE
"TAC102","SRR7910035.3365528",91,100,9,0,339,438,1,300,5.99e-50,177,"TAC102","R2",339,438,1,300,100,300,300,TRUE
"TAC102","SRR7910035.16885088",100,100,0,0,155,254,1,300,6.61e-50,177,"TAC102","R2",155,254,300,1,100,300,300,TRUE
"TAC102","SRR7910035.13395112",87.879,99,12,0,417,515,2,298,6.73e-50,177,"TAC102","R2",417,515,2,298,99,297,297,TRUE
"TAC102","SRR7910035.22821024",100,86,0,0,190,275,2,259,6.94e-50,177,"TAC102","R2",190,275,259,2,86,258,258,TRUE
"TAC102","SRR7910035.20884353",86.869,99,13,0,204,302,1,297,7.22e-50,177,"TAC102","R2",204,302,297,1,99,297,297,TRUE
"TAC102","SRR7910035.16792896",95.455,88,4,0,808,895,2,265,7.29e-50,177,"TAC102","R2",808,895,265,2,88,264,264,TRUE
"TAC102","SRR7910035.25940405",90.909,99,9,0,323,421,2,298,7.96e-50,177,"TAC102","R2",323,421,2,298,99,297,297,TRUE
"TAC102","SRR7910035.17459105",96,100,4,0,43,142,1,300,8.12e-50,177,"TAC102","R2",43,142,300,1,100,300,300,TRUE
"TAC102","SRR7910035.24579315",87,100,13,0,457,556,2,301,8.2e-50,177,"TAC102","R2",457,556,2,301,100,300,300,TRUE
"TAC102","SRR7910035.9199044",91.579,95,8,0,283,377,1,285,8.37e-50,177,"TAC102","R2",283,377,1,285,95,285,285,TRUE
"TAC102","SRR7910035.17472968",89.691,97,10,0,480,576,3,293,8.43e-50,177,"TAC102","R2",480,576,3,293,97,291,291,TRUE
"TAC102","SRR7910035.13742997",90,100,10,0,16,115,1,300,8.7e-50,177,"TAC102","R2",16,115,1,300,100,300,300,TRUE
"TAC102","SRR7910035.8267457",90.909,99,9,0,379,477,3,299,8.87e-50,177,"TAC102","R2",379,477,299,3,99,297,297,TRUE
"TAC102","SRR7910035.4528579",88.889,99,11,0,403,501,2,298,8.87e-50,177,"TAC102","R2",403,501,2,298,99,297,297,TRUE
"TAC102","SRR7910035.11329184",93.478,92,6,0,1,92,25,300,9.79e-50,177,"TAC102","R2",1,92,25,300,92,276,276,TRUE
"TAC102","SRR7910035.8417013",91.753,97,8,0,487,583,1,291,9.79e-50,177,"TAC102","R2",487,583,1,291,97,291,291,TRUE
"TAC102","SRR7910035.3795237",88,100,12,0,493,592,1,300,1.04e-49,177,"TAC102","R2",493,592,300,1,100,300,300,TRUE
"TAC102","SRR7910035.21273833",94.505,91,5,0,88,178,3,275,1.08e-49,177,"TAC102","R2",88,178,3,275,91,273,273,TRUE
"TAC102","SRR7910035.24393509",89,100,11,0,478,577,2,301,1.12e-49,177,"TAC102","R2",478,577,301,2,100,300,300,TRUE
"TAC102","SRR7910035.23099969",86.869,99,13,0,42,140,2,298,1.23e-49,176,"TAC102","R2",42,140,298,2,99,297,297,TRUE
"TAC102","SRR7910035.15153846",89.899,99,10,0,547,645,1,297,1.24e-49,176,"TAC102","R2",547,645,297,1,99,297,297,TRUE
"TAC102","SRR7910035.2673206",90,100,10,0,351,450,1,300,1.24e-49,176,"TAC102","R2",351,450,1,300,100,300,300,TRUE
"TAC102","SRR7910035.8338692",88,100,12,0,458,557,2,301,1.25e-49,176,"TAC102","R2",458,557,301,2,100,300,300,TRUE
"TAC102","SRR7910035.15047131",97.98,99,2,0,120,218,1,297,1.35e-49,176,"TAC102","R2",120,218,297,1,99,297,297,TRUE
"TAC102","SRR7910035.12681896",88,100,12,0,387,486,1,300,1.42e-49,176,"TAC102","R2",387,486,1,300,100,300,300,TRUE
"TAC102","SRR7910035.10598576",85,100,15,0,265,364,1,300,1.44e-49,176,"TAC102","R2",265,364,1,300,100,300,300,TRUE
"TAC102","SRR7910035.14324420",88.889,99,11,0,467,565,2,298,1.48e-49,176,"TAC102","R2",467,565,2,298,99,297,297,TRUE
"TAC102","SRR7910035.10785426",94.318,88,5,0,847,934,1,264,1.51e-49,176,"TAC102","R2",847,934,1,264,88,264,264,TRUE
"TAC102","SRR7910035.25858334",95.506,89,4,0,90,178,35,301,1.7e-49,176,"TAC102","R2",90,178,301,35,89,267,267,TRUE
"TAC102","SRR7910035.21768042",100,83,0,0,808,890,1,249,1.75e-49,176,"TAC102","R2",808,890,249,1,83,249,249,TRUE
"TAC102","SRR7910035.11143565",88.889,99,11,0,473,571,2,298,1.83e-49,176,"TAC102","R2",473,571,298,2,99,297,297,TRUE
"TAC102","SRR7910035.26713743",87.879,99,12,0,537,635,3,299,1.91e-49,176,"TAC102","R2",537,635,299,3,99,297,297,TRUE
"TAC102","SRR7910035.2717167",87.879,99,12,0,78,176,3,299,2.02e-49,176,"TAC102","R2",78,176,3,299,99,297,297,TRUE
"TAC102","SRR7910035.25216228",97.98,99,2,0,172,270,3,299,2.06e-49,176,"TAC102","R2",172,270,3,299,99,297,297,TRUE
"TAC102","SRR7910035.1436226",90.816,98,9,0,306,403,3,296,2.06e-49,176,"TAC102","R2",306,403,296,3,98,294,294,TRUE
"TAC102","SRR7910035.13078578",85.859,99,14,0,405,503,2,298,2.32e-49,176,"TAC102","R2",405,503,298,2,99,297,297,TRUE
"TAC102","SRR7910035.21779736",89.796,98,10,0,1,98,2,295,2.39e-49,176,"TAC102","R2",1,98,295,2,98,294,294,TRUE
"TAC102","SRR7910035.778950",87.755,98,12,0,264,361,3,296,2.44e-49,176,"TAC102","R2",264,361,296,3,98,294,294,TRUE
"TAC102","SRR7910035.8678823",98.99,99,1,0,145,243,3,299,2.49e-49,176,"TAC102","R2",145,243,299,3,99,297,297,TRUE
"TAC102","SRR7910035.4579557",90,100,10,0,72,171,2,301,2.49e-49,176,"TAC102","R2",72,171,2,301,100,300,300,TRUE
"TAC102","SRR7910035.27741231",85,100,15,0,286,385,2,301,2.61e-49,176,"TAC102","R2",286,385,301,2,100,300,300,TRUE
"TAC102","SRR7910035.24002014",98.969,97,1,0,121,217,3,293,2.72e-49,176,"TAC102","R2",121,217,293,3,97,291,291,TRUE
"TAC102","SRR7910035.14892644",89,100,11,0,506,605,1,300,2.77e-49,176,"TAC102","R2",506,605,1,300,100,300,300,TRUE
"TAC102","SRR7910035.26708005",100,83,0,0,808,890,2,250,2.8e-49,176,"TAC102","R2",808,890,250,2,83,249,249,TRUE
"TAC102","SRR7910035.24120482",89.691,97,10,0,479,575,1,291,2.8e-49,176,"TAC102","R2",479,575,291,1,97,291,291,TRUE
"TAC102","SRR7910035.13340758",90.909,99,9,0,367,465,2,298,2.83e-49,176,"TAC102","R2",367,465,298,2,99,297,297,TRUE
"TAC102","SRR7910035.23721100",100,85,0,0,191,275,1,255,2.97e-49,176,"TAC102","R2",191,275,255,1,85,255,255,TRUE
"TAC102","SRR7910035.16330321",98.795,83,1,0,808,890,52,300,2.97e-49,176,"TAC102","R2",808,890,52,300,83,249,249,TRUE
"TAC102","SRR7910035.19103104",98.99,99,1,0,165,263,3,299,3.09e-49,176,"TAC102","R2",165,263,3,299,99,297,297,TRUE
"TAC102","SRR7910035.24179804",87,100,13,0,58,157,1,300,3.24e-49,175,"TAC102","R2",58,157,1,300,100,300,300,TRUE
"TAC102","SRR7910035.5586969",98.837,86,1,0,1,86,2,259,3.34e-49,175,"TAC102","R2",1,86,259,2,86,258,258,TRUE
"TAC102","SRR7910035.18129489",90.816,98,9,0,393,490,3,296,3.54e-49,175,"TAC102","R2",393,490,3,296,98,294,294,TRUE
"TAC102","SRR7910035.143117",85.859,99,14,0,514,612,2,298,3.57e-49,175,"TAC102","R2",514,612,298,2,99,297,297,TRUE
"TAC102","SRR7910035.27882448",89.899,99,10,0,72,170,3,299,4.06e-49,175,"TAC102","R2",72,170,299,3,99,297,297,TRUE
"TAC102","SRR7910035.13673872",88.172,93,11,0,842,934,3,281,4.22e-49,175,"TAC102","R2",842,934,3,281,93,279,279,TRUE
"TAC102","SRR7910035.19589197",85.859,99,14,0,204,302,3,299,5.24e-49,175,"TAC102","R2",204,302,299,3,99,297,297,TRUE
"TAC102","SRR7910035.19340381",94.444,90,5,0,89,178,31,300,5.24e-49,175,"TAC102","R2",89,178,300,31,90,270,270,TRUE
"TAC102","SRR7910035.1697594",100,97,0,0,165,261,1,291,5.45e-49,175,"TAC102","R2",165,261,291,1,97,291,291,TRUE
"TAC102","SRR7910035.25595313",100,85,0,0,190,274,2,256,5.56e-49,175,"TAC102","R2",190,274,256,2,85,255,255,TRUE
"TAC102","SRR7910035.2811550",86,100,14,0,55,154,1,300,5.61e-49,175,"TAC102","R2",55,154,1,300,100,300,300,TRUE
"TAC102","SRR7910035.21240730",88.66,97,11,0,483,579,2,292,6.13e-49,174,"TAC102","R2",483,579,2,292,97,291,291,TRUE
"TAC102","SRR7910035.18150389",95,100,5,0,341,440,1,300,6.19e-49,174,"TAC102","R2",341,440,1,300,100,300,300,TRUE
"TAC102","SRR7910035.4251307",98.99,99,1,0,113,211,3,299,6.9e-49,174,"TAC102","R2",113,211,299,3,99,297,297,TRUE
"TAC102","SRR7910035.13976074",88.776,98,11,0,75,172,2,295,7.1e-49,174,"TAC102","R2",75,172,2,295,98,294,294,TRUE
"TAC102","SRR7910035.117033",85.859,99,14,0,447,545,2,298,8.23e-49,174,"TAC102","R2",447,545,298,2,99,297,297,TRUE
"TAC102","SRR7910035.14422633",98,100,2,0,102,201,2,301,8.39e-49,174,"TAC102","R2",102,201,301,2,100,300,300,TRUE
"TAC102","SRR7910035.24353960",87,100,13,0,357,456,2,301,9.26e-49,174,"TAC102","R2",357,456,301,2,100,300,300,TRUE
"TAC102","SRR7910035.1916703",98.824,85,1,0,1,85,2,256,9.42e-49,174,"TAC102","R2",1,85,256,2,85,255,255,TRUE
"TAC102","SRR7910035.25601680",97,100,3,0,174,273,1,300,9.44e-49,174,"TAC102","R2",174,273,1,300,100,300,300,TRUE
"TAC102","SRR7910035.5072464",86.869,99,13,0,222,320,3,299,9.91e-49,174,"TAC102","R2",222,320,299,3,99,297,297,TRUE
"TAC102","SRR7910035.3393357",89.796,98,10,0,551,648,3,296,1.01e-48,174,"TAC102","R2",551,648,3,296,98,294,294,TRUE
"TAC102","SRR7910035.16418857",97.938,97,2,0,855,951,9,299,1.1e-48,174,"TAC102","R2",855,951,299,9,97,291,291,TRUE
"TAC102","SRR7910035.8537722",95.96,99,4,0,170,268,3,299,1.15e-48,174,"TAC102","R2",170,268,3,299,99,297,297,TRUE
"TAC102","SRR7910035.5327292",90.722,97,9,0,509,605,2,292,1.15e-48,174,"TAC102","R2",509,605,2,292,97,291,291,TRUE
"TAC102","SRR7910035.10588618",82.828,99,17,0,331,429,2,298,1.27e-48,174,"TAC102","R2",331,429,2,298,99,297,297,TRUE
"TAC102","SRR7910035.11144571",97,100,3,0,123,222,1,300,1.32e-48,174,"TAC102","R2",123,222,1,300,100,300,300,TRUE
"TAC102","SRR7910035.14597737",96.97,99,3,0,141,239,3,299,1.56e-48,173,"TAC102","R2",141,239,299,3,99,297,297,TRUE
"TAC102","SRR7910035.14891669",88.889,99,11,0,474,572,3,299,1.72e-48,173,"TAC102","R2",474,572,299,3,99,297,297,TRUE
"TAC102","SRR7910035.7170035",86,100,14,0,506,605,1,300,1.72e-48,173,"TAC102","R2",506,605,300,1,100,300,300,TRUE
"TAC102","SRR7910035.15388043",97.98,99,2,0,170,268,1,297,1.75e-48,173,"TAC102","R2",170,268,1,297,99,297,297,TRUE
"TAC102","SRR7910035.5518590",87.879,99,12,0,472,570,3,299,1.79e-48,173,"TAC102","R2",472,570,299,3,99,297,297,TRUE
"TAC102","SRR7910035.3543344",92.473,93,7,0,464,556,3,281,1.93e-48,173,"TAC102","R2",464,556,3,281,93,279,279,TRUE
"TAC102","SRR7910035.10338335",97.959,98,2,0,116,213,3,296,2.01e-48,173,"TAC102","R2",116,213,296,3,98,294,294,TRUE
"TAC102","SRR7910035.22177003",97,100,3,0,163,262,2,301,2.07e-48,173,"TAC102","R2",163,262,2,301,100,300,300,TRUE
"TAC102","SRR7910035.11149758",88.889,99,11,0,512,610,2,298,2.07e-48,173,"TAC102","R2",512,610,2,298,99,297,297,TRUE
"TAC102","SRR7910035.3123418",98.81,84,1,0,228,311,1,252,2.08e-48,172,"TAC102","R2",228,311,252,1,84,252,252,TRUE
"TAC102","SRR7910035.3977579",97.647,85,2,0,47,131,2,256,2.15e-48,172,"TAC102","R2",47,131,2,256,85,255,255,TRUE
"TAC102","SRR7910035.19268122",89.796,98,10,0,523,620,3,296,2.26e-48,173,"TAC102","R2",523,620,3,296,98,294,294,TRUE
"TAC102","SRR7910035.23104628",97,100,3,0,134,233,2,301,2.42e-48,173,"TAC102","R2",134,233,2,301,100,300,300,TRUE
"TAC102","SRR7910035.12759888",97.98,99,2,0,151,249,3,299,2.47e-48,173,"TAC102","R2",151,249,299,3,99,297,297,TRUE
"TAC102","SRR7910035.17358324",87,100,13,0,361,460,1,300,2.64e-48,173,"TAC102","R2",361,460,1,300,100,300,300,TRUE
"TAC102","SRR7910035.21901969",96,100,4,0,146,245,2,301,2.83e-48,172,"TAC102","R2",146,245,2,301,100,300,300,TRUE
"TAC102","SRR7910035.13487028",98,100,2,0,151,250,1,300,3.12e-48,172,"TAC102","R2",151,250,1,300,100,300,300,TRUE
"TAC102","SRR7910035.23393848",86,100,14,0,195,294,1,300,3.28e-48,172,"TAC102","R2",195,294,300,1,100,300,300,TRUE
"TAC102","SRR7910035.11816853",97.98,99,2,0,143,241,2,298,3.34e-48,172,"TAC102","R2",143,241,298,2,99,297,297,TRUE
"TAC102","SRR7910035.9649290",95,100,5,0,170,269,1,300,3.41e-48,172,"TAC102","R2",170,269,300,1,100,300,300,TRUE
"TAC102","SRR7910035.17515791",98.99,99,1,0,136,234,3,299,3.69e-48,172,"TAC102","R2",136,234,299,3,99,297,297,TRUE
"TAC102","SRR7910035.10939317",97.674,86,2,0,563,648,3,260,3.83e-48,172,"TAC102","R2",563,648,3,260,86,258,258,TRUE
"TAC102","SRR7910035.20642669",85.859,99,14,0,317,415,2,298,3.87e-48,172,"TAC102","R2",317,415,2,298,99,297,297,TRUE
"TAC102","SRR7910035.7728667",88.421,95,11,0,808,902,17,301,3.95e-48,172,"TAC102","R2",808,902,17,301,95,285,285,TRUE
"TAC102","SRR7910035.27610603",86.735,98,13,0,61,158,3,296,3.99e-48,172,"TAC102","R2",61,158,3,296,98,294,294,TRUE
"TAC102","SRR7910035.22638926",90.625,96,9,0,475,570,1,288,3.99e-48,172,"TAC102","R2",475,570,288,1,96,288,288,TRUE
"TAC102","SRR7910035.15428972",89.796,98,10,0,305,402,3,296,4.43e-48,172,"TAC102","R2",305,402,296,3,98,294,294,TRUE
"TAC102","SRR7910035.2752136",84,100,16,0,204,303,2,301,4.66e-48,172,"TAC102","R2",204,303,2,301,100,300,300,TRUE
"TAC102","SRR7910035.8235470",96.429,84,3,0,808,891,48,299,5.19e-48,172,"TAC102","R2",808,891,48,299,84,252,252,TRUE
"TAC102","SRR7910035.3794464",82,100,18,0,251,350,1,300,5.4e-48,172,"TAC102","R2",251,350,300,1,100,300,300,TRUE
"TAC102","SRR7910035.25587482",96.429,84,3,0,808,891,48,299,5.56e-48,172,"TAC102","R2",808,891,48,299,84,252,252,TRUE
"TAC102","SRR7910035.10749793",84,100,16,0,459,558,1,300,5.73e-48,172,"TAC102","R2",459,558,300,1,100,300,300,TRUE
"TAC102","SRR7910035.26344558",95.96,99,4,0,112,210,2,298,5.9e-48,172,"TAC102","R2",112,210,2,298,99,297,297,TRUE
"TAC102","SRR7910035.2048514",89.691,97,10,0,543,639,3,293,5.96e-48,172,"TAC102","R2",543,639,3,293,97,291,291,TRUE
"TAC102","SRR7910035.20608831",91.667,96,8,0,323,418,2,289,6.01e-48,172,"TAC102","R2",323,418,2,289,96,288,288,TRUE
"TAC102","SRR7910035.15185954",100,85,0,0,417,501,3,257,6.25e-48,172,"TAC102","R2",417,501,257,3,85,255,255,TRUE
"TAC102","SRR7910035.11204692",86.869,99,13,0,282,380,1,297,6.5e-48,172,"TAC102","R2",282,380,297,1,99,297,297,TRUE
"TAC102","SRR7910035.19804666",96,100,4,0,167,266,1,300,7.17e-48,172,"TAC102","R2",167,266,1,300,100,300,300,TRUE
"TAC102","SRR7910035.11105842",85.714,98,14,0,458,555,2,295,9.06e-48,171,"TAC102","R2",458,555,2,295,98,294,294,TRUE
"TAC102","SRR7910035.22951161",94.382,89,5,0,190,278,34,300,9.25e-48,171,"TAC102","R2",190,278,34,300,89,267,267,TRUE
"TAC102","SRR7910035.6227358",97,100,3,0,165,264,2,301,9.91e-48,171,"TAC102","R2",165,264,2,301,100,300,300,TRUE
"TAC102","SRR7910035.27483087",95.96,99,4,0,133,231,3,299,1e-47,171,"TAC102","R2",133,231,299,3,99,297,297,TRUE
"TAC102","SRR7910035.25246060",97.59,83,2,0,808,890,51,299,1.05e-47,171,"TAC102","R2",808,890,51,299,83,249,249,TRUE
"TAC102","SRR7910035.22125446",96.97,99,3,0,166,264,3,299,1.07e-47,171,"TAC102","R2",166,264,3,299,99,297,297,TRUE
"TAC102","SRR7910035.1356606",93.258,89,6,0,1,89,31,297,1.33e-47,171,"TAC102","R2",1,89,31,297,89,267,267,TRUE
"TAC102","SRR7910035.10901806",92.391,92,7,0,1,92,23,298,1.38e-47,171,"TAC102","R2",1,92,23,298,92,276,276,TRUE
"TAC102","SRR7910035.11453519",85.714,98,14,0,283,380,1,294,1.45e-47,171,"TAC102","R2",283,380,1,294,98,294,294,TRUE
"TAC102","SRR7910035.2289374",90,90,9,0,808,897,1,270,1.45e-47,171,"TAC102","R2",808,897,270,1,90,270,270,TRUE
"TAC102","SRR7910035.18149575",86,100,14,0,55,154,1,300,1.48e-47,171,"TAC102","R2",55,154,300,1,100,300,300,TRUE
"TAC102","SRR7910035.28234608",100,83,0,0,422,504,2,250,1.49e-47,170,"TAC102","R2",422,504,2,250,83,249,249,TRUE
"TAC102","SRR7910035.2914733",83.838,99,16,0,207,305,3,299,1.51e-47,171,"TAC102","R2",207,305,299,3,99,297,297,TRUE
"TAC102","SRR7910035.20743909",98.81,84,1,0,565,648,2,253,1.54e-47,171,"TAC102","R2",565,648,2,253,84,252,252,TRUE
"TAC102","SRR7910035.15057727",83,100,17,0,507,606,1,300,1.54e-47,171,"TAC102","R2",507,606,300,1,100,300,300,TRUE
"TAC102","SRR7910035.10309194",94.382,89,5,0,1,89,33,299,1.57e-47,171,"TAC102","R2",1,89,33,299,89,267,267,TRUE
"TAC102","SRR7910035.17087479",88.776,98,11,0,502,599,3,296,1.87e-47,170,"TAC102","R2",502,599,3,296,98,294,294,TRUE
"TAC102","SRR7910035.7896621",96.591,88,3,0,560,647,2,265,1.87e-47,170,"TAC102","R2",560,647,2,265,88,264,264,TRUE
"TAC102","SRR7910035.13038786",89.474,95,10,0,537,631,3,287,1.91e-47,170,"TAC102","R2",537,631,287,3,95,285,285,TRUE
"TAC102","SRR7910035.176866",94.949,99,5,0,167,265,1,297,1.93e-47,170,"TAC102","R2",167,265,297,1,99,297,297,TRUE
"TAC102","SRR7910035.7165677",83.673,98,16,0,836,933,1,294,1.94e-47,170,"TAC102","R2",836,933,1,294,98,294,294,TRUE
"TAC102","SRR7910035.16967460",95.349,86,4,0,1,86,44,301,1.99e-47,170,"TAC102","R2",1,86,44,301,86,258,258,TRUE
"TAC102","SRR7910035.10423660",86,100,14,0,219,318,1,300,2.02e-47,170,"TAC102","R2",219,318,300,1,100,300,300,TRUE
"TAC102","SRR7910035.16821492",96,100,4,0,160,259,2,301,2.34e-47,170,"TAC102","R2",160,259,2,301,100,300,300,TRUE
"TAC102","SRR7910035.13940200",96.512,86,3,0,1,86,2,259,2.41e-47,170,"TAC102","R2",1,86,259,2,86,258,258,TRUE
"TAC102","SRR7910035.23620860",86,100,14,0,292,391,1,300,2.46e-47,170,"TAC102","R2",292,391,300,1,100,300,300,TRUE
"TAC102","SRR7910035.4652557",96,100,4,0,140,239,1,300,2.56e-47,170,"TAC102","R2",140,239,300,1,100,300,300,TRUE
"TAC102","SRR7910035.20358886",96.97,99,3,0,155,253,3,299,2.72e-47,170,"TAC102","R2",155,253,3,299,99,297,297,TRUE
"TAC102","SRR7910035.26997308",97.647,85,2,0,563,647,1,255,2.74e-47,170,"TAC102","R2",563,647,1,255,85,255,255,TRUE
"TAC102","SRR7910035.27402424",95.96,99,4,0,121,219,1,297,2.85e-47,170,"TAC102","R2",121,219,297,1,99,297,297,TRUE
"TAC102","SRR7910035.207928",87.629,97,12,0,449,545,2,292,3.11e-47,170,"TAC102","R2",449,545,292,2,97,291,291,TRUE
"TAC102","SRR7910035.20753294",85.714,98,14,0,191,288,2,295,3.37e-47,170,"TAC102","R2",191,288,2,295,98,294,294,TRUE
"TAC102","SRR7910035.6817033",85.714,98,14,0,54,151,1,294,3.4e-47,170,"TAC102","R2",54,151,1,294,98,294,294,TRUE
"TAC102","SRR7910035.16213299",95.96,99,4,0,164,262,2,298,3.9e-47,169,"TAC102","R2",164,262,298,2,99,297,297,TRUE
"TAC102","SRR7910035.14040470",84.848,99,15,0,254,352,3,299,4.3e-47,169,"TAC102","R2",254,352,3,299,99,297,297,TRUE
"TAC102","SRR7910035.11083043",97.647,85,2,0,564,648,3,257,4.56e-47,169,"TAC102","R2",564,648,3,257,85,255,255,TRUE
"TAC102","SRR7910035.12189226",90,90,9,0,425,514,3,272,4.84e-47,169,"TAC102","R2",425,514,272,3,90,270,270,TRUE
"TAC102","SRR7910035.26154840",84,100,16,0,51,150,1,300,5.38e-47,169,"TAC102","R2",51,150,300,1,100,300,300,TRUE
"TAC102","SRR7910035.27932584",96.97,99,3,0,161,259,3,299,5.77e-47,169,"TAC102","R2",161,259,3,299,99,297,297,TRUE
"TAC102","SRR7910035.13181340",94.949,99,5,0,117,215,3,299,5.77e-47,169,"TAC102","R2",117,215,3,299,99,297,297,TRUE
"TAC102","SRR7910035.5401363",84.848,99,15,0,229,327,2,298,6e-47,169,"TAC102","R2",229,327,298,2,99,297,297,TRUE
"TAC102","SRR7910035.24843294",89.796,98,10,0,326,423,2,295,6.05e-47,169,"TAC102","R2",326,423,2,295,98,294,294,TRUE
"TAC102","SRR7910035.9603049",88.66,97,11,0,372,468,3,293,6.05e-47,169,"TAC102","R2",372,468,3,293,97,291,291,TRUE
"TAC102","SRR7910035.16237852",83.838,99,16,0,505,603,3,299,6.61e-47,169,"TAC102","R2",505,603,299,3,99,297,297,TRUE
"TAC102","SRR7910035.27009955",92.929,99,7,0,852,950,3,299,6.74e-47,169,"TAC102","R2",852,950,299,3,99,297,297,TRUE
"TAC102","SRR7910035.9148248",85.859,99,14,0,16,114,1,297,6.74e-47,169,"TAC102","R2",16,114,1,297,99,297,297,TRUE
"TAC102","SRR7910035.25394609",87.5,96,12,0,35,130,5,292,7.07e-47,169,"TAC102","R2",35,130,5,292,96,288,288,TRUE
"TAC102","SRR7910035.20017072",93.333,90,6,0,1,90,28,297,7.22e-47,169,"TAC102","R2",1,90,28,297,90,270,270,TRUE
"TAC102","SRR7910035.9767090",95.455,88,4,0,1,88,38,301,7.22e-47,169,"TAC102","R2",1,88,38,301,88,264,264,TRUE
"TAC102","SRR7910035.1899566",96.512,86,3,0,563,648,1,258,7.49e-47,169,"TAC102","R2",563,648,1,258,86,258,258,TRUE
"TAC102","SRR7910035.8796839",84.848,99,15,0,319,417,3,299,7.73e-47,169,"TAC102","R2",319,417,299,3,99,297,297,TRUE
"TAC102","SRR7910035.13240742",95.96,99,4,0,152,250,3,299,7.88e-47,169,"TAC102","R2",152,250,3,299,99,297,297,TRUE
"TAC102","SRR7910035.14714326",94.845,97,5,0,855,951,9,299,7.96e-47,169,"TAC102","R2",855,951,299,9,97,291,291,TRUE
"TAC102","SRR7910035.5044607",98.75,80,1,0,808,887,3,242,9.49e-47,168,"TAC102","R2",808,887,242,3,80,240,240,TRUE
"TAC102","SRR7910035.17428151",84.848,99,15,0,488,586,3,299,9.78e-47,168,"TAC102","R2",488,586,3,299,99,297,297,TRUE
"TAC102","SRR7910035.23753205",86.735,98,13,0,496,593,3,296,1.06e-46,168,"TAC102","R2",496,593,296,3,98,294,294,TRUE
"TAC102","SRR7910035.23672256",87.879,99,12,0,474,572,1,297,1.14e-46,168,"TAC102","R2",474,572,1,297,99,297,297,TRUE
"TAC102","SRR7910035.2354682",95.402,87,4,0,192,278,1,261,1.17e-46,168,"TAC102","R2",192,278,261,1,87,261,261,TRUE
"TAC102","SRR7910035.24214041",89.474,95,10,0,352,446,3,287,1.19e-46,168,"TAC102","R2",352,446,3,287,95,285,285,TRUE
"TAC102","SRR7910035.21011443",84.848,99,15,0,43,141,1,297,1.19e-46,168,"TAC102","R2",43,141,297,1,99,297,297,TRUE
"TAC102","SRR7910035.5823030",85.859,99,14,0,462,560,2,298,1.29e-46,168,"TAC102","R2",462,560,298,2,99,297,297,TRUE
"TAC102","SRR7910035.25640072",88.764,89,10,0,845,933,2,268,1.32e-46,168,"TAC102","R2",845,933,2,268,89,267,267,TRUE
"TAC102","SRR7910035.709469",97.619,84,2,0,376,459,1,252,1.64e-46,168,"TAC102","R2",376,459,252,1,84,252,252,TRUE
"TAC102","SRR7910035.18966678",87.368,95,12,0,532,626,2,286,1.66e-46,167,"TAC102","R2",532,626,2,286,95,285,285,TRUE
"TAC102","SRR7910035.26862777",89.899,99,10,0,411,509,3,299,1.71e-46,167,"TAC102","R2",411,509,299,3,99,297,297,TRUE
"TAC102","SRR7910035.26829738",93.939,99,6,0,850,948,3,299,1.71e-46,167,"TAC102","R2",850,948,299,3,99,297,297,TRUE
"TAC102","SRR7910035.14726872",84,100,16,0,448,547,1,300,1.79e-46,167,"TAC102","R2",448,547,300,1,100,300,300,TRUE
"TAC102","SRR7910035.25519866",88.889,99,11,0,102,200,3,299,1.86e-46,167,"TAC102","R2",102,200,3,299,99,297,297,TRUE
"TAC102","SRR7910035.9727901",97.531,81,2,0,808,888,59,301,1.98e-46,167,"TAC102","R2",808,888,59,301,81,243,243,TRUE
"TAC102","SRR7910035.20957302",95.918,98,4,0,119,216,1,294,2.12e-46,167,"TAC102","R2",119,216,294,1,98,294,294,TRUE
"TAC102","SRR7910035.14844252",93,100,7,0,109,208,1,300,2.14e-46,167,"TAC102","R2",109,208,1,300,100,300,300,TRUE
"TAC102","SRR7910035.20992924",87.755,98,12,0,358,455,3,296,2.2e-46,167,"TAC102","R2",358,455,3,296,98,294,294,TRUE
"TAC102","SRR7910035.5103185",100,80,0,0,55,134,2,241,2.25e-46,167,"TAC102","R2",55,134,241,2,80,240,240,TRUE
"TAC102","SRR7910035.6486309",84.848,99,15,0,389,487,3,299,2.36e-46,167,"TAC102","R2",389,487,299,3,99,297,297,TRUE
"TAC102","SRR7910035.22362195",95.349,86,4,0,190,275,1,258,2.55e-46,167,"TAC102","R2",190,275,258,1,86,258,258,TRUE
"TAC102","SRR7910035.13831537",86.316,95,13,0,84,178,13,297,2.62e-46,167,"TAC102","R2",84,178,297,13,95,285,285,TRUE
"TAC102","SRR7910035.11580141",92,100,8,0,176,275,2,301,2.89e-46,167,"TAC102","R2",176,275,301,2,100,300,300,TRUE
"TAC102","SRR7910035.12572402",84,100,16,0,461,560,1,300,2.95e-46,167,"TAC102","R2",461,560,1,300,100,300,300,TRUE
"TAC102","SRR7910035.3470812",95.181,83,4,0,96,178,2,250,2.95e-46,167,"TAC102","R2",96,178,2,250,83,249,249,TRUE
"TAC102","SRR7910035.9195797",84,100,16,0,403,502,2,301,2.98e-46,167,"TAC102","R2",403,502,2,301,100,300,300,TRUE
"TAC102","SRR7910035.648408",91.837,98,8,0,98,195,2,295,2.98e-46,167,"TAC102","R2",98,195,2,295,98,294,294,TRUE
"TAC102","SRR7910035.10233065",82.828,99,17,0,449,547,2,298,3.04e-46,167,"TAC102","R2",449,547,298,2,99,297,297,TRUE
"TAC102","SRR7910035.584164",85,100,15,0,368,467,1,300,3.04e-46,167,"TAC102","R2",368,467,1,300,100,300,300,TRUE
"TAC102","SRR7910035.8144534",95.96,99,4,0,156,254,3,299,3.16e-46,167,"TAC102","R2",156,254,3,299,99,297,297,TRUE
"TAC102","SRR7910035.20496579",96,100,4,0,131,230,1,300,3.32e-46,167,"TAC102","R2",131,230,300,1,100,300,300,TRUE
"TAC102","SRR7910035.16075142",83,100,17,0,51,150,1,300,3.66e-46,167,"TAC102","R2",51,150,1,300,100,300,300,TRUE
"TAC102","SRR7910035.18763387",95.294,85,4,0,92,176,3,257,3.77e-46,167,"TAC102","R2",92,176,3,257,85,255,255,TRUE
"TAC102","SRR7910035.11900901",92.222,90,7,0,559,648,1,270,3.8e-46,167,"TAC102","R2",559,648,1,270,90,270,270,TRUE
"TAC102","SRR7910035.15332612",87.629,97,12,0,358,454,3,293,3.99e-46,167,"TAC102","R2",358,454,3,293,97,291,291,TRUE
"TAC102","SRR7910035.16140444",91.919,99,8,0,852,950,1,297,4.23e-46,166,"TAC102","R2",852,950,297,1,99,297,297,TRUE
"TAC102","SRR7910035.25995347",94.949,99,5,0,174,272,2,298,4.53e-46,166,"TAC102","R2",174,272,2,298,99,297,297,TRUE
"TAC102","SRR7910035.21458293",96.97,99,3,0,154,252,1,297,4.53e-46,166,"TAC102","R2",154,252,297,1,99,297,297,TRUE
"TAC102","SRR7910035.17551883",85,100,15,0,42,141,2,301,5.05e-46,166,"TAC102","R2",42,141,2,301,100,300,300,TRUE
"TAC102","SRR7910035.7142765",96,100,4,0,164,263,1,300,5.25e-46,166,"TAC102","R2",164,263,300,1,100,300,300,TRUE
"TAC102","SRR7910035.14005698",96.97,99,3,0,160,258,2,298,5.41e-46,166,"TAC102","R2",160,258,298,2,99,297,297,TRUE
"TAC102","SRR7910035.1902792",93,100,7,0,135,234,2,301,5.62e-46,166,"TAC102","R2",135,234,2,301,100,300,300,TRUE
"TAC102","SRR7910035.25528252",82,100,18,0,355,454,2,301,5.68e-46,166,"TAC102","R2",355,454,2,301,100,300,300,TRUE
"TAC102","SRR7910035.27810821",93.939,99,6,0,101,199,3,299,6.14e-46,166,"TAC102","R2",101,199,299,3,99,297,297,TRUE
"TAC102","SRR7910035.5876596",96,100,4,0,153,252,2,301,6.38e-46,166,"TAC102","R2",153,252,2,301,100,300,300,TRUE
"TAC102","SRR7910035.24223040",92.045,88,7,0,399,486,3,266,6.97e-46,166,"TAC102","R2",399,486,266,3,88,264,264,TRUE
"TAC102","SRR7910035.8901335",86.869,99,13,0,514,612,3,299,7.11e-46,166,"TAC102","R2",514,612,3,299,99,297,297,TRUE
"TAC102","SRR7910035.7059489",85.859,99,14,0,269,367,3,299,7.25e-46,166,"TAC102","R2",269,367,299,3,99,297,297,TRUE
"TAC102","SRR7910035.18463337",93.182,88,6,0,91,178,3,266,7.53e-46,166,"TAC102","R2",91,178,3,266,88,264,264,TRUE
"TAC102","SRR7910035.16183394",92,100,8,0,115,214,1,300,7.76e-46,166,"TAC102","R2",115,214,1,300,100,300,300,TRUE
"TAC102","SRR7910035.12410704",97.59,83,2,0,563,645,2,250,7.83e-46,166,"TAC102","R2",563,645,250,2,83,249,249,TRUE
"TAC102","SRR7910035.13961355",98.75,80,1,0,52,131,3,242,8.76e-46,165,"TAC102","R2",52,131,242,3,80,240,240,TRUE
"TAC102","SRR7910035.23926764",84,100,16,0,485,584,1,300,8.89e-46,166,"TAC102","R2",485,584,300,1,100,300,300,TRUE
"TAC102","SRR7910035.2214095",95.918,98,4,0,131,228,3,296,8.96e-46,166,"TAC102","R2",131,228,296,3,98,294,294,TRUE
"TAC102","SRR7910035.3400393",95.349,86,4,0,1,86,44,301,9.16e-46,166,"TAC102","R2",1,86,44,301,86,258,258,TRUE
"TAC102","SRR7910035.6695076",84.848,99,15,0,28,126,2,298,1.1e-45,165,"TAC102","R2",28,126,2,298,99,297,297,TRUE
"TAC102","SRR7910035.25230616",95.96,99,4,0,157,255,3,299,1.23e-45,165,"TAC102","R2",157,255,3,299,99,297,297,TRUE
"TAC102","SRR7910035.22286431",95.294,85,4,0,564,648,1,255,1.23e-45,165,"TAC102","R2",564,648,1,255,85,255,255,TRUE
"TAC102","SRR7910035.25740267",95.238,84,4,0,1,84,49,300,1.25e-45,165,"TAC102","R2",1,84,49,300,84,252,252,TRUE
"TAC102","SRR7910035.3617986",90.11,91,9,0,557,647,2,274,1.41e-45,165,"TAC102","R2",557,647,2,274,91,273,273,TRUE
"TAC102","SRR7910035.24327908",90.909,99,9,0,105,203,2,298,1.46e-45,165,"TAC102","R2",105,203,2,298,99,297,297,TRUE
"TAC102","SRR7910035.11922502",91.837,98,8,0,98,195,3,296,1.46e-45,165,"TAC102","R2",98,195,3,296,98,294,294,TRUE
"TAC102","SRR7910035.16573209",84,100,16,0,64,163,1,300,1.52e-45,165,"TAC102","R2",64,163,1,300,100,300,300,TRUE
"TAC102","SRR7910035.6821134",94,100,6,0,131,230,1,300,1.65e-45,165,"TAC102","R2",131,230,300,1,100,300,300,TRUE
"TAC102","SRR7910035.15766319",85.417,96,14,0,397,492,3,290,1.73e-45,165,"TAC102","R2",397,492,3,290,96,288,288,TRUE
"TAC102","SRR7910035.14250236",95,100,5,0,147,246,1,300,1.81e-45,165,"TAC102","R2",147,246,1,300,100,300,300,TRUE
"TAC102","SRR7910035.23993162",86.735,98,13,0,479,576,1,294,1.87e-45,165,"TAC102","R2",479,576,294,1,98,294,294,TRUE
"TAC102","SRR7910035.24108027",85,100,15,0,68,167,2,301,2.18e-45,164,"TAC102","R2",68,167,301,2,100,300,300,TRUE
"TAC102","SRR7910035.21476",87.5,96,12,0,452,547,1,288,2.25e-45,164,"TAC102","R2",452,547,1,288,96,288,288,TRUE
"TAC102","SRR7910035.27812687",81.818,99,18,0,258,356,3,299,2.29e-45,164,"TAC102","R2",258,356,3,299,99,297,297,TRUE
"TAC102","SRR7910035.12926250",86.598,97,13,0,480,576,1,291,2.36e-45,164,"TAC102","R2",480,576,291,1,97,291,291,TRUE
"TAC102","SRR7910035.24356176",86,100,14,0,501,600,1,300,2.45e-45,164,"TAC102","R2",501,600,300,1,100,300,300,TRUE
"TAC102","SRR7910035.26592724",95.876,97,4,0,121,217,1,291,2.9e-45,164,"TAC102","R2",121,217,291,1,97,291,291,TRUE
"TAC102","SRR7910035.13743400",81.633,98,18,0,200,297,2,295,2.93e-45,164,"TAC102","R2",200,297,295,2,98,294,294,TRUE
"TAC102","SRR7910035.14234255",92.045,88,7,0,1,88,34,297,3.29e-45,164,"TAC102","R2",1,88,34,297,88,264,264,TRUE
"TAC102","SRR7910035.12929338",94.898,98,5,0,146,243,3,296,3.29e-45,164,"TAC102","R2",146,243,3,296,98,294,294,TRUE
"TAC102","SRR7910035.18831379",95.294,85,4,0,563,647,1,255,3.52e-45,164,"TAC102","R2",563,647,1,255,85,255,255,TRUE
"TAC102","SRR7910035.24648021",93.182,88,6,0,561,648,3,266,3.59e-45,164,"TAC102","R2",561,648,3,266,88,264,264,TRUE
"TAC102","SRR7910035.10531554",93.878,98,6,0,106,203,3,296,3.59e-45,164,"TAC102","R2",106,203,3,296,98,294,294,TRUE
"TAC102","SRR7910035.6400611",81.731,104,14,1,441,544,3,299,3.63e-45,164,"TAC102","R2",441,544,299,3,104,297,312,FALSE
"TAC102","SRR7910035.24306844",93.939,99,6,0,162,260,2,298,3.7e-45,164,"TAC102","R2",162,260,298,2,99,297,297,TRUE
"TAC102","SRR7910035.16173060",91.765,85,7,0,812,896,40,294,3.7e-45,164,"TAC102","R2",812,896,40,294,85,255,255,TRUE
"TAC102","SRR7910035.1757034",81.818,99,18,0,289,387,3,299,3.77e-45,164,"TAC102","R2",289,387,299,3,99,297,297,TRUE
"TAC102","SRR7910035.16334855",98.889,90,1,0,862,951,2,271,3.81e-45,164,"TAC102","R2",862,951,2,271,90,270,270,TRUE
"TAC102","SRR7910035.6854255",96.429,84,3,0,564,647,3,254,3.96e-45,164,"TAC102","R2",564,647,3,254,84,252,252,TRUE
"TAC102","SRR7910035.15475047",86,100,14,0,454,553,1,300,4.24e-45,164,"TAC102","R2",454,553,300,1,100,300,300,TRUE
"TAC102","SRR7910035.13383605",92.045,88,7,0,91,178,33,296,4.28e-45,164,"TAC102","R2",91,178,296,33,88,264,264,TRUE
"TAC102","SRR7910035.1735317",98.718,78,1,0,808,885,3,236,4.37e-45,164,"TAC102","R2",808,885,236,3,78,234,234,TRUE
"TAC102","SRR7910035.6748004",89.899,99,10,0,512,610,3,299,5.26e-45,163,"TAC102","R2",512,610,299,3,99,297,297,TRUE
"TAC102","SRR7910035.7934862",94,100,6,0,155,254,1,300,5.36e-45,163,"TAC102","R2",155,254,1,300,100,300,300,TRUE
"TAC102","SRR7910035.7818429",84.375,96,15,0,481,576,1,288,5.36e-45,163,"TAC102","R2",481,576,1,288,96,288,288,TRUE
"TAC102","SRR7910035.11030886",100,91,0,0,135,225,2,274,5.54e-45,163,"TAC102","R2",135,225,274,2,91,273,273,TRUE
"TAC102","SRR7910035.23122843",92.929,99,7,0,116,214,2,298,5.91e-45,163,"TAC102","R2",116,214,298,2,99,297,297,TRUE
"TAC102","SRR7910035.26799544",83.838,99,16,0,256,354,2,298,7.32e-45,163,"TAC102","R2",256,354,2,298,99,297,297,TRUE
"TAC102","SRR7910035.25606599",92.941,85,6,0,818,902,2,256,7.47e-45,163,"TAC102","R2",818,902,256,2,85,255,255,TRUE
"TAC102","SRR7910035.2204621",92.929,99,7,0,176,274,3,299,7.92e-45,163,"TAC102","R2",176,274,3,299,99,297,297,TRUE
"TAC102","SRR7910035.11738622",84.848,99,15,0,223,321,3,299,8.73e-45,163,"TAC102","R2",223,321,3,299,99,297,297,TRUE
"TAC102","SRR7910035.1408984",98.734,79,1,0,277,355,3,239,8.84e-45,162,"TAC102","R2",277,355,239,3,79,237,237,TRUE
"TAC102","SRR7910035.26684637",93.939,99,6,0,144,242,1,297,8.9e-45,163,"TAC102","R2",144,242,1,297,99,297,297,TRUE
"TAC102","SRR7910035.23205329",81.25,96,18,0,839,934,9,296,8.9e-45,163,"TAC102","R2",839,934,296,9,96,288,288,TRUE
"TAC102","SRR7910035.19369123",84.848,99,15,0,319,417,3,299,9.34e-45,163,"TAC102","R2",319,417,3,299,99,297,297,TRUE
"TAC102","SRR7910035.24127057",100,91,0,0,134,224,2,274,9.67e-45,162,"TAC102","R2",134,224,274,2,91,273,273,TRUE
"TAC102","SRR7910035.27458563",95.238,84,4,0,564,647,3,254,1.01e-44,162,"TAC102","R2",564,647,3,254,84,252,252,TRUE
"TAC102","SRR7910035.10043167",98.889,90,1,0,862,951,3,272,1.1e-44,162,"TAC102","R2",862,951,3,272,90,270,270,TRUE
"TAC102","SRR7910035.3275508",98.889,90,1,0,862,951,2,271,1.1e-44,162,"TAC102","R2",862,951,2,271,90,270,270,TRUE
"TAC102","SRR7910035.15299869",95.833,96,4,0,114,209,2,289,1.14e-44,162,"TAC102","R2",114,209,289,2,96,288,288,TRUE
"TAC102","SRR7910035.5031558",92.857,98,7,0,171,268,2,295,1.25e-44,162,"TAC102","R2",171,268,2,295,98,294,294,TRUE
"TAC102","SRR7910035.18018573",79.798,99,20,0,821,919,3,299,1.3e-44,162,"TAC102","R2",821,919,3,299,99,297,297,TRUE
"TAC102","SRR7910035.7242255",96.341,82,3,0,567,648,3,248,1.3e-44,162,"TAC102","R2",567,648,3,248,82,246,246,TRUE
"TAC102","SRR7910035.24983534",96.97,99,3,0,151,249,2,298,1.34e-44,162,"TAC102","R2",151,249,298,2,99,297,297,TRUE
"TAC102","SRR7910035.20197522",90.816,98,9,0,121,218,1,294,1.34e-44,162,"TAC102","R2",121,218,294,1,98,294,294,TRUE
"TAC102","SRR7910035.13737285",83.673,98,16,0,360,457,2,295,1.39e-44,162,"TAC102","R2",360,457,2,295,98,294,294,TRUE
"TAC102","SRR7910035.15013332",100,90,0,0,862,951,3,272,1.46e-44,162,"TAC102","R2",862,951,3,272,90,270,270,TRUE
"TAC102","SRR7910035.20324578",87.912,91,11,0,554,644,2,274,1.58e-44,162,"TAC102","R2",554,644,2,274,91,273,273,TRUE
"TAC102","SRR7910035.28273357",92.929,99,7,0,172,270,3,299,1.6e-44,162,"TAC102","R2",172,270,3,299,99,297,297,TRUE
"TAC102","SRR7910035.6508120",93.684,95,6,0,857,951,16,300,1.73e-44,162,"TAC102","R2",857,951,300,16,95,285,285,TRUE
"TAC102","SRR7910035.6285031",93,100,7,0,108,207,2,301,1.76e-44,162,"TAC102","R2",108,207,301,2,100,300,300,TRUE
"TAC102","SRR7910035.14742230",90,90,9,0,190,279,29,298,1.9e-44,162,"TAC102","R2",190,279,29,298,90,270,270,TRUE
"TAC102","SRR7910035.16378118",96.739,92,3,0,860,951,3,278,1.92e-44,162,"TAC102","R2",860,951,3,278,92,276,276,TRUE
"TAC102","SRR7910035.14262666",82.653,98,17,0,528,625,3,296,1.94e-44,162,"TAC102","R2",528,625,3,296,98,294,294,TRUE
"TAC102","SRR7910035.8786033",97.5,80,2,0,1,80,1,240,2.12e-44,162,"TAC102","R2",1,80,240,1,80,240,240,TRUE
"TAC102","SRR7910035.20205171",85.859,99,14,0,475,573,2,298,2.23e-44,162,"TAC102","R2",475,573,298,2,99,297,297,TRUE
"TAC102","SRR7910035.4809017",93.878,98,6,0,151,248,3,296,2.25e-44,162,"TAC102","R2",151,248,3,296,98,294,294,TRUE
"TAC102","SRR7910035.2748669",85.859,99,14,0,517,615,3,299,2.27e-44,162,"TAC102","R2",517,615,299,3,99,297,297,TRUE
"TAC102","SRR7910035.12516788",82.474,97,17,0,266,362,1,291,2.29e-44,162,"TAC102","R2",266,362,291,1,97,291,291,TRUE
"TAC102","SRR7910035.19286797",83.696,92,15,0,830,921,1,276,2.38e-44,162,"TAC102","R2",830,921,1,276,92,276,276,TRUE
"TAC102","SRR7910035.23082090",85,100,15,0,433,532,2,301,2.58e-44,161,"TAC102","R2",433,532,2,301,100,300,300,TRUE
"TAC102","SRR7910035.10161806",97.531,81,2,0,354,434,2,244,2.62e-44,161,"TAC102","R2",354,434,244,2,81,243,243,TRUE
"TAC102","SRR7910035.10375368",90.426,94,9,0,858,951,1,282,2.63e-44,161,"TAC102","R2",858,951,1,282,94,282,282,TRUE
"TAC102","SRR7910035.13349335",93.023,86,6,0,1,86,3,260,2.76e-44,161,"TAC102","R2",1,86,260,3,86,258,258,TRUE
"TAC102","SRR7910035.22698661",80.808,99,19,0,204,302,3,299,2.98e-44,161,"TAC102","R2",204,302,299,3,99,297,297,TRUE
"TAC102","SRR7910035.7451852",83.838,99,16,0,451,549,3,299,3.49e-44,161,"TAC102","R2",451,549,299,3,99,297,297,TRUE
"TAC102","SRR7910035.20223713",80.412,97,19,0,432,528,3,293,3.52e-44,161,"TAC102","R2",432,528,293,3,97,291,291,TRUE
"TAC102","SRR7910035.1045455",87.209,86,11,0,849,934,2,259,3.7e-44,161,"TAC102","R2",849,934,2,259,86,258,258,TRUE
"TAC102","SRR7910035.20798984",77.778,99,22,0,225,323,2,298,3.84e-44,161,"TAC102","R2",225,323,298,2,99,297,297,TRUE
"TAC102","SRR7910035.12547802",78.571,98,21,0,259,356,3,296,3.92e-44,161,"TAC102","R2",259,356,3,296,98,294,294,TRUE
"TAC102","SRR7910035.144157",86.364,88,12,0,847,934,27,290,3.99e-44,161,"TAC102","R2",847,934,290,27,88,264,264,TRUE
"TAC102","SRR7910035.7664472",96.25,80,3,0,822,901,1,240,4.03e-44,161,"TAC102","R2",822,901,240,1,80,240,240,TRUE
"TAC102","SRR7910035.24638700",93.023,86,6,0,560,645,2,259,4.81e-44,160,"TAC102","R2",560,645,2,259,86,258,258,TRUE
"TAC102","SRR7910035.12002018",98.701,77,1,0,251,327,1,231,5.36e-44,160,"TAC102","R2",251,327,1,231,77,231,231,TRUE
"TAC102","SRR7910035.13245787",79,100,21,0,54,153,1,300,5.51e-44,160,"TAC102","R2",54,153,300,1,100,300,300,TRUE
"TAC102","SRR7910035.14159765",98.889,90,1,0,862,951,30,299,5.96e-44,160,"TAC102","R2",862,951,299,30,90,270,270,TRUE
"TAC102","SRR7910035.9182034",98.718,78,1,0,1,78,1,234,6.19e-44,160,"TAC102","R2",1,78,234,1,78,234,234,TRUE
"TAC102","SRR7910035.9467161",95.789,95,4,0,108,202,3,287,6.63e-44,160,"TAC102","R2",108,202,287,3,95,285,285,TRUE
"TAC102","SRR7910035.27332353",89.157,83,9,0,852,934,3,251,6.89e-44,160,"TAC102","R2",852,934,3,251,83,249,249,TRUE
"TAC102","SRR7910035.15240580",87,100,13,0,197,296,2,301,7.38e-44,160,"TAC102","R2",197,296,2,301,100,300,300,TRUE
"TAC102","SRR7910035.18895161",81.25,96,18,0,448,543,2,289,7.53e-44,160,"TAC102","R2",448,543,2,289,96,288,288,TRUE
"TAC102","SRR7910035.11862689",96.739,92,3,0,860,951,24,299,8.97e-44,160,"TAC102","R2",860,951,299,24,92,276,276,TRUE
"TAC102","SRR7910035.24669349",80.808,99,19,0,406,504,3,299,1.03e-43,160,"TAC102","R2",406,504,3,299,99,297,297,TRUE
"TAC102","SRR7910035.14955759",85.417,96,14,0,506,601,2,289,1.14e-43,160,"TAC102","R2",506,601,2,289,96,288,288,TRUE
"TAC102","SRR7910035.23557650",93.878,98,6,0,109,206,3,296,1.3e-43,159,"TAC102","R2",109,206,296,3,98,294,294,TRUE
"TAC102","SRR7910035.24940358",85.714,98,14,0,304,401,2,295,1.31e-43,159,"TAC102","R2",304,401,295,2,98,294,294,TRUE
"TAC102","SRR7910035.2942472",87.356,87,11,0,190,276,1,261,1.32e-43,159,"TAC102","R2",190,276,261,1,87,261,261,TRUE
"TAC102","SRR7910035.14745",93,100,7,0,146,245,1,300,1.42e-43,159,"TAC102","R2",146,245,300,1,100,300,300,TRUE
"TAC102","SRR7910035.27619616",90.909,99,9,0,126,224,1,297,1.49e-43,159,"TAC102","R2",126,224,1,297,99,297,297,TRUE
"TAC102","SRR7910035.9742178",92.784,97,7,0,855,951,8,298,1.55e-43,159,"TAC102","R2",855,951,298,8,97,291,291,TRUE
"TAC102","SRR7910035.15331310",94.118,85,5,0,89,173,3,257,1.69e-43,159,"TAC102","R2",89,173,3,257,85,255,255,TRUE
"TAC102","SRR7910035.19446552",81.818,99,18,0,231,329,3,299,1.84e-43,159,"TAC102","R2",231,329,299,3,99,297,297,TRUE
"TAC102","SRR7910035.17697800",92.708,96,7,0,119,214,2,289,1.92e-43,159,"TAC102","R2",119,214,2,289,96,288,288,TRUE
"TAC102","SRR7910035.22417139",91.919,99,8,0,170,268,1,297,1.99e-43,159,"TAC102","R2",170,268,297,1,99,297,297,TRUE
"TAC102","SRR7910035.23395600",86.517,89,12,0,560,648,29,295,2.03e-43,159,"TAC102","R2",560,648,295,29,89,267,267,TRUE
"TAC102","SRR7910035.24521116",93.814,97,6,0,148,244,1,291,2.11e-43,159,"TAC102","R2",148,244,1,291,97,291,291,TRUE
"TAC102","SRR7910035.21136989",91,100,9,0,133,232,2,301,2.18e-43,159,"TAC102","R2",133,232,2,301,100,300,300,TRUE
"TAC102","SRR7910035.21170656",92.929,99,7,0,157,255,3,299,2.2e-43,159,"TAC102","R2",157,255,299,3,99,297,297,TRUE
"TAC102","SRR7910035.6264068",100,75,0,0,808,882,1,225,2.49e-43,159,"TAC102","R2",808,882,225,1,75,225,225,TRUE
"TAC102","SRR7910035.27996901",81.053,95,18,0,808,902,10,294,2.57e-43,159,"TAC102","R2",808,902,10,294,95,285,285,TRUE
"TAC102","SRR7910035.16095965",88,100,12,0,95,194,2,301,2.59e-43,159,"TAC102","R2",95,194,2,301,100,300,300,TRUE
"TAC102","SRR7910035.14801095",92.857,98,7,0,98,195,1,294,2.75e-43,159,"TAC102","R2",98,195,294,1,98,294,294,TRUE
"TAC102","SRR7910035.14266141",92,100,8,0,135,234,1,300,2.83e-43,159,"TAC102","R2",135,234,1,300,100,300,300,TRUE
"TAC102","SRR7910035.27146855",88.636,88,10,0,481,568,1,264,2.86e-43,159,"TAC102","R2",481,568,1,264,88,264,264,TRUE
"TAC102","SRR7910035.24183124",88,100,12,0,474,573,2,301,3.09e-43,158,"TAC102","R2",474,573,301,2,100,300,300,TRUE
"TAC102","SRR7910035.4692",90.909,99,9,0,193,291,3,299,3.09e-43,158,"TAC102","R2",193,291,3,299,99,297,297,TRUE
"TAC102","SRR7910035.26467198",92,100,8,0,117,216,1,300,3.21e-43,158,"TAC102","R2",117,216,1,300,100,300,300,TRUE
"TAC102","SRR7910035.15227818",81.111,90,17,0,836,925,1,270,3.51e-43,158,"TAC102","R2",836,925,270,1,90,270,270,TRUE
"TAC102","SRR7910035.19021160",90.805,87,8,0,86,172,3,263,3.98e-43,158,"TAC102","R2",86,172,263,3,87,261,261,TRUE
"TAC102","SRR7910035.13015899",81.818,99,18,0,394,492,3,299,4.35e-43,158,"TAC102","R2",394,492,3,299,99,297,297,TRUE
"TAC102","SRR7910035.26326583",92,100,8,0,164,263,1,300,4.39e-43,158,"TAC102","R2",164,263,300,1,100,300,300,TRUE
"TAC102","SRR7910035.9794779",83.158,95,16,0,491,585,2,286,5.18e-43,158,"TAC102","R2",491,585,2,286,95,285,285,TRUE
"TAC102","SRR7910035.4279457",81,100,19,0,469,568,1,300,5.39e-43,158,"TAC102","R2",469,568,300,1,100,300,300,TRUE
"TAC102","SRR7910035.13034214",84.375,96,15,0,537,632,1,288,5.6e-43,157,"TAC102","R2",537,632,288,1,96,288,288,TRUE
"TAC102","SRR7910035.4889180",90.816,98,9,0,171,268,3,296,5.82e-43,157,"TAC102","R2",171,268,3,296,98,294,294,TRUE
"TAC102","SRR7910035.3885342",91,100,9,0,152,251,1,300,6.17e-43,157,"TAC102","R2",152,251,1,300,100,300,300,TRUE
"TAC102","SRR7910035.18816346",90.526,95,9,0,174,268,2,286,6.94e-43,157,"TAC102","R2",174,268,286,2,95,285,285,TRUE
"TAC102","SRR7910035.9902017",91.919,99,8,0,124,222,3,299,7.57e-43,157,"TAC102","R2",124,222,299,3,99,297,297,TRUE
"TAC102","SRR7910035.8567832",93,100,7,0,149,248,2,301,7.65e-43,157,"TAC102","R2",149,248,301,2,100,300,300,TRUE
"TAC102","SRR7910035.21510297",90.909,99,9,0,147,245,1,297,8.11e-43,157,"TAC102","R2",147,245,297,1,99,297,297,TRUE
"TAC102","SRR7910035.14824797",81,100,19,0,356,455,2,301,8.19e-43,157,"TAC102","R2",356,455,2,301,100,300,300,TRUE
"TAC102","SRR7910035.21464124",93.75,80,5,0,812,891,58,297,9.38e-43,157,"TAC102","R2",812,891,58,297,80,240,240,TRUE
"TAC102","SRR7910035.6291325",81,100,19,0,13,112,2,301,9.66e-43,157,"TAC102","R2",13,112,2,301,100,300,300,TRUE
"TAC102","SRR7910035.11242792",89.691,97,10,0,853,949,1,291,1.17e-42,157,"TAC102","R2",853,949,291,1,97,291,291,TRUE
"TAC102","SRR7910035.10588222",91.837,98,8,0,134,231,1,294,1.18e-42,157,"TAC102","R2",134,231,294,1,98,294,294,TRUE
"TAC102","SRR7910035.13501048",92,100,8,0,127,226,2,301,1.2e-42,157,"TAC102","R2",127,226,301,2,100,300,300,TRUE
"TAC102","SRR7910035.15500674",89.899,99,10,0,120,218,1,297,1.21e-42,157,"TAC102","R2",120,218,297,1,99,297,297,TRUE
"TAC102","SRR7910035.26590405",78.788,99,21,0,295,393,3,299,1.22e-42,157,"TAC102","R2",295,393,3,299,99,297,297,TRUE
"TAC102","SRR7910035.24985207",83,100,17,0,196,295,1,300,1.23e-42,157,"TAC102","R2",196,295,1,300,100,300,300,TRUE
"TAC102","SRR7910035.21022940",90.909,99,9,0,134,232,2,298,1.23e-42,157,"TAC102","R2",134,232,2,298,99,297,297,TRUE
"TAC102","SRR7910035.3278805",81.818,99,18,0,376,474,3,299,1.26e-42,157,"TAC102","R2",376,474,299,3,99,297,297,TRUE
"TAC102","SRR7910035.3048341",77.778,99,22,0,243,341,3,299,1.27e-42,157,"TAC102","R2",243,341,299,3,99,297,297,TRUE
"TAC102","SRR7910035.12650842",86.869,99,13,0,850,948,1,297,1.28e-42,157,"TAC102","R2",850,948,297,1,99,297,297,TRUE
"TAC102","SRR7910035.17086818",80,100,20,0,456,555,1,300,1.51e-42,156,"TAC102","R2",456,555,300,1,100,300,300,TRUE
"TAC102","SRR7910035.21735405",82,100,18,0,312,411,1,300,1.54e-42,156,"TAC102","R2",312,411,1,300,100,300,300,TRUE
"TAC102","SRR7910035.15902300",79,100,21,0,273,372,2,301,1.6e-42,156,"TAC102","R2",273,372,2,301,100,300,300,TRUE
"TAC102","SRR7910035.27986437",81.633,98,18,0,465,562,2,295,1.62e-42,156,"TAC102","R2",465,562,295,2,98,294,294,TRUE
"TAC102","SRR7910035.3341069",81,100,19,0,304,403,1,300,1.62e-42,156,"TAC102","R2",304,403,300,1,100,300,300,TRUE
"TAC102","SRR7910035.6717252",98.701,77,1,0,571,647,2,232,1.98e-42,156,"TAC102","R2",571,647,2,232,77,231,231,TRUE
"TAC102","SRR7910035.27380220",80.808,99,19,0,49,147,2,298,2.06e-42,156,"TAC102","R2",49,147,298,2,99,297,297,TRUE
"TAC102","SRR7910035.130872",92.708,96,7,0,856,951,12,299,2.25e-42,156,"TAC102","R2",856,951,299,12,96,288,288,TRUE
"TAC102","SRR7910035.26846422",82.105,95,17,0,289,383,2,286,2.48e-42,156,"TAC102","R2",289,383,286,2,95,285,285,TRUE
"TAC102","SRR7910035.13237512",85.417,96,14,0,228,323,3,290,3.56e-42,155,"TAC102","R2",228,323,290,3,96,288,288,TRUE
"TAC102","SRR7910035.4206430",90,100,10,0,149,248,2,301,3.56e-42,155,"TAC102","R2",149,248,301,2,100,300,300,TRUE
"TAC102","SRR7910035.6616875",94.253,87,5,0,92,178,1,261,3.63e-42,155,"TAC102","R2",92,178,1,261,87,261,261,TRUE
"TAC102","SRR7910035.16748794",87,100,13,0,852,951,1,300,3.7e-42,155,"TAC102","R2",852,951,300,1,100,300,300,TRUE
"TAC102","SRR7910035.4768248",91.463,82,7,0,824,905,1,246,3.96e-42,155,"TAC102","R2",824,905,246,1,82,246,246,TRUE
"TAC102","SRR7910035.6133692",93.59,78,5,0,808,885,2,235,4e-42,155,"TAC102","R2",808,885,235,2,78,234,234,TRUE
"TAC102","SRR7910035.26685519",87,100,13,0,121,220,1,300,4.12e-42,155,"TAC102","R2",121,220,1,300,100,300,300,TRUE
"TAC102","SRR7910035.24140280",89.535,86,9,0,281,366,3,260,4.37e-42,155,"TAC102","R2",281,366,260,3,86,258,258,TRUE
"TAC102","SRR7910035.19385950",86,100,14,0,95,194,1,300,4.37e-42,155,"TAC102","R2",95,194,1,300,100,300,300,TRUE
"TAC102","SRR7910035.23658695",89.899,99,10,0,124,222,3,299,4.63e-42,155,"TAC102","R2",124,222,299,3,99,297,297,TRUE
"TAC102","SRR7910035.25344095",97.436,78,2,0,14,91,3,236,4.65e-42,154,"TAC102","R2",14,91,236,3,78,234,234,TRUE
"TAC102","SRR7910035.2962566",79.592,98,20,0,459,556,2,295,4.77e-42,155,"TAC102","R2",459,556,2,295,98,294,294,TRUE
"TAC102","SRR7910035.7803578",93.939,99,6,0,160,258,1,297,4.96e-42,155,"TAC102","R2",160,258,297,1,99,297,297,TRUE
"TAC102","SRR7910035.3868939",86.17,94,13,0,454,547,1,282,5.36e-42,155,"TAC102","R2",454,547,282,1,94,282,282,TRUE
"TAC102","SRR7910035.20369022",78,100,22,0,331,430,1,300,5.46e-42,155,"TAC102","R2",331,430,300,1,100,300,300,TRUE
"TAC102","SRR7910035.18202494",79,100,21,0,481,580,1,300,5.9e-42,155,"TAC102","R2",481,580,1,300,100,300,300,TRUE
"TAC102","SRR7910035.17454787",80.808,99,19,0,480,578,3,299,5.96e-42,155,"TAC102","R2",480,578,3,299,99,297,297,TRUE
"TAC102","SRR7910035.19066431",91.919,99,8,0,107,205,1,297,6.07e-42,155,"TAC102","R2",107,205,297,1,99,297,297,TRUE
"TAC102","SRR7910035.10469288",78.788,99,21,0,500,598,1,297,7.9e-42,154,"TAC102","R2",500,598,1,297,99,297,297,TRUE
"TAC102","SRR7910035.7997241",89.899,99,10,0,119,217,3,299,8.22e-42,154,"TAC102","R2",119,217,299,3,99,297,297,TRUE
"TAC102","SRR7910035.751348",81.633,98,18,0,317,414,1,294,9.31e-42,154,"TAC102","R2",317,414,294,1,98,294,294,TRUE
"TAC102","SRR7910035.13794008",93.548,93,6,0,126,218,1,279,9.33e-42,154,"TAC102","R2",126,218,279,1,93,279,279,TRUE
"TAC102","SRR7910035.15141024",79.167,96,20,0,250,345,3,290,1.03e-41,154,"TAC102","R2",250,345,290,3,96,288,288,TRUE
"TAC102","SRR7910035.2894953",90.909,99,9,0,156,254,3,299,1.19e-41,154,"TAC102","R2",156,254,3,299,99,297,297,TRUE
"TAC102","SRR7910035.9356451",77,100,23,0,16,115,2,301,1.27e-41,154,"TAC102","R2",16,115,2,301,100,300,300,TRUE
"TAC102","SRR7910035.5366339",89,100,11,0,126,225,1,300,1.46e-41,154,"TAC102","R2",126,225,300,1,100,300,300,TRUE
"TAC102","SRR7910035.25049254",98.649,74,1,0,1,74,65,286,1.59e-41,154,"TAC102","R2",1,74,65,286,74,222,222,TRUE
"TAC102","SRR7910035.22938652",85,100,15,0,172,271,1,300,1.64e-41,154,"TAC102","R2",172,271,300,1,100,300,300,TRUE
"TAC102","SRR7910035.2726317",89.899,99,10,0,147,245,3,299,1.67e-41,154,"TAC102","R2",147,245,3,299,99,297,297,TRUE
"TAC102","SRR7910035.27506760",90,100,10,0,144,243,1,300,1.9e-41,153,"TAC102","R2",144,243,300,1,100,300,300,TRUE
"TAC102","SRR7910035.8828899",83.505,97,16,0,530,626,2,292,2.09e-41,153,"TAC102","R2",530,626,2,292,97,291,291,TRUE
"TAC102","SRR7910035.4272107",79,100,21,0,449,548,1,300,2.11e-41,153,"TAC102","R2",449,548,300,1,100,300,300,TRUE
"TAC102","SRR7910035.3473634",75.51,98,24,0,198,295,2,295,2.13e-41,153,"TAC102","R2",198,295,2,295,98,294,294,TRUE
"TAC102","SRR7910035.10700317",92.784,97,7,0,154,250,1,291,2.2e-41,153,"TAC102","R2",154,250,291,1,97,291,291,TRUE
"TAC102","SRR7910035.13558440",85.87,92,13,0,451,542,1,276,2.28e-41,153,"TAC102","R2",451,542,276,1,92,276,276,TRUE
"TAC102","SRR7910035.24517294",79.592,98,20,0,493,590,1,294,2.59e-41,153,"TAC102","R2",493,590,1,294,98,294,294,TRUE
"TAC102","SRR7910035.24245867",85.882,85,12,0,850,934,3,257,2.75e-41,153,"TAC102","R2",850,934,3,257,85,255,255,TRUE
"TAC102","SRR7910035.3857224",89.286,84,9,0,812,895,38,289,3e-41,153,"TAC102","R2",812,895,38,289,84,252,252,TRUE
"TAC102","SRR7910035.13968383",82.828,99,17,0,454,552,3,299,3.34e-41,152,"TAC102","R2",454,552,299,3,99,297,297,TRUE
"TAC102","SRR7910035.16983388",88.298,94,11,0,858,951,2,283,3.61e-41,152,"TAC102","R2",858,951,2,283,94,282,282,TRUE
"TAC102","SRR7910035.23067382",85.859,99,14,0,33,131,2,298,3.68e-41,152,"TAC102","R2",33,131,2,298,99,297,297,TRUE
"TAC102","SRR7910035.18368911",81.25,96,18,0,553,648,13,300,3.93e-41,152,"TAC102","R2",553,648,300,13,96,288,288,TRUE
"TAC102","SRR7910035.26195847",78.125,96,21,0,289,384,5,292,4.64e-41,152,"TAC102","R2",289,384,5,292,96,288,288,TRUE
"TAC102","SRR7910035.27172129",92.632,95,7,0,135,229,3,287,4.92e-41,152,"TAC102","R2",135,229,3,287,95,285,285,TRUE
"TAC102","SRR7910035.3040218",90.816,98,9,0,129,226,2,295,5.02e-41,152,"TAC102","R2",129,226,295,2,98,294,294,TRUE
"TAC102","SRR7910035.18729242",100,73,0,0,89,161,1,219,5.13e-41,151,"TAC102","R2",89,161,1,219,73,219,219,TRUE
"TAC102","SRR7910035.24226005",98.63,73,1,0,822,894,1,219,5.17e-41,152,"TAC102","R2",822,894,219,1,73,219,219,TRUE
"TAC102","SRR7910035.11256751",100,72,0,0,812,883,1,216,5.32e-41,152,"TAC102","R2",812,883,216,1,72,216,216,TRUE
"TAC102","SRR7910035.4631238",96.104,77,3,0,572,648,2,232,5.32e-41,152,"TAC102","R2",572,648,2,232,77,231,231,TRUE
"TAC102","SRR7910035.26630927",88.889,99,11,0,153,251,3,299,5.92e-41,152,"TAC102","R2",153,251,3,299,99,297,297,TRUE
"TAC102","SRR7910035.10040133",90.816,98,9,0,138,235,3,296,6.85e-41,152,"TAC102","R2",138,235,296,3,98,294,294,TRUE
"TAC102","SRR7910035.22790707",96.591,88,3,0,864,951,38,301,7.12e-41,152,"TAC102","R2",864,951,301,38,88,264,264,TRUE
"TAC102","SRR7910035.10708004",94.937,79,4,0,529,607,3,239,7.12e-41,152,"TAC102","R2",529,607,239,3,79,237,237,TRUE
"TAC102","SRR7910035.24035374",76.768,99,23,0,67,165,3,299,7.85e-41,152,"TAC102","R2",67,165,299,3,99,297,297,TRUE
"TAC102","SRR7910035.16764690",79.798,99,20,0,411,509,3,299,7.93e-41,152,"TAC102","R2",411,509,3,299,99,297,297,TRUE
"TAC102","SRR7910035.26780049",96.104,77,3,0,1,77,69,299,9.26e-41,151,"TAC102","R2",1,77,69,299,77,231,231,TRUE
"TAC102","SRR7910035.24389470",97.674,86,2,0,866,951,29,286,1.01e-40,151,"TAC102","R2",866,951,286,29,86,258,258,TRUE
"TAC102","SRR7910035.11287848",97.333,75,2,0,574,648,1,225,1.23e-40,151,"TAC102","R2",574,648,1,225,75,225,225,TRUE
"TAC102","SRR7910035.11073434",90.909,99,9,0,148,246,3,299,1.23e-40,151,"TAC102","R2",148,246,299,3,99,297,297,TRUE
"TAC102","SRR7910035.3137724",98.649,74,1,0,575,648,2,223,1.23e-40,151,"TAC102","R2",575,648,2,223,74,222,222,TRUE
"TAC102","SRR7910035.4812113",98,100,2,0,775,874,1,300,1.24e-40,151,"TAC102","R2",775,874,300,1,100,300,300,TRUE
"TAC102","SRR7910035.7766276",98.649,74,1,0,575,648,2,223,1.45e-40,151,"TAC102","R2",575,648,2,223,74,222,222,TRUE
"TAC102","SRR7910035.2288788",78.351,97,21,0,532,628,6,296,1.6e-40,150,"TAC102","R2",532,628,296,6,97,291,291,TRUE
"TAC102","SRR7910035.22031288",93.671,79,5,0,570,648,51,287,1.63e-40,150,"TAC102","R2",570,648,287,51,79,237,237,TRUE
"TAC102","SRR7910035.13931021",89.744,78,8,0,857,934,2,235,1.81e-40,150,"TAC102","R2",857,934,2,235,78,234,234,TRUE
"TAC102","SRR7910035.797336",82.796,93,16,0,453,545,1,279,1.86e-40,150,"TAC102","R2",453,545,1,279,93,279,279,TRUE
"TAC102","SRR7910035.25913314",87,100,13,0,161,260,2,301,2.12e-40,150,"TAC102","R2",161,260,2,301,100,300,300,TRUE
"TAC102","SRR7910035.6064732",82.609,92,16,0,451,542,1,276,2.16e-40,150,"TAC102","R2",451,542,1,276,92,276,276,TRUE
"TAC102","SRR7910035.17808398",92.929,99,7,0,772,870,2,298,2.38e-40,150,"TAC102","R2",772,870,298,2,99,297,297,TRUE
"TAC102","SRR7910035.22335386",89.157,83,9,0,191,273,3,251,2.45e-40,150,"TAC102","R2",191,273,251,3,83,249,249,TRUE
"TAC102","SRR7910035.1576866",96.939,98,3,0,160,257,3,296,2.5e-40,150,"TAC102","R2",160,257,3,296,98,294,294,TRUE
"TAC102","SRR7910035.1589443",87.952,83,10,0,827,909,3,251,2.54e-40,150,"TAC102","R2",827,909,3,251,83,249,249,TRUE
"TAC102","SRR7910035.6681693",86,100,14,0,472,571,2,301,2.57e-40,150,"TAC102","R2",472,571,2,301,100,300,300,TRUE
"TAC102","SRR7910035.19676510",94.949,99,5,0,160,258,3,299,2.65e-40,150,"TAC102","R2",160,258,3,299,99,297,297,TRUE
"TAC102","SRR7910035.6845852",97.26,73,2,0,1,73,1,219,2.65e-40,150,"TAC102","R2",1,73,219,1,73,219,219,TRUE
"TAC102","SRR7910035.9367776",90,100,10,0,150,249,1,300,2.94e-40,150,"TAC102","R2",150,249,1,300,100,300,300,TRUE
"TAC102","SRR7910035.6454750",79,100,21,0,458,557,2,301,2.97e-40,150,"TAC102","R2",458,557,301,2,100,300,300,TRUE
"TAC102","SRR7910035.4750416",89,100,11,0,772,871,1,300,3.03e-40,150,"TAC102","R2",772,871,300,1,100,300,300,TRUE
"TAC102","SRR7910035.25582412",100,69,0,0,837,905,1,207,3.39e-40,149,"TAC102","R2",837,905,207,1,69,207,207,TRUE
"TAC102","SRR7910035.28112104",97.98,99,2,0,781,879,3,299,4.06e-40,149,"TAC102","R2",781,879,3,299,99,297,297,TRUE
"TAC102","SRR7910035.25399725",88.776,98,11,0,158,255,2,295,4.25e-40,149,"TAC102","R2",158,255,2,295,98,294,294,TRUE
"TAC102","SRR7910035.23537647",93.506,77,5,0,816,892,1,231,4.79e-40,149,"TAC102","R2",816,892,231,1,77,231,231,TRUE
"TAC102","SRR7910035.21661888",98.611,72,1,0,1,72,3,218,6.04e-40,149,"TAC102","R2",1,72,218,3,72,216,216,TRUE
"TAC102","SRR7910035.9709118",80.808,99,19,0,484,582,3,299,6.52e-40,149,"TAC102","R2",484,582,299,3,99,297,297,TRUE
"TAC102","SRR7910035.14577897",87.629,97,12,0,855,951,7,297,6.53e-40,149,"TAC102","R2",855,951,297,7,97,291,291,TRUE
"TAC102","SRR7910035.11406950",87.755,98,12,0,144,241,3,296,7.13e-40,149,"TAC102","R2",144,241,3,296,98,294,294,TRUE
"TAC102","SRR7910035.11862603",98,100,2,0,773,872,2,301,8.25e-40,149,"TAC102","R2",773,872,2,301,100,300,300,TRUE
"TAC102","SRR7910035.13527606",98.63,73,1,0,576,648,81,299,8.66e-40,149,"TAC102","R2",576,648,299,81,73,219,219,TRUE
"TAC102","SRR7910035.22552878",89.796,98,10,0,101,198,3,296,8.83e-40,149,"TAC102","R2",101,198,296,3,98,294,294,TRUE
"TAC102","SRR7910035.2051268",78.788,99,21,0,473,571,2,298,8.9e-40,149,"TAC102","R2",473,571,2,298,99,297,297,TRUE
"TAC102","SRR7910035.6537663",98.63,73,1,0,576,648,3,221,9.18e-40,149,"TAC102","R2",576,648,3,221,73,219,219,TRUE
"TAC102","SRR7910035.25079752",98.63,73,1,0,575,647,2,220,9.45e-40,149,"TAC102","R2",575,647,2,220,73,219,219,TRUE
"TAC102","SRR7910035.28085684",81.72,93,17,0,552,644,2,280,9.83e-40,148,"TAC102","R2",552,644,2,280,93,279,279,TRUE
"TAC102","SRR7910035.7808474",82.955,88,15,0,370,457,3,266,1.03e-39,148,"TAC102","R2",370,457,3,266,88,264,264,TRUE
"TAC102","SRR7910035.7160933",88.889,99,11,0,153,251,2,298,1.41e-39,148,"TAC102","R2",153,251,2,298,99,297,297,TRUE
"TAC102","SRR7910035.13062929",86.517,89,10,1,509,597,3,263,1.42e-39,148,"TAC102","R2",509,597,263,3,89,261,267,FALSE
"TAC102","SRR7910035.23444484",98.63,73,1,0,576,648,2,220,1.58e-39,148,"TAC102","R2",576,648,2,220,73,219,219,TRUE
"TAC102","SRR7910035.10735145",80.208,96,19,0,26,121,1,288,1.85e-39,147,"TAC102","R2",26,121,1,288,96,288,288,TRUE
"TAC102","SRR7910035.7885261",97.26,73,2,0,576,648,2,220,1.87e-39,147,"TAC102","R2",576,648,2,220,73,219,219,TRUE
"TAC102","SRR7910035.23867700",76.531,98,23,0,223,320,3,296,2.67e-39,147,"TAC102","R2",223,320,3,296,98,294,294,TRUE
"TAC102","SRR7910035.12343262",98.611,72,1,0,576,647,2,217,2.7e-39,147,"TAC102","R2",576,647,2,217,72,216,216,TRUE
"TAC102","SRR7910035.1609617",96.552,87,3,0,156,242,2,262,2.89e-39,147,"TAC102","R2",156,242,2,262,87,261,261,TRUE
"TAC102","SRR7910035.7000129",83.908,87,14,0,65,151,3,263,2.98e-39,147,"TAC102","R2",65,151,263,3,87,261,261,TRUE
"TAC102","SRR7910035.4968023",97.26,73,2,0,576,648,2,220,2.98e-39,147,"TAC102","R2",576,648,2,220,73,219,219,TRUE
"TAC102","SRR7910035.13066449",79.762,84,17,0,851,934,3,254,3.03e-39,147,"TAC102","R2",851,934,3,254,84,252,252,TRUE
"TAC102","SRR7910035.23447627",84.375,96,15,0,484,579,3,290,3.38e-39,147,"TAC102","R2",484,579,290,3,96,288,288,TRUE
"TAC102","SRR7910035.5730537",91.753,97,8,0,149,245,3,293,3.58e-39,147,"TAC102","R2",149,245,3,293,97,291,291,TRUE
"TAC102","SRR7910035.1828928",98,100,2,0,770,869,2,301,3.65e-39,147,"TAC102","R2",770,869,2,301,100,300,300,TRUE
"TAC102","SRR7910035.22739383",77,100,23,0,70,169,1,300,3.83e-39,147,"TAC102","R2",70,169,1,300,100,300,300,TRUE
"TAC102","SRR7910035.27586962",83.871,93,15,0,554,646,2,280,4.02e-39,147,"TAC102","R2",554,646,2,280,93,279,279,TRUE
"TAC102","SRR7910035.20850791",86,100,14,0,164,263,2,301,4.14e-39,147,"TAC102","R2",164,263,2,301,100,300,300,TRUE
"TAC102","SRR7910035.20799603",94.595,74,4,0,812,885,79,300,4.52e-39,147,"TAC102","R2",812,885,79,300,74,222,222,TRUE
"TAC102","SRR7910035.5226135",99,100,1,0,769,868,2,301,5.18e-39,146,"TAC102","R2",769,868,2,301,100,300,300,TRUE
"TAC102","SRR7910035.28125103",76.768,99,23,0,489,587,2,298,5.54e-39,146,"TAC102","R2",489,587,298,2,99,297,297,TRUE
"TAC102","SRR7910035.24186092",85.567,97,14,0,3,99,2,292,5.99e-39,146,"TAC102","R2",3,99,2,292,97,291,291,TRUE
"TAC102","SRR7910035.27461394",84.694,98,15,0,160,257,1,294,6.11e-39,146,"TAC102","R2",160,257,1,294,98,294,294,TRUE
"TAC102","SRR7910035.24846487",89,100,11,0,134,233,1,300,6.23e-39,146,"TAC102","R2",134,233,300,1,100,300,300,TRUE
"TAC102","SRR7910035.10966908",94.595,74,4,0,1,74,75,296,6.98e-39,146,"TAC102","R2",1,74,75,296,74,222,222,TRUE
"TAC102","SRR7910035.26511626",87,100,13,0,138,237,1,300,7.06e-39,146,"TAC102","R2",138,237,300,1,100,300,300,TRUE
"TAC102","SRR7910035.12454559",99,100,1,0,767,866,1,300,8.02e-39,146,"TAC102","R2",767,866,1,300,100,300,300,TRUE
"TAC102","SRR7910035.15309942",80.682,88,17,0,458,545,4,267,1.17e-38,145,"TAC102","R2",458,545,267,4,88,264,264,TRUE
"TAC102","SRR7910035.316502",100,72,0,0,190,261,3,218,1.19e-38,145,"TAC102","R2",190,261,218,3,72,216,216,TRUE
"TAC102","SRR7910035.19489611",93.056,72,5,0,863,934,54,269,1.21e-38,145,"TAC102","R2",863,934,54,269,72,216,216,TRUE
"TAC102","SRR7910035.19129345",82.796,93,16,0,497,589,1,279,1.21e-38,145,"TAC102","R2",497,589,279,1,93,279,279,TRUE
"TAC102","SRR7910035.9264363",93.421,76,5,0,573,648,1,228,1.3e-38,145,"TAC102","R2",573,648,1,228,76,228,228,TRUE
"TAC102","SRR7910035.8862271",88.542,96,11,0,109,204,2,289,1.63e-38,145,"TAC102","R2",109,204,289,2,96,288,288,TRUE
"TAC102","SRR7910035.27472286",77.778,99,22,0,298,396,1,297,1.66e-38,145,"TAC102","R2",298,396,297,1,99,297,297,TRUE
"TAC102","SRR7910035.14807881",84.884,86,13,0,199,284,2,259,2.18e-38,144,"TAC102","R2",199,284,259,2,86,258,258,TRUE
"TAC102","SRR7910035.1780368",100,82,0,0,144,225,1,246,2.26e-38,144,"TAC102","R2",144,225,246,1,82,246,246,TRUE
"TAC102","SRR7910035.6852762",85.714,98,14,0,144,241,3,296,2.45e-38,144,"TAC102","R2",144,241,3,296,98,294,294,TRUE
"TAC102","SRR7910035.1525954",78,100,22,0,515,614,2,301,2.45e-38,144,"TAC102","R2",515,614,2,301,100,300,300,TRUE
"TAC102","SRR7910035.17260597",74.747,99,25,0,243,341,2,298,2.57e-38,144,"TAC102","R2",243,341,298,2,99,297,297,TRUE
"TAC102","SRR7910035.16998286",98.571,70,1,0,542,611,3,212,2.69e-38,143,"TAC102","R2",542,611,3,212,70,210,210,TRUE
"TAC102","SRR7910035.7412463",93.243,74,5,0,1,74,80,301,2.75e-38,144,"TAC102","R2",1,74,80,301,74,222,222,TRUE
"TAC102","SRR7910035.23917583",90.789,76,7,0,812,887,60,287,2.81e-38,144,"TAC102","R2",812,887,60,287,76,228,228,TRUE
"TAC102","SRR7910035.23768244",93.243,74,5,0,812,885,80,301,2.83e-38,144,"TAC102","R2",812,885,80,301,74,222,222,TRUE
"TAC102","SRR7910035.26042406",80.435,92,18,0,192,283,3,278,2.95e-38,144,"TAC102","R2",192,283,278,3,92,276,276,TRUE
"TAC102","SRR7910035.8781412",83,100,17,0,211,310,2,301,3.06e-38,144,"TAC102","R2",211,310,2,301,100,300,300,TRUE
"TAC102","SRR7910035.2221137",77.895,95,21,0,35,129,5,289,3.31e-38,144,"TAC102","R2",35,129,5,289,95,285,285,TRUE
"TAC102","SRR7910035.1311221",81.609,87,16,0,812,898,41,301,3.65e-38,144,"TAC102","R2",812,898,41,301,87,261,261,TRUE
"TAC102","SRR7910035.12014716",98.78,82,1,0,870,951,2,247,4.02e-38,144,"TAC102","R2",870,951,2,247,82,246,246,TRUE
"TAC102","SRR7910035.23897460",73,100,27,0,224,323,2,301,4.84e-38,144,"TAC102","R2",224,323,2,301,100,300,300,TRUE
"TAC102","SRR7910035.25250350",95.349,86,4,0,866,951,42,299,4.88e-38,144,"TAC102","R2",866,951,299,42,86,258,258,TRUE
"TAC102","SRR7910035.16983683",86.598,97,13,0,163,259,3,293,5.08e-38,144,"TAC102","R2",163,259,3,293,97,291,291,TRUE
"TAC102","SRR7910035.17350606",87.778,90,11,0,1,90,32,301,5.65e-38,143,"TAC102","R2",1,90,32,301,90,270,270,TRUE
"TAC102","SRR7910035.22269065",97.222,72,2,0,94,165,3,218,6.66e-38,143,"TAC102","R2",94,165,218,3,72,216,216,TRUE
"TAC102","SRR7910035.23907778",74.725,91,23,0,842,932,2,274,7.71e-38,143,"TAC102","R2",842,932,274,2,91,273,273,TRUE
"TAC102","SRR7910035.18221750",93.151,73,5,0,1,73,75,293,7.86e-38,143,"TAC102","R2",1,73,75,293,73,219,219,TRUE
"TAC102","SRR7910035.27568063",89.474,76,8,0,1,76,22,249,8.4e-38,143,"TAC102","R2",1,76,22,249,76,228,228,TRUE
"TAC102","SRR7910035.22197709",95.181,83,4,0,869,951,1,249,9.09e-38,143,"TAC102","R2",869,951,1,249,83,249,249,TRUE
"TAC102","SRR7910035.23120410",82.558,86,15,0,559,644,1,258,1.04e-37,142,"TAC102","R2",559,644,1,258,86,258,258,TRUE
"TAC102","SRR7910035.23545207",76.768,99,23,0,50,148,2,298,1.13e-37,142,"TAC102","R2",50,148,2,298,99,297,297,TRUE
"TAC102","SRR7910035.739665",95.238,84,4,0,118,201,3,254,1.15e-37,142,"TAC102","R2",118,201,3,254,84,252,252,TRUE
"TAC102","SRR7910035.17236270",83,100,17,0,164,263,2,301,1.26e-37,142,"TAC102","R2",164,263,2,301,100,300,300,TRUE
"TAC102","SRR7910035.13732076",85.714,98,14,0,160,257,1,294,1.26e-37,142,"TAC102","R2",160,257,1,294,98,294,294,TRUE
"TAC102","SRR7910035.4880137",94.949,99,5,0,777,875,3,299,1.34e-37,142,"TAC102","R2",777,875,3,299,99,297,297,TRUE
"TAC102","SRR7910035.11403111",90.667,75,7,0,569,643,1,225,1.37e-37,142,"TAC102","R2",569,643,1,225,75,225,225,TRUE
"TAC102","SRR7910035.4262522",96,100,4,0,773,872,2,301,1.48e-37,142,"TAC102","R2",773,872,2,301,100,300,300,TRUE
"TAC102","SRR7910035.27353135",93.103,87,6,0,865,951,40,300,1.49e-37,142,"TAC102","R2",865,951,300,40,87,261,261,TRUE
"TAC102","SRR7910035.3278572",95,100,5,0,735,834,2,301,1.64e-37,142,"TAC102","R2",735,834,2,301,100,300,300,TRUE
"TAC102","SRR7910035.22389892",85.859,99,14,0,149,247,3,299,1.74e-37,142,"TAC102","R2",149,247,3,299,99,297,297,TRUE
"TAC102","SRR7910035.10307632",100,80,0,0,872,951,3,242,1.74e-37,142,"TAC102","R2",872,951,3,242,80,240,240,TRUE
"TAC102","SRR7910035.9020260",99,100,1,0,752,851,2,301,1.76e-37,142,"TAC102","R2",752,851,2,301,100,300,300,TRUE
"TAC102","SRR7910035.2320332",97,100,3,0,764,863,1,300,1.79e-37,142,"TAC102","R2",764,863,1,300,100,300,300,TRUE
"TAC102","SRR7910035.3228559",87.342,79,10,0,1,79,62,298,1.83e-37,142,"TAC102","R2",1,79,62,298,79,237,237,TRUE
"TAC102","SRR7910035.5895073",83.505,97,16,0,459,555,2,292,1.87e-37,142,"TAC102","R2",459,555,292,2,97,291,291,TRUE
"TAC102","SRR7910035.2552875",97.98,99,2,0,759,857,1,297,1.94e-37,142,"TAC102","R2",759,857,1,297,99,297,297,TRUE
"TAC102","SRR7910035.26817417",82.828,99,17,0,137,235,1,297,2.12e-37,142,"TAC102","R2",137,235,1,297,99,297,297,TRUE
"TAC102","SRR7910035.7921789",92.105,76,6,0,573,648,72,299,2.47e-37,142,"TAC102","R2",573,648,299,72,76,228,228,TRUE
"TAC102","SRR7910035.14100745",86.022,93,13,0,859,951,21,299,2.59e-37,142,"TAC102","R2",859,951,299,21,93,279,279,TRUE
"TAC102","SRR7910035.22428683",74,100,26,0,537,636,2,301,2.67e-37,141,"TAC102","R2",537,636,301,2,100,300,300,TRUE
"TAC102","SRR7910035.8651673",91.892,74,6,0,575,648,80,301,2.94e-37,141,"TAC102","R2",575,648,301,80,74,222,222,TRUE
"TAC102","SRR7910035.9155800",92.105,76,6,0,573,648,72,299,3e-37,141,"TAC102","R2",573,648,299,72,76,228,228,TRUE
"TAC102","SRR7910035.18958105",75.758,99,24,0,219,317,2,298,3.54e-37,141,"TAC102","R2",219,317,298,2,99,297,297,TRUE
"TAC102","SRR7910035.13141423",86,100,14,0,128,227,2,301,3.61e-37,141,"TAC102","R2",128,227,301,2,100,300,300,TRUE
"TAC102","SRR7910035.25008459",72.727,99,27,0,490,588,3,299,3.86e-37,141,"TAC102","R2",490,588,299,3,99,297,297,TRUE
"TAC102","SRR7910035.14928006",100,81,0,0,155,235,2,244,3.97e-37,140,"TAC102","R2",155,235,244,2,81,243,243,TRUE
"TAC102","SRR7910035.2918464",88.764,89,10,0,177,265,1,267,4.22e-37,141,"TAC102","R2",177,265,267,1,89,267,267,TRUE
"TAC102","SRR7910035.28264650",76,100,24,0,218,317,2,301,4.56e-37,141,"TAC102","R2",218,317,2,301,100,300,300,TRUE
"TAC102","SRR7910035.1614492",80.612,98,19,0,373,470,2,295,4.83e-37,141,"TAC102","R2",373,470,295,2,98,294,294,TRUE
"TAC102","SRR7910035.1664376",94.595,74,4,0,575,648,3,224,5.98e-37,140,"TAC102","R2",575,648,3,224,74,222,222,TRUE
"TAC102","SRR7910035.8365417",81,100,19,0,205,304,2,301,6.1e-37,140,"TAC102","R2",205,304,2,301,100,300,300,TRUE
"TAC102","SRR7910035.19635848",94,100,6,0,735,834,2,301,7.85e-37,140,"TAC102","R2",735,834,2,301,100,300,300,TRUE
"TAC102","SRR7910035.4944350",76.768,99,23,0,485,583,1,297,8e-37,140,"TAC102","R2",485,583,297,1,99,297,297,TRUE
"TAC102","SRR7910035.19754103",72,100,28,0,476,575,1,300,8.16e-37,140,"TAC102","R2",476,575,300,1,100,300,300,TRUE
"TAC102","SRR7910035.4615786",82.653,98,17,0,517,614,3,296,8.24e-37,140,"TAC102","R2",517,614,296,3,98,294,294,TRUE
"TAC102","SRR7910035.23455844",96,100,4,0,770,869,1,300,8.74e-37,140,"TAC102","R2",770,869,1,300,100,300,300,TRUE
"TAC102","SRR7910035.9850839",87.368,95,12,0,142,236,2,286,8.74e-37,140,"TAC102","R2",142,236,286,2,95,285,285,TRUE
"TAC102","SRR7910035.24610298",74.227,97,25,0,421,517,2,292,9.63e-37,140,"TAC102","R2",421,517,2,292,97,291,291,TRUE
"TAC102","SRR7910035.4925746",97,100,3,0,756,855,2,301,1.09e-36,140,"TAC102","R2",756,855,2,301,100,300,300,TRUE
"TAC102","SRR7910035.18609792",73.737,99,26,0,250,348,3,299,1.1e-36,140,"TAC102","R2",250,348,3,299,99,297,297,TRUE
"TAC102","SRR7910035.26539055",79.545,88,18,0,450,537,3,266,1.14e-36,140,"TAC102","R2",450,537,266,3,88,264,264,TRUE
"TAC102","SRR7910035.4633568",100,99,0,0,752,850,5,301,1.17e-36,140,"TAC102","R2",752,850,5,301,99,297,297,TRUE
"TAC102","SRR7910035.11218954",71.717,99,28,0,278,376,3,299,1.22e-36,140,"TAC102","R2",278,376,299,3,99,297,297,TRUE
"TAC102","SRR7910035.15240162",71.717,99,28,0,834,932,2,298,1.29e-36,139,"TAC102","R2",834,932,298,2,99,297,297,TRUE
"TAC102","SRR7910035.12977286",97.561,82,2,0,870,951,2,247,1.39e-36,139,"TAC102","R2",870,951,2,247,82,246,246,TRUE
"TAC102","SRR7910035.5096542",84.848,99,15,0,167,265,3,299,1.62e-36,139,"TAC102","R2",167,265,3,299,99,297,297,TRUE
"TAC102","SRR7910035.4358870",98.507,67,1,0,271,337,1,201,1.66e-36,138,"TAC102","R2",271,337,201,1,67,201,201,TRUE
"TAC102","SRR7910035.27866912",92.233,103,4,1,783,885,1,297,1.77e-36,139,"TAC102","R2",783,885,1,297,103,297,309,FALSE
"TAC102","SRR7910035.14282885",97.959,98,2,0,758,855,3,296,2.05e-36,139,"TAC102","R2",758,855,3,296,98,294,294,TRUE
"TAC102","SRR7910035.27829777",100,66,0,0,293,358,2,199,2.25e-36,137,"TAC102","R2",293,358,2,199,66,198,198,TRUE
"TAC102","SRR7910035.17724243",97.143,70,2,0,579,648,2,211,2.29e-36,138,"TAC102","R2",579,648,2,211,70,210,210,TRUE
"TAC102","SRR7910035.12324543",84.848,99,15,0,159,257,3,299,2.45e-36,139,"TAC102","R2",159,257,3,299,99,297,297,TRUE
"TAC102","SRR7910035.16852579",85.714,98,14,0,98,195,1,294,2.57e-36,139,"TAC102","R2",98,195,294,1,98,294,294,TRUE
"TAC102","SRR7910035.16698267",89.13,92,10,0,150,241,1,276,2.62e-36,139,"TAC102","R2",150,241,1,276,92,276,276,TRUE
"TAC102","SRR7910035.21664370",69.697,99,30,0,192,290,2,298,3.03e-36,139,"TAC102","R2",192,290,298,2,99,297,297,TRUE
"TAC102","SRR7910035.20322236",72.727,99,27,0,499,597,1,297,3.57e-36,138,"TAC102","R2",499,597,297,1,99,297,297,TRUE
"TAC102","SRR7910035.17330545",69.697,99,30,0,496,594,2,298,4.13e-36,138,"TAC102","R2",496,594,2,298,99,297,297,TRUE
"TAC102","SRR7910035.21997285",86.076,79,11,0,812,890,65,301,4.25e-36,138,"TAC102","R2",812,890,65,301,79,237,237,TRUE
"TAC102","SRR7910035.27365040",97.143,70,2,0,579,648,2,211,4.34e-36,138,"TAC102","R2",579,648,2,211,70,210,210,TRUE
"TAC102","SRR7910035.21996863",77.778,90,20,0,385,474,1,270,4.42e-36,138,"TAC102","R2",385,474,1,270,90,270,270,TRUE
"TAC102","SRR7910035.24197645",98.529,68,1,0,581,648,1,204,5.02e-36,138,"TAC102","R2",581,648,1,204,68,204,204,TRUE
"TAC102","SRR7910035.3097700",100,78,0,0,874,951,1,234,5.06e-36,138,"TAC102","R2",874,951,1,234,78,234,234,TRUE
"TAC102","SRR7910035.5675315",81,100,19,0,148,247,1,300,7.11e-36,137,"TAC102","R2",148,247,300,1,100,300,300,TRUE
"TAC102","SRR7910035.28209739",79,100,21,0,266,365,1,300,7.54e-36,137,"TAC102","R2",266,365,1,300,100,300,300,TRUE
"TAC102","SRR7910035.3520646",86.25,80,11,0,569,648,1,240,8.07e-36,137,"TAC102","R2",569,648,1,240,80,240,240,TRUE
"TAC102","SRR7910035.24362670",72,100,28,0,39,138,2,301,1.14e-35,137,"TAC102","R2",39,138,2,301,100,300,300,TRUE
"TAC102","SRR7910035.25408472",71.717,99,28,0,419,517,3,299,1.35e-35,137,"TAC102","R2",419,517,3,299,99,297,297,TRUE
"TAC102","SRR7910035.4274240",98.529,68,1,0,581,648,3,206,1.45e-35,135,"TAC102","R2",581,648,206,3,68,204,204,TRUE
"TAC102","SRR7910035.2284802",81.609,87,16,0,562,648,40,300,1.53e-35,136,"TAC102","R2",562,648,300,40,87,261,261,TRUE
"TAC102","SRR7910035.5977918",98.507,67,1,0,582,648,3,203,1.82e-35,136,"TAC102","R2",582,648,3,203,67,201,201,TRUE
"TAC102","SRR7910035.3195333",95.876,97,4,0,733,829,10,300,1.97e-35,136,"TAC102","R2",733,829,10,300,97,291,291,TRUE
"TAC102","SRR7910035.4267801",82.353,85,15,0,196,280,47,301,2.01e-35,136,"TAC102","R2",196,280,47,301,85,255,255,TRUE
"TAC102","SRR7910035.2774596",92.857,98,7,0,733,830,5,298,2.22e-35,136,"TAC102","R2",733,830,5,298,98,294,294,TRUE
"TAC102","SRR7910035.15130819",84.694,98,15,0,69,166,3,296,2.46e-35,136,"TAC102","R2",69,166,296,3,98,294,294,TRUE
"TAC102","SRR7910035.24764410",97.98,99,2,0,746,844,3,299,2.74e-35,136,"TAC102","R2",746,844,3,299,99,297,297,TRUE
"TAC102","SRR7910035.6163487",98.485,66,1,0,1,66,2,199,2.8e-35,135,"TAC102","R2",1,66,199,2,66,198,198,TRUE
"TAC102","SRR7910035.283127",97.015,67,2,0,1,67,101,301,2.88e-35,135,"TAC102","R2",1,67,101,301,67,201,201,TRUE
"TAC102","SRR7910035.18061279",87.179,78,10,0,571,648,67,300,2.94e-35,135,"TAC102","R2",571,648,300,67,78,234,234,TRUE
"TAC102","SRR7910035.8750465",95,100,5,0,747,846,1,300,2.99e-35,135,"TAC102","R2",747,846,300,1,100,300,300,TRUE
"TAC102","SRR7910035.16902188",95,100,5,0,769,868,2,301,3.57e-35,135,"TAC102","R2",769,868,2,301,100,300,300,TRUE
"TAC102","SRR7910035.8057985",79.798,99,20,0,500,598,3,299,3.57e-35,135,"TAC102","R2",500,598,3,299,99,297,297,TRUE
"TAC102","SRR7910035.4017648",98.485,66,1,0,1,66,103,300,3.93e-35,135,"TAC102","R2",1,66,103,300,66,198,198,TRUE
"TAC102","SRR7910035.17953239",80.612,98,19,0,153,250,3,296,3.97e-35,135,"TAC102","R2",153,250,3,296,98,294,294,TRUE
"TAC102","SRR7910035.22714728",98.485,66,1,0,1,66,2,199,4.12e-35,135,"TAC102","R2",1,66,199,2,66,198,198,TRUE
"TAC102","SRR7910035.7813623",82.828,99,17,0,149,247,2,298,4.41e-35,135,"TAC102","R2",149,247,2,298,99,297,297,TRUE
"TAC102","SRR7910035.13942725",76.744,86,20,0,268,353,2,259,6.08e-35,135,"TAC102","R2",268,353,259,2,86,258,258,TRUE
"TAC102","SRR7910035.20950749",95,100,5,0,764,863,2,301,6.97e-35,135,"TAC102","R2",764,863,2,301,100,300,300,TRUE
"TAC102","SRR7910035.24906112",70.408,98,29,0,473,570,1,294,7.68e-35,134,"TAC102","R2",473,570,294,1,98,294,294,TRUE
"TAC102","SRR7910035.13541798",97,100,3,0,741,840,2,301,7.98e-35,134,"TAC102","R2",741,840,2,301,100,300,300,TRUE
"TAC102","SRR7910035.27341245",97.98,99,2,0,753,851,2,298,8.38e-35,134,"TAC102","R2",753,851,2,298,99,297,297,TRUE
"TAC102","SRR7910035.896354",71.429,98,28,0,98,195,2,295,8.63e-35,134,"TAC102","R2",98,195,2,295,98,294,294,TRUE
"TAC102","SRR7910035.5634600",71,100,29,0,486,585,2,301,9.23e-35,134,"TAC102","R2",486,585,2,301,100,300,300,TRUE
"TAC102","SRR7910035.9435505",98.485,66,1,0,583,648,3,200,9.69e-35,134,"TAC102","R2",583,648,3,200,66,198,198,TRUE
"TAC102","SRR7910035.24175391",70.213,94,28,0,405,498,1,282,1.39e-34,134,"TAC102","R2",405,498,282,1,94,282,282,TRUE
"TAC102","SRR7910035.19818522",79.798,99,20,0,443,541,3,299,1.56e-34,134,"TAC102","R2",443,541,299,3,99,297,297,TRUE
"TAC102","SRR7910035.901617",95.588,68,3,0,1,68,95,298,1.64e-34,134,"TAC102","R2",1,68,95,298,68,204,204,TRUE
"TAC102","SRR7910035.12225327",73.684,95,25,0,494,588,3,287,1.74e-34,134,"TAC102","R2",494,588,3,287,95,285,285,TRUE
"TAC102","SRR7910035.2570996",94.949,99,5,0,756,854,1,297,1.77e-34,134,"TAC102","R2",756,854,1,297,99,297,297,TRUE
"TAC102","SRR7910035.4595306",91,100,9,0,773,872,2,301,1.8e-34,133,"TAC102","R2",773,872,2,301,100,300,300,TRUE
"TAC102","SRR7910035.18734778",95.588,68,3,0,581,648,97,300,2.32e-34,133,"TAC102","R2",581,648,300,97,68,204,204,TRUE
"TAC102","SRR7910035.22767256",98.462,65,1,0,1,65,104,298,2.34e-34,133,"TAC102","R2",1,65,104,298,65,195,195,TRUE
"TAC102","SRR7910035.23299453",81.818,99,18,0,772,870,1,297,2.77e-34,133,"TAC102","R2",772,870,297,1,99,297,297,TRUE
"TAC102","SRR7910035.484007",100,76,0,0,876,951,3,230,2.9e-34,133,"TAC102","R2",876,951,3,230,76,228,228,TRUE
"TAC102","SRR7910035.25476343",81.633,98,18,0,119,216,3,296,2.96e-34,133,"TAC102","R2",119,216,296,3,98,294,294,TRUE
"TAC102","SRR7910035.8694530",80.723,83,16,0,91,173,3,251,2.96e-34,133,"TAC102","R2",91,173,3,251,83,249,249,TRUE
"TAC102","SRR7910035.25990512",81.443,97,18,0,139,235,3,293,3.11e-34,133,"TAC102","R2",139,235,3,293,97,291,291,TRUE
"TAC102","SRR7910035.24747185",98.701,77,1,0,875,951,2,232,3.59e-34,132,"TAC102","R2",875,951,2,232,77,231,231,TRUE
"TAC102","SRR7910035.7706798",69.697,99,30,0,421,519,5,301,3.74e-34,132,"TAC102","R2",421,519,5,301,99,297,297,TRUE
"TAC102","SRR7910035.22207389",97.015,67,2,0,582,648,2,202,4e-34,132,"TAC102","R2",582,648,2,202,67,201,201,TRUE
"TAC102","SRR7910035.6195782",87.097,62,8,0,108,169,116,301,4.82e-34,112,"TAC102","R2",108,169,301,116,62,186,186,TRUE
"TAC102","SRR7910035.6195782",100,38,0,0,170,207,3,116,4.82e-34,56.2,"TAC102","R2",170,207,116,3,38,114,114,TRUE
"TAC102","SRR7910035.20643311",82.895,76,13,0,544,619,1,228,5.15e-34,132,"TAC102","R2",544,619,228,1,76,228,228,TRUE
"TAC102","SRR7910035.4841776",83.505,97,16,0,98,194,3,293,5.2e-34,132,"TAC102","R2",98,194,293,3,97,291,291,TRUE
"TAC102","SRR7910035.4285739",97,100,3,0,748,847,1,300,5.3e-34,132,"TAC102","R2",748,847,1,300,100,300,300,TRUE
"TAC102","SRR7910035.13001310",78.571,84,18,0,1,84,49,300,6.01e-34,132,"TAC102","R2",1,84,49,300,84,252,252,TRUE
"TAC102","SRR7910035.15127064",78.571,84,18,0,562,645,1,252,6.76e-34,132,"TAC102","R2",562,645,252,1,84,252,252,TRUE
"TAC102","SRR7910035.24430014",83.951,81,13,0,812,892,58,300,6.82e-34,132,"TAC102","R2",812,892,58,300,81,243,243,TRUE
"TAC102","SRR7910035.25726816",98.98,98,1,0,733,830,5,298,7.08e-34,132,"TAC102","R2",733,830,5,298,98,294,294,TRUE
"TAC102","SRR7910035.8851193",98.98,98,1,0,733,830,5,298,7.08e-34,132,"TAC102","R2",733,830,5,298,98,294,294,TRUE
"TAC102","SRR7910035.6552870",96,100,4,0,742,841,1,300,7.97e-34,132,"TAC102","R2",742,841,1,300,100,300,300,TRUE
"TAC102","SRR7910035.1237944",93.976,83,5,0,869,951,51,299,8.28e-34,132,"TAC102","R2",869,951,299,51,83,249,249,TRUE
"TAC102","SRR7910035.21050663",73.913,92,24,0,550,641,2,277,8.95e-34,131,"TAC102","R2",550,641,2,277,92,276,276,TRUE
"TAC102","SRR7910035.4936808",96.97,99,3,0,738,836,3,299,9.77e-34,131,"TAC102","R2",738,836,3,299,99,297,297,TRUE
"TAC102","SRR7910035.3230482",94.118,68,4,0,581,648,96,299,1.03e-33,131,"TAC102","R2",581,648,299,96,68,204,204,TRUE
"TAC102","SRR7910035.2589252",94.03,67,4,0,1,67,97,297,1.04e-33,131,"TAC102","R2",1,67,97,297,67,201,201,TRUE
"TAC102","SRR7910035.15317478",69.474,95,29,0,244,338,2,286,1.35e-33,131,"TAC102","R2",244,338,2,286,95,285,285,TRUE
"TAC102","SRR7910035.5563497",93.939,99,6,0,762,860,3,299,1.48e-33,131,"TAC102","R2",762,860,3,299,99,297,297,TRUE
"TAC102","SRR7910035.25938519",96.97,66,2,0,583,648,2,199,1.6e-33,130,"TAC102","R2",583,648,2,199,66,198,198,TRUE
"TAC102","SRR7910035.12825483",100,63,0,0,316,378,3,191,2.09e-33,129,"TAC102","R2",316,378,191,3,63,189,189,TRUE
"TAC102","SRR7910035.10927606",71.277,94,27,0,1,94,8,289,2.23e-33,130,"TAC102","R2",1,94,8,289,94,282,282,TRUE
"TAC102","SRR7910035.23922207",91.429,70,6,0,579,648,2,211,2.34e-33,130,"TAC102","R2",579,648,2,211,70,210,210,TRUE
"TAC102","SRR7910035.20447909",96.923,65,2,0,584,648,1,195,2.58e-33,130,"TAC102","R2",584,648,1,195,65,195,195,TRUE
"TAC102","SRR7910035.6794817",78.351,97,21,0,136,232,1,291,2.87e-33,130,"TAC102","R2",136,232,1,291,97,291,291,TRUE
"TAC102","SRR7910035.1073667",96.97,99,3,0,735,833,3,299,2.87e-33,130,"TAC102","R2",735,833,3,299,99,297,297,TRUE
"TAC102","SRR7910035.3303096",95.96,99,4,0,733,831,1,297,3.26e-33,130,"TAC102","R2",733,831,1,297,99,297,297,TRUE
"TAC102","SRR7910035.7308151",96.875,64,2,0,1,64,2,193,3.52e-33,130,"TAC102","R2",1,64,193,2,64,192,192,TRUE
"TAC102","SRR7910035.5677201",96.203,79,3,0,132,210,2,238,4.03e-33,129,"TAC102","R2",132,210,238,2,79,237,237,TRUE
"TAC102","SRR7910035.17001583",71.429,98,28,0,516,613,3,296,4.19e-33,129,"TAC102","R2",516,613,3,296,98,294,294,TRUE
"TAC102","SRR7910035.16505288",98.667,75,1,0,877,951,77,301,4.62e-33,129,"TAC102","R2",877,951,301,77,75,225,225,TRUE
"TAC102","SRR7910035.20311598",79.57,93,19,0,391,483,3,281,4.66e-33,129,"TAC102","R2",391,483,281,3,93,279,279,TRUE
"TAC102","SRR7910035.13993021",81,100,19,0,113,212,1,300,4.85e-33,129,"TAC102","R2",113,212,300,1,100,300,300,TRUE
"TAC102","SRR7910035.6532656",96.97,99,3,0,737,835,3,299,5.95e-33,129,"TAC102","R2",737,835,3,299,99,297,297,TRUE
"TAC102","SRR7910035.13357257",73.077,104,23,1,163,266,1,297,6.68e-33,129,"TAC102","R2",163,266,297,1,104,297,312,FALSE
"TAC102","SRR7910035.8825402",86.111,72,10,0,1,72,59,274,7.15e-33,129,"TAC102","R2",1,72,59,274,72,216,216,TRUE
"TAC102","SRR7910035.22746261",91.919,99,8,0,762,860,3,299,7.51e-33,129,"TAC102","R2",762,860,3,299,99,297,297,TRUE
"TAC102","SRR7910035.5530541",96,100,4,0,735,834,2,301,7.96e-33,129,"TAC102","R2",735,834,2,301,100,300,300,TRUE
"TAC102","SRR7910035.394384",66,100,34,0,73,172,1,300,8.19e-33,129,"TAC102","R2",73,172,300,1,100,300,300,TRUE
"TAC102","SRR7910035.24107071",93.939,66,4,0,1,66,104,301,8.52e-33,129,"TAC102","R2",1,66,104,301,66,198,198,TRUE
"TAC102","SRR7910035.17542274",94.949,99,5,0,747,845,3,299,9.75e-33,129,"TAC102","R2",747,845,299,3,99,297,297,TRUE
"TAC102","SRR7910035.18342240",97.959,98,2,0,743,840,1,294,1.07e-32,128,"TAC102","R2",743,840,1,294,98,294,294,TRUE
"TAC102","SRR7910035.18462282",100,74,0,0,878,951,2,223,1.13e-32,128,"TAC102","R2",878,951,2,223,74,222,222,TRUE
"TAC102","SRR7910035.21695520",82.716,81,14,0,467,547,2,244,1.18e-32,128,"TAC102","R2",467,547,244,2,81,243,243,TRUE
"TAC102","SRR7910035.23869750",66.667,96,32,0,258,353,2,289,1.32e-32,128,"TAC102","R2",258,353,2,289,96,288,288,TRUE
"TAC102","SRR7910035.15436240",96.923,65,2,0,584,648,1,195,1.34e-32,128,"TAC102","R2",584,648,1,195,65,195,195,TRUE
"TAC102","SRR7910035.11480682",84,100,16,0,176,275,1,300,1.34e-32,128,"TAC102","R2",176,275,1,300,100,300,300,TRUE
"TAC102","SRR7910035.4855456",70.213,94,28,0,444,537,1,282,1.47e-32,128,"TAC102","R2",444,537,282,1,94,282,282,TRUE
"TAC102","SRR7910035.24442018",91.837,98,8,0,781,878,1,294,1.73e-32,128,"TAC102","R2",781,878,1,294,98,294,294,TRUE
"TAC102","SRR7910035.15288858",68.75,96,30,0,548,643,3,290,1.88e-32,127,"TAC102","R2",548,643,3,290,96,288,288,TRUE
"TAC102","SRR7910035.18361746",98.413,63,1,0,586,648,3,191,1.94e-32,127,"TAC102","R2",586,648,3,191,63,189,189,TRUE
"TAC102","SRR7910035.3878593",86.667,75,10,0,574,648,75,299,2.14e-32,127,"TAC102","R2",574,648,299,75,75,225,225,TRUE
"TAC102","SRR7910035.1102085",67.01,97,32,0,223,319,2,292,2.63e-32,127,"TAC102","R2",223,319,292,2,97,291,291,TRUE
"TAC102","SRR7910035.23521289",98.413,63,1,0,586,648,3,191,2.65e-32,127,"TAC102","R2",586,648,3,191,63,189,189,TRUE
"TAC102","SRR7910035.13295221",77.32,97,22,0,855,951,9,299,2.65e-32,127,"TAC102","R2",855,951,299,9,97,291,291,TRUE
"TAC102","SRR7910035.25599306",91.176,68,6,0,812,879,66,269,2.76e-32,127,"TAC102","R2",812,879,66,269,68,204,204,TRUE
"TAC102","SRR7910035.9666101",96.825,63,2,0,1,63,2,190,3.8e-32,127,"TAC102","R2",1,63,190,2,63,189,189,TRUE
"TAC102","SRR7910035.1417226",79.381,97,20,0,106,202,9,299,4.22e-32,127,"TAC102","R2",106,202,299,9,97,291,291,TRUE
"TAC102","SRR7910035.23886727",63.265,98,36,0,193,290,2,295,4.44e-32,127,"TAC102","R2",193,290,295,2,98,294,294,TRUE
"TAC102","SRR7910035.9194580",98.63,73,1,0,879,951,1,219,4.75e-32,127,"TAC102","R2",879,951,1,219,73,219,219,TRUE
"TAC102","SRR7910035.4178940",66.327,98,33,0,220,317,1,294,4.84e-32,126,"TAC102","R2",220,317,294,1,98,294,294,TRUE
"TAC102","SRR7910035.6572817",97.938,97,2,0,733,829,9,299,5.28e-32,126,"TAC102","R2",733,829,9,299,97,291,291,TRUE
"TAC102","SRR7910035.6756469",84.091,88,14,0,114,201,2,265,6.05e-32,126,"TAC102","R2",114,201,265,2,88,264,264,TRUE
"TAC102","SRR7910035.24810254",95.876,97,4,0,733,829,9,299,6.11e-32,126,"TAC102","R2",733,829,9,299,97,291,291,TRUE
"TAC102","SRR7910035.9483022",100,61,0,0,109,169,2,184,7.79e-32,124,"TAC102","R2",109,169,184,2,61,183,183,TRUE
"TAC102","SRR7910035.28195715",95.312,64,3,0,1,64,108,299,8.26e-32,126,"TAC102","R2",1,64,108,299,64,192,192,TRUE
"TAC102","SRR7910035.24377766",74.419,86,22,0,195,280,3,260,9.28e-32,125,"TAC102","R2",195,280,260,3,86,258,258,TRUE
"TAC102","SRR7910035.7758162",98.387,62,1,0,587,648,3,188,9.46e-32,125,"TAC102","R2",587,648,3,188,62,186,186,TRUE
"TAC102","SRR7910035.149546",97.802,91,2,0,774,864,2,274,1.16e-31,125,"TAC102","R2",774,864,2,274,91,273,273,TRUE
"TAC102","SRR7910035.25988092",96.825,63,2,0,585,647,2,190,1.26e-31,125,"TAC102","R2",585,647,2,190,63,189,189,TRUE
"TAC102","SRR7910035.24535248",98.361,61,1,0,1,61,3,185,1.27e-31,125,"TAC102","R2",1,61,185,3,61,183,183,TRUE
"TAC102","SRR7910035.3522774",98.387,62,1,0,587,648,3,188,1.38e-31,125,"TAC102","R2",587,648,3,188,62,186,186,TRUE
"TAC102","SRR7910035.7651409",81.081,74,14,0,1,74,78,299,1.49e-31,125,"TAC102","R2",1,74,78,299,74,222,222,TRUE
"TAC102","SRR7910035.27927144",98.361,61,1,0,1,61,1,183,1.6e-31,125,"TAC102","R2",1,61,183,1,61,183,183,TRUE
"TAC102","SRR7910035.28293019",80.808,99,19,0,124,222,3,299,1.78e-31,125,"TAC102","R2",124,222,299,3,99,297,297,TRUE
"TAC102","SRR7910035.22685505",69.792,96,29,0,192,287,13,300,1.83e-31,125,"TAC102","R2",192,287,300,13,96,288,288,TRUE
"TAC102","SRR7910035.24293954",98.361,61,1,0,1,61,3,185,2.06e-31,125,"TAC102","R2",1,61,185,3,61,183,183,TRUE
"TAC102","SRR7910035.15762148",92.308,65,5,0,1,65,107,301,2.36e-31,124,"TAC102","R2",1,65,107,301,65,195,195,TRUE
"TAC102","SRR7910035.19505079",100,56,0,0,844,899,2,169,2.48e-31,123,"TAC102","R2",844,899,169,2,56,168,168,TRUE
"TAC102","SRR7910035.6508867",100,72,0,0,880,951,2,217,2.52e-31,124,"TAC102","R2",880,951,2,217,72,216,216,TRUE
"TAC102","SRR7910035.10330268",95.238,63,3,0,1,63,112,300,2.65e-31,124,"TAC102","R2",1,63,112,300,63,189,189,TRUE
"TAC102","SRR7910035.8084481",96.875,96,3,0,733,828,13,300,2.83e-31,124,"TAC102","R2",733,828,13,300,96,288,288,TRUE
"TAC102","SRR7910035.14471903",98.361,61,1,0,1,61,3,185,2.89e-31,124,"TAC102","R2",1,61,185,3,61,183,183,TRUE
"TAC102","SRR7910035.21316447",92,100,8,0,740,839,2,301,3.65e-31,124,"TAC102","R2",740,839,2,301,100,300,300,TRUE
"TAC102","SRR7910035.25320361",92.929,99,7,0,737,835,3,299,4.51e-31,124,"TAC102","R2",737,835,3,299,99,297,297,TRUE
"TAC102","SRR7910035.19154563",100,59,0,0,218,276,1,177,5.05e-31,122,"TAC102","R2",218,276,177,1,59,177,177,TRUE
"TAC102","SRR7910035.742309",77.778,99,22,0,166,264,2,298,5.76e-31,123,"TAC102","R2",166,264,2,298,99,297,297,TRUE
"TAC102","SRR7910035.18176479",98.611,72,1,0,879,950,3,218,6.1e-31,123,"TAC102","R2",879,950,3,218,72,216,216,TRUE
"TAC102","SRR7910035.18162620",98.333,60,1,0,27,86,2,181,7.44e-31,122,"TAC102","R2",27,86,181,2,60,180,180,TRUE
"TAC102","SRR7910035.10616733",100,71,0,0,134,204,1,213,7.6e-31,122,"TAC102","R2",134,204,213,1,71,213,213,TRUE
"TAC102","SRR7910035.1431577",78.788,99,21,0,100,198,2,298,7.7e-31,123,"TAC102","R2",100,198,298,2,99,297,297,TRUE
"TAC102","SRR7910035.11872550",100,71,0,0,881,951,3,215,8.91e-31,123,"TAC102","R2",881,951,3,215,71,213,213,TRUE
"TAC102","SRR7910035.14060314",100,60,0,0,201,260,1,180,9.48e-31,121,"TAC102","R2",201,260,180,1,60,180,180,TRUE
"TAC102","SRR7910035.621828",96.774,62,2,0,587,648,1,186,1.08e-30,122,"TAC102","R2",587,648,1,186,62,186,186,TRUE
"TAC102","SRR7910035.26526536",100,59,0,0,311,369,2,178,1.15e-30,121,"TAC102","R2",311,369,178,2,59,177,177,TRUE
"TAC102","SRR7910035.12817112",98.333,60,1,0,1,60,3,182,1.18e-30,122,"TAC102","R2",1,60,182,3,60,180,180,TRUE
"TAC102","SRR7910035.18124976",65.263,95,33,0,412,506,3,287,2.07e-30,122,"TAC102","R2",412,506,287,3,95,285,285,TRUE
"TAC102","SRR7910035.13868528",98.305,59,1,0,1,59,78,254,2.15e-30,121,"TAC102","R2",1,59,78,254,59,177,177,TRUE
"TAC102","SRR7910035.18396492",98.305,59,1,0,1,59,122,298,2.24e-30,122,"TAC102","R2",1,59,122,298,59,177,177,TRUE
"TAC102","SRR7910035.5899111",98.305,59,1,0,1,59,123,299,2.24e-30,122,"TAC102","R2",1,59,123,299,59,177,177,TRUE
"TAC102","SRR7910035.18343993",98.592,71,1,0,174,244,1,213,2.44e-30,120,"TAC102","R2",174,244,213,1,71,213,213,TRUE
"TAC102","SRR7910035.9526096",90.769,65,6,0,1,65,2,196,2.54e-30,122,"TAC102","R2",1,65,196,2,65,195,195,TRUE
"TAC102","SRR7910035.13469211",96.721,61,2,0,1,61,117,299,2.62e-30,122,"TAC102","R2",1,61,117,299,61,183,183,TRUE
"TAC102","SRR7910035.27946751",77.551,98,22,0,768,865,3,296,2.91e-30,121,"TAC102","R2",768,865,296,3,98,294,294,TRUE
"TAC102","SRR7910035.11150057",98.305,59,1,0,1,59,3,179,3.18e-30,121,"TAC102","R2",1,59,179,3,59,177,177,TRUE
"TAC102","SRR7910035.247450",91,100,9,0,748,847,1,300,4.09e-30,121,"TAC102","R2",748,847,1,300,100,300,300,TRUE
"TAC102","SRR7910035.15013082",81.818,88,16,0,864,951,36,299,4.92e-30,121,"TAC102","R2",864,951,299,36,88,264,264,TRUE
"TAC102","SRR7910035.27597236",84.81,79,12,0,542,620,2,238,5.02e-30,121,"TAC102","R2",542,620,238,2,79,237,237,TRUE
"TAC102","SRR7910035.6527814",88.06,67,8,0,1,67,2,202,5.58e-30,120,"TAC102","R2",1,67,202,2,67,201,201,TRUE
"TAC102","SRR7910035.24874934",86.154,65,9,0,822,886,103,297,6.52e-30,120,"TAC102","R2",822,886,103,297,65,195,195,TRUE
"TAC102","SRR7910035.15670205",92.105,76,6,0,876,951,71,298,6.65e-30,120,"TAC102","R2",876,951,298,71,76,228,228,TRUE
"TAC102","SRR7910035.14246843",88.889,99,11,0,760,858,3,299,6.98e-30,120,"TAC102","R2",760,858,3,299,99,297,297,TRUE
"TAC102","SRR7910035.11515483",100,69,0,0,883,951,35,241,7.23e-30,120,"TAC102","R2",883,951,241,35,69,207,207,TRUE
"TAC102","SRR7910035.14347708",97.872,94,2,0,733,826,18,299,8e-30,120,"TAC102","R2",733,826,18,299,94,282,282,TRUE
"TAC102","SRR7910035.18531907",72.727,99,27,0,161,259,3,299,8.32e-30,120,"TAC102","R2",161,259,3,299,99,297,297,TRUE
"TAC102","SRR7910035.8944822",93.333,75,5,0,573,647,2,226,1.07e-29,120,"TAC102","R2",573,647,2,226,75,225,225,TRUE
"TAC102","SRR7910035.17731786",100,69,0,0,883,951,2,208,1.27e-29,120,"TAC102","R2",883,951,2,208,69,207,207,TRUE
"TAC102","SRR7910035.11087343",100,69,0,0,883,951,2,208,1.27e-29,120,"TAC102","R2",883,951,2,208,69,207,207,TRUE
"TAC102","SRR7910035.8035030",86.735,98,13,0,777,874,3,296,1.3e-29,119,"TAC102","R2",777,874,3,296,98,294,294,TRUE
"TAC102","SRR7910035.7984595",78.125,96,21,0,139,234,2,289,1.36e-29,119,"TAC102","R2",139,234,289,2,96,288,288,TRUE
"TAC102","SRR7910035.21722998",84.848,99,15,0,782,880,2,298,1.39e-29,119,"TAC102","R2",782,880,2,298,99,297,297,TRUE
"TAC102","SRR7910035.22034836",98.305,59,1,0,590,648,2,178,2.22e-29,119,"TAC102","R2",590,648,2,178,59,177,177,TRUE
"TAC102","SRR7910035.26593003",77,100,23,0,166,265,1,300,2.42e-29,119,"TAC102","R2",166,265,1,300,100,300,300,TRUE
"TAC102","SRR7910035.7844392",66.292,89,30,0,459,547,35,301,2.49e-29,119,"TAC102","R2",459,547,301,35,89,267,267,TRUE
"TAC102","SRR7910035.19865064",96.739,92,3,0,733,824,23,298,2.72e-29,119,"TAC102","R2",733,824,23,298,92,276,276,TRUE
"TAC102","SRR7910035.18258653",65.979,97,33,0,485,581,3,293,3.78e-29,118,"TAC102","R2",485,581,3,293,97,291,291,TRUE
"TAC102","SRR7910035.3269599",93.75,96,6,0,734,829,2,289,3.86e-29,118,"TAC102","R2",734,829,2,289,96,288,288,TRUE
"TAC102","SRR7910035.4760048",98.551,69,1,0,882,950,3,209,3.93e-29,118,"TAC102","R2",882,950,3,209,69,207,207,TRUE
"TAC102","SRR7910035.26733004",95.294,85,4,0,733,817,47,301,4.29e-29,118,"TAC102","R2",733,817,47,301,85,255,255,TRUE
"TAC102","SRR7910035.492732",65,100,35,0,24,123,1,300,4.68e-29,118,"TAC102","R2",24,123,1,300,100,300,300,TRUE
"TAC102","SRR7910035.20252504",98.305,59,1,0,590,648,1,177,5.06e-29,118,"TAC102","R2",590,648,1,177,59,177,177,TRUE
"TAC102","SRR7910035.25779626",89.011,91,10,0,733,823,25,297,5.97e-29,118,"TAC102","R2",733,823,25,297,91,273,273,TRUE
"TAC102","SRR7910035.19164768",73.75,80,21,0,98,177,3,242,6.52e-29,117,"TAC102","R2",98,177,3,242,80,240,240,TRUE
"TAC102","SRR7910035.13682295",84.694,98,15,0,767,864,2,295,6.58e-29,117,"TAC102","R2",767,864,2,295,98,294,294,TRUE
"TAC102","SRR7910035.2267154",74.713,87,22,0,552,638,3,263,6.58e-29,117,"TAC102","R2",552,638,3,263,87,261,261,TRUE
"TAC102","SRR7910035.6068583",87.692,65,8,0,114,178,2,196,6.91e-29,117,"TAC102","R2",114,178,2,196,65,195,195,TRUE
"TAC102","SRR7910035.25919532",98.246,57,1,0,1,57,2,172,7.32e-29,117,"TAC102","R2",1,57,172,2,57,171,171,TRUE
"TAC102","SRR7910035.10340574",98.246,57,1,0,582,638,2,172,1.23e-28,115,"TAC102","R2",582,638,172,2,57,171,171,TRUE
"TAC102","SRR7910035.24953523",97.143,70,2,0,177,246,3,212,1.5e-28,117,"TAC102","R2",177,246,212,3,70,210,210,TRUE
"TAC102","SRR7910035.10406425",74.49,98,25,0,152,249,1,294,1.67e-28,116,"TAC102","R2",152,249,1,294,98,294,294,TRUE
"TAC102","SRR7910035.1124397",100,57,0,0,379,435,2,172,1.87e-28,115,"TAC102","R2",379,435,172,2,57,171,171,TRUE
"TAC102","SRR7910035.23058718",98.214,56,1,0,1,56,2,169,2.28e-28,116,"TAC102","R2",1,56,169,2,56,168,168,TRUE
"TAC102","SRR7910035.15775664",67.368,95,31,0,314,408,3,287,3.05e-28,115,"TAC102","R2",314,408,287,3,95,285,285,TRUE
"TAC102","SRR7910035.18166100",92.063,63,5,0,586,648,31,219,3.17e-28,115,"TAC102","R2",586,648,219,31,63,189,189,TRUE
"TAC102","SRR7910035.16979072",90.909,77,7,0,875,951,69,299,3.4e-28,115,"TAC102","R2",875,951,299,69,77,231,231,TRUE
"TAC102","SRR7910035.7462970",92.958,71,5,0,881,951,3,215,3.4e-28,115,"TAC102","R2",881,951,3,215,71,213,213,TRUE
"TAC102","SRR7910035.24996420",98.214,56,1,0,1,56,3,170,3.53e-28,115,"TAC102","R2",1,56,170,3,56,168,168,TRUE
"TAC102","SRR7910035.6107668",98.214,56,1,0,1,56,1,168,3.89e-28,115,"TAC102","R2",1,56,168,1,56,168,168,TRUE
"TAC102","SRR7910035.27323566",93.478,92,6,0,733,824,23,298,4.25e-28,115,"TAC102","R2",733,824,23,298,92,276,276,TRUE
"TAC102","SRR7910035.12232782",98.214,56,1,0,1,56,3,170,4.5e-28,115,"TAC102","R2",1,56,170,3,56,168,168,TRUE
"TAC102","SRR7910035.3256620",90.323,62,6,0,587,648,109,294,4.82e-28,115,"TAC102","R2",587,648,294,109,62,186,186,TRUE
"TAC102","SRR7910035.4642267",92.045,88,7,0,733,820,32,295,5.01e-28,115,"TAC102","R2",733,820,32,295,88,264,264,TRUE
"TAC102","SRR7910035.13404921",91.667,60,5,0,1,60,119,298,5.79e-28,115,"TAC102","R2",1,60,119,298,60,180,180,TRUE
"TAC102","SRR7910035.9295551",98.246,57,1,0,592,648,3,173,5.96e-28,115,"TAC102","R2",592,648,3,173,57,171,171,TRUE
"TAC102","SRR7910035.9277722",61.616,99,38,0,483,581,4,300,5.96e-28,115,"TAC102","R2",483,581,300,4,99,297,297,TRUE
"TAC102","SRR7910035.14746969",95.699,93,4,0,747,839,1,279,7.04e-28,115,"TAC102","R2",747,839,279,1,93,279,279,TRUE
"TAC102","SRR7910035.13293979",64.286,98,35,0,49,146,1,294,8.06e-28,114,"TAC102","R2",49,146,1,294,98,294,294,TRUE
"TAC102","SRR7910035.15399173",96.552,58,2,0,591,648,2,175,9.42e-28,114,"TAC102","R2",591,648,2,175,58,174,174,TRUE
"TAC102","SRR7910035.6207520",94.203,69,4,0,883,951,3,209,1.02e-27,114,"TAC102","R2",883,951,3,209,69,207,207,TRUE
"TAC102","SRR7910035.28240888",68,100,32,0,111,210,1,300,1.19e-27,114,"TAC102","R2",111,210,1,300,100,300,300,TRUE
"TAC102","SRR7910035.21813203",88.889,99,11,0,736,834,1,297,1.2e-27,114,"TAC102","R2",736,834,1,297,99,297,297,TRUE
"TAC102","SRR7910035.5772330",93.443,61,4,0,588,648,116,298,1.24e-27,114,"TAC102","R2",588,648,298,116,61,183,183,TRUE
"TAC102","SRR7910035.23542305",90.323,62,6,0,587,648,113,298,1.58e-27,114,"TAC102","R2",587,648,298,113,62,186,186,TRUE
"TAC102","SRR7910035.22917200",98.182,55,1,0,1,55,3,167,2.41e-27,112,"TAC102","R2",1,55,167,3,55,165,165,TRUE
"TAC102","SRR7910035.11983327",65,100,35,0,40,139,1,300,3.74e-27,112,"TAC102","R2",40,139,300,1,100,300,300,TRUE
"TAC102","SRR7910035.13274399",98.507,67,1,0,885,951,2,202,4.12e-27,112,"TAC102","R2",885,951,2,202,67,201,201,TRUE
"TAC102","SRR7910035.22112914",90.323,62,6,0,585,646,3,188,4.16e-27,112,"TAC102","R2",585,646,3,188,62,186,186,TRUE
"TAC102","SRR7910035.1407421",100,53,0,0,554,606,2,160,4.21e-27,111,"TAC102","R2",554,606,2,160,53,159,159,TRUE
"TAC102","SRR7910035.22691580",80.556,72,14,0,576,647,85,300,4.41e-27,112,"TAC102","R2",576,647,300,85,72,216,216,TRUE
"TAC102","SRR7910035.3421399",76.344,93,22,0,556,648,1,279,6.08e-27,112,"TAC102","R2",556,648,1,279,93,279,279,TRUE
"TAC102","SRR7910035.3290393",84.81,79,12,0,130,208,1,237,6.51e-27,112,"TAC102","R2",130,208,237,1,79,237,237,TRUE
"TAC102","SRR7910035.11312982",96.552,58,2,0,591,648,2,175,6.76e-27,112,"TAC102","R2",591,648,2,175,58,174,174,TRUE
"TAC102","SRR7910035.19029756",100,65,0,0,887,951,3,197,1.17e-26,111,"TAC102","R2",887,951,3,197,65,195,195,TRUE
"TAC102","SRR7910035.18927447",100,65,0,0,887,951,2,196,1.17e-26,111,"TAC102","R2",887,951,2,196,65,195,195,TRUE
"TAC102","SRR7910035.6757694",100,65,0,0,887,951,2,196,1.17e-26,111,"TAC102","R2",887,951,2,196,65,195,195,TRUE
"TAC102","SRR7910035.21584664",89.062,64,7,0,585,648,1,192,1.21e-26,111,"TAC102","R2",585,648,1,192,64,192,192,TRUE
"TAC102","SRR7910035.9898672",63.636,99,36,0,32,130,1,297,1.21e-26,111,"TAC102","R2",32,130,1,297,99,297,297,TRUE
"TAC102","SRR7910035.19884767",83.824,68,11,0,581,648,97,300,1.28e-26,111,"TAC102","R2",581,648,300,97,68,204,204,TRUE
"TAC102","SRR7910035.3172370",94.203,69,4,0,883,951,2,208,1.72e-26,110,"TAC102","R2",883,951,2,208,69,207,207,TRUE
"TAC102","SRR7910035.7275823",100,65,0,0,884,948,3,197,1.79e-26,110,"TAC102","R2",884,948,3,197,65,195,195,TRUE
"TAC102","SRR7910035.1442435",76.19,84,20,0,868,951,49,300,1.84e-26,110,"TAC102","R2",868,951,300,49,84,252,252,TRUE
"TAC102","SRR7910035.4878213",68.687,99,31,0,771,869,3,299,2.39e-26,110,"TAC102","R2",771,869,3,299,99,297,297,TRUE
"TAC102","SRR7910035.17075209",83.582,67,11,0,1,67,101,301,2.77e-26,110,"TAC102","R2",1,67,101,301,67,201,201,TRUE
"TAC102","SRR7910035.1910326",87.5,64,8,0,585,648,108,299,2.79e-26,110,"TAC102","R2",585,648,299,108,64,192,192,TRUE
"TAC102","SRR7910035.16128068",69.412,85,26,0,562,646,1,255,2.82e-26,110,"TAC102","R2",562,646,1,255,85,255,255,TRUE
"TAC102","SRR7910035.17310111",96.97,66,2,0,886,951,104,301,2.9e-26,110,"TAC102","R2",886,951,301,104,66,198,198,TRUE
"TAC102","SRR7910035.8970509",100,53,0,0,61,113,1,159,3.29e-26,108,"TAC102","R2",61,113,159,1,53,159,159,TRUE
"TAC102","SRR7910035.21033183",68.235,85,27,0,557,641,2,256,3.36e-26,110,"TAC102","R2",557,641,2,256,85,255,255,TRUE
"TAC102","SRR7910035.1553953",71,100,29,0,135,234,1,300,3.6e-26,110,"TAC102","R2",135,234,300,1,100,300,300,TRUE
"TAC102","SRR7910035.24364885",98.81,84,1,0,762,845,2,253,5.11e-26,108,"TAC102","R2",762,845,2,253,84,252,252,TRUE
"TAC102","SRR7910035.4384499",96.364,55,2,0,1,55,133,297,6.02e-26,109,"TAC102","R2",1,55,133,297,55,165,165,TRUE
"TAC102","SRR7910035.16583750",96.341,82,3,0,733,814,51,296,6.5e-26,109,"TAC102","R2",733,814,51,296,82,246,246,TRUE
"TAC102","SRR7910035.15816719",98.113,53,1,0,1,53,2,160,7.97e-26,108,"TAC102","R2",1,53,160,2,53,159,159,TRUE
"TAC102","SRR7910035.26053908",100,64,0,0,888,951,3,194,8.87e-26,108,"TAC102","R2",888,951,3,194,64,192,192,TRUE
"TAC102","SRR7910035.1470286",88.136,59,7,0,1,59,123,299,9.41e-26,108,"TAC102","R2",1,59,123,299,59,177,177,TRUE
"TAC102","SRR7910035.17432305",79.798,99,20,0,762,860,2,298,1.05e-25,108,"TAC102","R2",762,860,2,298,99,297,297,TRUE
"TAC102","SRR7910035.14534028",61,100,39,0,398,497,1,300,1.05e-25,108,"TAC102","R2",398,497,1,300,100,300,300,TRUE
"TAC102","SRR7910035.17762458",98.246,57,1,0,733,789,28,198,1.18e-25,107,"TAC102","R2",733,789,198,28,57,171,171,TRUE
"TAC102","SRR7910035.22272521",68.041,97,31,0,164,260,2,292,1.26e-25,108,"TAC102","R2",164,260,2,292,97,291,291,TRUE
"TAC102","SRR7910035.10743576",74.118,85,22,0,94,178,35,289,1.26e-25,108,"TAC102","R2",94,178,289,35,85,255,255,TRUE
"TAC102","SRR7910035.16351949",94.898,98,5,0,735,832,3,296,1.33e-25,108,"TAC102","R2",735,832,3,296,98,294,294,TRUE
"TAC102","SRR7910035.13513948",98.246,57,1,0,733,789,75,245,1.39e-25,108,"TAC102","R2",733,789,75,245,57,171,171,TRUE
"TAC102","SRR7910035.4071805",62.626,99,37,0,49,147,3,299,1.39e-25,108,"TAC102","R2",49,147,3,299,99,297,297,TRUE
"TAC102","SRR7910035.8704320",98.246,57,1,0,733,789,92,262,1.43e-25,108,"TAC102","R2",733,789,92,262,57,171,171,TRUE
"TAC102","SRR7910035.20172557",98.113,53,1,0,1,53,3,161,1.62e-25,108,"TAC102","R2",1,53,161,3,53,159,159,TRUE
"TAC102","SRR7910035.25858400",84.127,63,10,0,586,648,97,285,1.65e-25,108,"TAC102","R2",586,648,285,97,63,189,189,TRUE
"TAC102","SRR7910035.11419181",61.616,99,38,0,532,630,3,299,1.72e-25,108,"TAC102","R2",532,630,3,299,99,297,297,TRUE
"TAC102","SRR7910035.5918483",96.25,80,3,0,733,812,62,301,1.72e-25,108,"TAC102","R2",733,812,62,301,80,240,240,TRUE
"TAC102","SRR7910035.15611100",98.246,57,1,0,733,789,20,190,1.72e-25,107,"TAC102","R2",733,789,190,20,57,171,171,TRUE
"TAC102","SRR7910035.4944279",98.246,57,1,0,733,789,131,301,1.73e-25,108,"TAC102","R2",733,789,131,301,57,171,171,TRUE
"TAC102","SRR7910035.12828957",98.246,57,1,0,733,789,101,271,1.75e-25,108,"TAC102","R2",733,789,101,271,57,171,171,TRUE
"TAC102","SRR7910035.382416",98.246,57,1,0,733,789,100,270,1.79e-25,108,"TAC102","R2",733,789,100,270,57,171,171,TRUE
"TAC102","SRR7910035.16836272",98.246,57,1,0,733,789,113,283,1.93e-25,107,"TAC102","R2",733,789,113,283,57,171,171,TRUE
"TAC102","SRR7910035.27147903",67.105,76,25,0,859,934,44,271,2.32e-25,107,"TAC102","R2",859,934,271,44,76,228,228,TRUE
"TAC102","SRR7910035.4637663",98.246,57,1,0,733,789,62,232,2.39e-25,107,"TAC102","R2",733,789,62,232,57,171,171,TRUE
"TAC102","SRR7910035.6808112",98.246,57,1,0,733,789,101,271,2.39e-25,107,"TAC102","R2",733,789,101,271,57,171,171,TRUE
"TAC102","SRR7910035.20432830",87.209,86,11,0,733,818,40,297,2.41e-25,107,"TAC102","R2",733,818,40,297,86,258,258,TRUE
"TAC102","SRR7910035.17741429",98.246,57,1,0,733,789,48,218,2.65e-25,107,"TAC102","R2",733,789,48,218,57,171,171,TRUE
"TAC102","SRR7910035.4328370",98.246,57,1,0,733,789,82,252,2.79e-25,107,"TAC102","R2",733,789,82,252,57,171,171,TRUE
"TAC102","SRR7910035.24141419",98.246,57,1,0,733,789,45,215,3.26e-25,107,"TAC102","R2",733,789,45,215,57,171,171,TRUE
"TAC102","SRR7910035.16449518",98.246,57,1,0,733,789,116,286,3.49e-25,107,"TAC102","R2",733,789,116,286,57,171,171,TRUE
"TAC102","SRR7910035.22844732",98.246,57,1,0,733,789,53,223,3.52e-25,107,"TAC102","R2",733,789,53,223,57,171,171,TRUE
"TAC102","SRR7910035.16096546",100,83,0,0,755,837,2,250,3.7e-25,107,"TAC102","R2",755,837,2,250,83,249,249,TRUE
"TAC102","SRR7910035.17282359",98.246,57,1,0,733,789,45,215,3.96e-25,107,"TAC102","R2",733,789,45,215,57,171,171,TRUE
"TAC102","SRR7910035.10269729",98.246,57,1,0,733,789,44,214,4e-25,107,"TAC102","R2",733,789,44,214,57,171,171,TRUE
"TAC102","SRR7910035.1349839",72.917,96,26,0,753,848,2,289,4.24e-25,107,"TAC102","R2",753,848,2,289,96,288,288,TRUE
"TAC102","SRR7910035.21013201",83,100,17,0,761,860,2,301,4.41e-25,107,"TAC102","R2",761,860,2,301,100,300,300,TRUE
"TAC102","SRR7910035.12848717",83.838,99,16,0,742,840,1,297,4.41e-25,107,"TAC102","R2",742,840,1,297,99,297,297,TRUE
"TAC102","SRR7910035.13224633",96.491,57,2,0,733,789,94,264,4.72e-25,107,"TAC102","R2",733,789,94,264,57,171,171,TRUE
"TAC102","SRR7910035.22694062",98.113,53,1,0,596,648,3,161,5.15e-25,106,"TAC102","R2",596,648,3,161,53,159,159,TRUE
"TAC102","SRR7910035.4704805",75.61,82,20,0,870,951,53,298,5.15e-25,106,"TAC102","R2",870,951,298,53,82,246,246,TRUE
"TAC102","SRR7910035.11593300",90.411,73,7,0,879,951,2,220,5.4e-25,106,"TAC102","R2",879,951,2,220,73,219,219,TRUE
"TAC102","SRR7910035.3347176",98.113,53,1,0,596,648,3,161,6.38e-25,106,"TAC102","R2",596,648,3,161,53,159,159,TRUE
"TAC102","SRR7910035.8362941",63.736,91,32,1,496,586,1,270,6.89e-25,106,"TAC102","R2",496,586,1,270,91,270,273,FALSE
"TAC102","SRR7910035.12763486",63.542,96,35,0,375,470,6,293,7.16e-25,106,"TAC102","R2",375,470,293,6,96,288,288,TRUE
"TAC102","SRR7910035.20028226",96.491,57,2,0,733,789,75,245,7.82e-25,106,"TAC102","R2",733,789,75,245,57,171,171,TRUE
"TAC102","SRR7910035.13715004",98.246,57,1,0,733,789,61,231,8.37e-25,106,"TAC102","R2",733,789,61,231,57,171,171,TRUE
"TAC102","SRR7910035.21299",96.491,57,2,0,733,789,44,214,1.12e-24,105,"TAC102","R2",733,789,214,44,57,171,171,TRUE
"TAC102","SRR7910035.20928857",77.174,92,21,0,155,246,1,276,1.13e-24,105,"TAC102","R2",155,246,276,1,92,276,276,TRUE
"TAC102","SRR7910035.20306786",98.214,56,1,0,733,788,72,239,1.15e-24,105,"TAC102","R2",733,788,72,239,56,168,168,TRUE
"TAC102","SRR7910035.21019197",96.491,57,2,0,733,789,75,245,1.22e-24,105,"TAC102","R2",733,789,75,245,57,171,171,TRUE
"TAC102","SRR7910035.3559571",61.458,96,37,0,192,287,6,293,1.36e-24,105,"TAC102","R2",192,287,293,6,96,288,288,TRUE
"TAC102","SRR7910035.17231508",96.429,56,2,0,734,789,51,218,2.66e-24,104,"TAC102","R2",734,789,218,51,56,168,168,TRUE
"TAC102","SRR7910035.13404247",53,100,47,0,301,400,1,300,2.96e-24,104,"TAC102","R2",301,400,300,1,100,300,300,TRUE
"TAC102","SRR7910035.16290598",98.462,65,1,0,887,951,3,197,3.02e-24,104,"TAC102","R2",887,951,3,197,65,195,195,TRUE
"TAC102","SRR7910035.21294044",96.491,57,2,0,733,789,95,265,3.36e-24,104,"TAC102","R2",733,789,95,265,57,171,171,TRUE
"TAC102","SRR7910035.26336634",96.491,57,2,0,733,789,26,196,3.56e-24,104,"TAC102","R2",733,789,196,26,57,171,171,TRUE
"TAC102","SRR7910035.11156312",98.113,53,1,0,596,648,3,161,3.66e-24,104,"TAC102","R2",596,648,3,161,53,159,159,TRUE
"TAC102","SRR7910035.20046319",65.347,101,33,1,122,222,1,297,4.16e-24,104,"TAC102","R2",122,222,297,1,101,297,303,FALSE
"TAC102","SRR7910035.17770174",96.491,57,2,0,733,789,77,247,4.28e-24,104,"TAC102","R2",733,789,77,247,57,171,171,TRUE
"TAC102","SRR7910035.20578040",94.737,57,3,0,733,789,124,294,5.35e-24,103,"TAC102","R2",733,789,124,294,57,171,171,TRUE
"TAC102","SRR7910035.14437534",72.84,81,22,0,117,197,1,243,5.4e-24,103,"TAC102","R2",117,197,1,243,81,243,243,TRUE
"TAC102","SRR7910035.17011107",76.119,67,16,0,1,67,99,299,6.69e-24,103,"TAC102","R2",1,67,99,299,67,201,201,TRUE
"TAC102","SRR7910035.16467434",71.053,76,22,0,573,648,9,236,6.89e-24,103,"TAC102","R2",573,648,9,236,76,228,228,TRUE
"TAC102","SRR7910035.8621612",90.909,55,5,0,594,648,3,167,7.03e-24,103,"TAC102","R2",594,648,3,167,55,165,165,TRUE
"TAC102","SRR7910035.5419198",94.737,57,3,0,733,789,79,249,7.23e-24,103,"TAC102","R2",733,789,79,249,57,171,171,TRUE
"TAC102","SRR7910035.27920463",98.077,52,1,0,597,648,1,156,7.74e-24,103,"TAC102","R2",597,648,1,156,52,156,156,TRUE
"TAC102","SRR7910035.135796",83.333,60,10,0,1,60,120,299,8.62e-24,103,"TAC102","R2",1,60,120,299,60,180,180,TRUE
"TAC102","SRR7910035.14698894",94.737,57,3,0,733,789,90,260,9.31e-24,103,"TAC102","R2",733,789,90,260,57,171,171,TRUE
"TAC102","SRR7910035.691446",80.952,63,12,0,586,648,104,292,9.31e-24,103,"TAC102","R2",586,648,292,104,63,189,189,TRUE
"TAC102","SRR7910035.15520832",97.959,49,1,0,26,74,3,149,9.47e-24,101,"TAC102","R2",26,74,149,3,49,147,147,TRUE
"TAC102","SRR7910035.22604646",94.737,57,3,0,733,789,105,275,1.05e-23,103,"TAC102","R2",733,789,105,275,57,171,171,TRUE
"TAC102","SRR7910035.18965015",98.039,51,1,0,1,51,1,153,1.21e-23,102,"TAC102","R2",1,51,153,1,51,153,153,TRUE
"TAC102","SRR7910035.18685541",70,90,27,0,199,288,23,292,1.23e-23,102,"TAC102","R2",199,288,292,23,90,270,270,TRUE
"TAC102","SRR7910035.20231549",94.643,56,3,0,733,788,134,301,1.5e-23,102,"TAC102","R2",733,788,134,301,56,168,168,TRUE
"TAC102","SRR7910035.13130688",83.838,99,16,0,748,846,3,299,1.99e-23,102,"TAC102","R2",748,846,3,299,99,297,297,TRUE
"TAC102","SRR7910035.23996653",85.714,70,10,0,882,951,86,295,2.09e-23,102,"TAC102","R2",882,951,295,86,70,210,210,TRUE
"TAC102","SRR7910035.17401799",80,65,13,0,1,65,96,290,4.28e-23,101,"TAC102","R2",1,65,96,290,65,195,195,TRUE
"TAC102","SRR7910035.8740707",100,62,0,0,890,951,3,188,4.95e-23,101,"TAC102","R2",890,951,3,188,62,186,186,TRUE
"TAC102","SRR7910035.8008931",100,62,0,0,890,951,1,186,4.95e-23,101,"TAC102","R2",890,951,1,186,62,186,186,TRUE
"TAC102","SRR7910035.11021101",98.113,53,1,0,733,785,141,299,5.3e-23,100,"TAC102","R2",733,785,141,299,53,159,159,TRUE
"TAC102","SRR7910035.8316518",75.362,69,17,0,521,589,2,208,5.62e-23,100,"TAC102","R2",521,589,2,208,69,207,207,TRUE
"TAC102","SRR7910035.8729990",98.113,53,1,0,733,785,142,300,5.79e-23,100,"TAC102","R2",733,785,142,300,53,159,159,TRUE
"TAC102","SRR7910035.4972024",56.566,99,43,0,51,149,2,298,7.67e-23,100,"TAC102","R2",51,149,2,298,99,297,297,TRUE
"TAC102","SRR7910035.774267",74.227,97,25,0,742,838,2,292,8.45e-23,100,"TAC102","R2",742,838,2,292,97,291,291,TRUE
"TAC102","SRR7910035.19802578",92.982,57,4,0,733,789,32,202,8.7e-23,100,"TAC102","R2",733,789,202,32,57,171,171,TRUE
"TAC102","SRR7910035.19998291",84.746,59,9,0,590,648,125,301,1.8e-22,99.8,"TAC102","R2",590,648,301,125,59,177,177,TRUE
"TAC102","SRR7910035.3705025",100,47,0,0,64,110,1,141,2.76e-22,97.1,"TAC102","R2",64,110,1,141,47,141,141,TRUE
"TAC102","SRR7910035.12625143",89.474,57,6,0,592,648,129,299,2.82e-22,99,"TAC102","R2",592,648,299,129,57,171,171,TRUE
"TAC102","SRR7910035.19382179",97.959,49,1,0,1,49,3,149,2.85e-22,99,"TAC102","R2",1,49,149,3,49,147,147,TRUE
"TAC102","SRR7910035.14652876",97.959,49,1,0,1,49,3,149,2.85e-22,99,"TAC102","R2",1,49,149,3,49,147,147,TRUE
"TAC102","SRR7910035.21207450",65.854,82,28,0,561,642,23,268,2.9e-22,99,"TAC102","R2",561,642,23,268,82,246,246,TRUE
"TAC102","SRR7910035.5437367",80,80,16,0,733,812,62,301,3.08e-22,99,"TAC102","R2",733,812,62,301,80,240,240,TRUE
"TAC102","SRR7910035.21736877",94.545,55,3,0,735,789,4,168,4.81e-22,98.2,"TAC102","R2",735,789,4,168,55,165,165,TRUE
"TAC102","SRR7910035.18832228",76.923,91,21,0,747,837,3,275,6.9e-22,97.8,"TAC102","R2",747,837,3,275,91,273,273,TRUE
"TAC102","SRR7910035.11520189",97.917,48,1,0,1,48,132,275,7.9e-22,97.8,"TAC102","R2",1,48,132,275,48,144,144,TRUE
"TAC102","SRR7910035.12113293",96.226,53,2,0,733,785,138,296,7.98e-22,97.8,"TAC102","R2",733,785,138,296,53,159,159,TRUE
"TAC102","SRR7910035.24449725",96.226,53,2,0,733,785,141,299,8.06e-22,97.8,"TAC102","R2",733,785,141,299,53,159,159,TRUE
"TAC102","SRR7910035.12187750",89.474,57,6,0,733,789,70,240,9.23e-22,97.4,"TAC102","R2",733,789,70,240,57,171,171,TRUE
"TAC102","SRR7910035.15198604",91.071,56,5,0,733,788,134,301,1.05e-21,97.4,"TAC102","R2",733,788,134,301,56,168,168,TRUE
"TAC102","SRR7910035.23719029",76,100,24,0,761,860,2,301,1.17e-21,97.4,"TAC102","R2",761,860,2,301,100,300,300,TRUE
"TAC102","SRR7910035.10899295",97.917,48,1,0,1,48,2,145,1.37e-21,97.1,"TAC102","R2",1,48,145,2,48,144,144,TRUE
"TAC102","SRR7910035.8133016",97.917,48,1,0,1,48,1,144,1.37e-21,97.1,"TAC102","R2",1,48,144,1,48,144,144,TRUE
"TAC102","SRR7910035.18096711",78.351,97,21,0,767,863,2,292,2.11e-21,96.7,"TAC102","R2",767,863,2,292,97,291,291,TRUE
"TAC102","SRR7910035.21792730",96,50,2,0,599,648,3,152,2.13e-21,96.7,"TAC102","R2",599,648,3,152,50,150,150,TRUE
"TAC102","SRR7910035.27323672",98.039,51,1,0,733,783,2,154,2.28e-21,96.3,"TAC102","R2",733,783,154,2,51,153,153,TRUE
"TAC102","SRR7910035.24014285",98.305,59,1,0,893,951,1,177,2.96e-21,95.9,"TAC102","R2",893,951,1,177,59,177,177,TRUE
"TAC102","SRR7910035.9218689",66.667,72,24,0,577,648,3,218,2.96e-21,96.3,"TAC102","R2",577,648,3,218,72,216,216,TRUE
"TAC102","SRR7910035.19015831",95.238,63,3,0,889,951,2,190,3.08e-21,95.9,"TAC102","R2",889,951,2,190,63,189,189,TRUE
"TAC102","SRR7910035.11835878",94.444,54,3,0,733,786,140,301,3.14e-21,95.9,"TAC102","R2",733,786,140,301,54,162,162,TRUE
"TAC102","SRR7910035.11156038",84.746,59,9,0,590,648,125,301,3.97e-21,95.9,"TAC102","R2",590,648,301,125,59,177,177,TRUE
"TAC102","SRR7910035.24099021",87.719,57,7,0,733,789,56,226,7.53e-21,95.1,"TAC102","R2",733,789,56,226,57,171,171,TRUE
"TAC102","SRR7910035.23188174",96.552,58,2,0,894,951,3,176,1.18e-20,94.4,"TAC102","R2",894,951,3,176,58,174,174,TRUE
"TAC102","SRR7910035.13635830",81.159,69,13,0,883,951,92,298,1.44e-20,94,"TAC102","R2",883,951,298,92,69,207,207,TRUE
"TAC102","SRR7910035.4434249",97.917,48,1,0,601,648,3,146,1.66e-20,94,"TAC102","R2",601,648,3,146,48,144,144,TRUE
"TAC102","SRR7910035.13544486",100,57,0,0,895,951,3,173,2.28e-20,93.6,"TAC102","R2",895,951,3,173,57,171,171,TRUE
"TAC102","SRR7910035.2951747",92.453,53,4,0,733,785,143,301,2.47e-20,93.6,"TAC102","R2",733,785,143,301,53,159,159,TRUE
"TAC102","SRR7910035.15282625",60,90,36,0,510,599,2,271,2.67e-20,93.2,"TAC102","R2",510,599,2,271,90,270,270,TRUE
"TAC102","SRR7910035.24697138",97.872,47,1,0,602,648,3,143,2.94e-20,93.2,"TAC102","R2",602,648,3,143,47,141,141,TRUE
"TAC102","SRR7910035.17314253",54.545,99,45,0,298,396,1,297,3.11e-20,93.2,"TAC102","R2",298,396,1,297,99,297,297,TRUE
"TAC102","SRR7910035.13546365",97.826,46,1,0,1,46,3,140,3.33e-20,93.2,"TAC102","R2",1,46,140,3,46,138,138,TRUE
"TAC102","SRR7910035.19880881",97.826,46,1,0,1,46,2,139,3.43e-20,93.2,"TAC102","R2",1,46,139,2,46,138,138,TRUE
"TAC102","SRR7910035.26379612",97.959,49,1,0,733,781,99,245,4.02e-20,92,"TAC102","R2",733,781,99,245,49,147,147,TRUE
"TAC102","SRR7910035.12412106",76.667,60,14,0,1,60,115,294,4.55e-20,92.8,"TAC102","R2",1,60,115,294,60,180,180,TRUE
"TAC102","SRR7910035.20034780",95.745,47,2,0,1,47,161,301,7.62e-20,92,"TAC102","R2",1,47,161,301,47,141,141,TRUE
"TAC102","SRR7910035.10603221",71.717,99,28,0,744,842,3,299,1.02e-19,91.7,"TAC102","R2",744,842,3,299,99,297,297,TRUE
"TAC102","SRR7910035.7983419",97.778,45,1,0,1,45,1,135,1.19e-19,91.7,"TAC102","R2",1,45,135,1,45,135,135,TRUE
"TAC102","SRR7910035.6391675",97.778,45,1,0,1,45,1,135,1.42e-19,91.3,"TAC102","R2",1,45,135,1,45,135,135,TRUE
"TAC102","SRR7910035.23280007",85.714,98,14,0,753,850,2,295,1.76e-19,90.9,"TAC102","R2",753,850,2,295,98,294,294,TRUE
"TAC102","SRR7910035.16416964",84.211,57,9,0,733,789,70,240,1.77e-19,90.9,"TAC102","R2",733,789,240,70,57,171,171,TRUE
"TAC102","SRR7910035.23341845",97.826,46,1,0,603,648,2,139,2.01e-19,90.9,"TAC102","R2",603,648,2,139,46,138,138,TRUE
"TAC102","SRR7910035.26085507",60,95,38,0,201,295,3,287,2.15e-19,90.9,"TAC102","R2",201,295,287,3,95,285,285,TRUE
"TAC102","SRR7910035.22120476",61.458,96,37,0,119,214,9,296,2.54e-19,90.5,"TAC102","R2",119,214,9,296,96,288,288,TRUE
"TAC102","SRR7910035.12873013",88.679,53,6,0,596,648,140,298,3.15e-19,90.5,"TAC102","R2",596,648,298,140,53,159,159,TRUE
"TAC102","SRR7910035.26317054",56.989,93,38,2,463,554,1,276,3.34e-19,90.1,"TAC102","R2",463,554,1,276,92,276,276,TRUE
"TAC102","SRR7910035.7524765",95.918,49,2,0,733,781,154,300,3.47e-19,90.1,"TAC102","R2",733,781,154,300,49,147,147,TRUE
"TAC102","SRR7910035.9890662",100,42,0,0,319,360,3,128,3.66e-19,88.2,"TAC102","R2",319,360,3,128,42,126,126,TRUE
"TAC102","SRR7910035.3730740",85.965,57,8,0,733,789,108,278,3.68e-19,90.1,"TAC102","R2",733,789,108,278,57,171,171,TRUE
"TAC102","SRR7910035.20819473",64.474,76,27,0,570,645,5,232,5.12e-19,89.7,"TAC102","R2",570,645,5,232,76,228,228,TRUE
"TAC102","SRR7910035.24580465",97.872,47,1,0,743,789,3,143,6.28e-19,89.4,"TAC102","R2",743,789,3,143,47,141,141,TRUE
"TAC102","SRR7910035.23438162",97.727,44,1,0,1,44,1,132,8.16e-19,89,"TAC102","R2",1,44,132,1,44,132,132,TRUE
"TAC102","SRR7910035.18347559",97.727,44,1,0,1,44,2,133,8.16e-19,89,"TAC102","R2",1,44,133,2,44,132,132,TRUE
"TAC102","SRR7910035.28186537",89.796,49,5,0,600,648,3,149,1.2e-18,88.6,"TAC102","R2",600,648,3,149,49,147,147,TRUE
"TAC102","SRR7910035.11347640",100,41,0,0,555,595,2,124,1.27e-18,86.7,"TAC102","R2",555,595,2,124,41,123,123,TRUE
"TAC102","SRR7910035.23938954",54,100,46,0,353,452,2,301,1.38e-18,88.6,"TAC102","R2",353,452,301,2,100,300,300,TRUE
"TAC102","SRR7910035.169406",89.796,49,5,0,1,49,154,300,2.29e-18,87.8,"TAC102","R2",1,49,154,300,49,147,147,TRUE
"TAC102","SRR7910035.16711284",100,55,0,0,897,951,1,165,2.98e-18,87.4,"TAC102","R2",897,951,1,165,55,165,165,TRUE
"TAC102","SRR7910035.2969742",85.075,67,10,0,885,951,93,293,3.22e-18,87.4,"TAC102","R2",885,951,293,93,67,201,201,TRUE
"TAC102","SRR7910035.25107688",50.505,99,49,0,389,487,1,297,3.51e-18,87.4,"TAC102","R2",389,487,1,297,99,297,297,TRUE
"TAC102","SRR7910035.1964432",97.727,44,1,0,605,648,1,132,4.43e-18,87,"TAC102","R2",605,648,1,132,44,132,132,TRUE
"TAC102","SRR7910035.25866304",83.019,53,9,0,596,648,133,291,4.74e-18,87,"TAC102","R2",596,648,291,133,53,159,159,TRUE
"TAC102","SRR7910035.23364338",100,40,0,0,107,146,3,122,5.31e-18,84.7,"TAC102","R2",107,146,3,122,40,120,120,TRUE
"TAC102","SRR7910035.22529999",84.314,51,8,0,598,648,144,296,5.82e-18,86.7,"TAC102","R2",598,648,296,144,51,153,153,TRUE
"TAC102","SRR7910035.22620213",81.481,54,10,0,595,648,137,298,6.73e-18,86.7,"TAC102","R2",595,648,298,137,54,162,162,TRUE
"TAC102","SRR7910035.23524473",63.235,68,25,0,866,933,3,206,7.35e-18,86.3,"TAC102","R2",866,933,3,206,68,204,204,TRUE
"TAC102","SRR7910035.25022841",70.312,64,19,0,582,645,105,296,7.71e-18,86.3,"TAC102","R2",582,645,296,105,64,192,192,TRUE
"TAC102","SRR7910035.26367709",85.965,57,8,0,733,789,72,242,8.18e-18,86.3,"TAC102","R2",733,789,242,72,57,171,171,TRUE
"TAC102","SRR7910035.3301201",84.906,53,8,0,595,647,4,162,1.01e-17,85.9,"TAC102","R2",595,647,4,162,53,159,159,TRUE
"TAC102","SRR7910035.23126829",52.632,95,45,0,55,149,1,285,1.63e-17,85.5,"TAC102","R2",55,149,1,285,95,285,285,TRUE
"TAC102","SRR7910035.25109005",61.25,80,31,0,264,343,1,240,2.12e-17,85.1,"TAC102","R2",264,343,240,1,80,240,240,TRUE
"TAC102","SRR7910035.16523222",89.362,47,5,0,1,47,157,297,2.27e-17,85.1,"TAC102","R2",1,47,157,297,47,141,141,TRUE
"TAC102","SRR7910035.21161119",84.211,57,9,0,733,789,77,247,2.48e-17,85.1,"TAC102","R2",733,789,77,247,57,171,171,TRUE
"TAC102","SRR7910035.1970792",97.674,43,1,0,606,648,1,129,2.87e-17,84.7,"TAC102","R2",606,648,1,129,43,129,129,TRUE
"TAC102","SRR7910035.3047923",100,69,0,0,782,850,2,208,3.13e-17,84.7,"TAC102","R2",782,850,2,208,69,207,207,TRUE
"TAC102","SRR7910035.1006171",65.306,98,34,0,733,830,4,297,3.16e-17,84.7,"TAC102","R2",733,830,4,297,98,294,294,TRUE
"TAC102","SRR7910035.23078712",95.455,44,2,0,605,648,3,134,3.48e-17,84.3,"TAC102","R2",605,648,3,134,44,132,132,TRUE
"TAC102","SRR7910035.3381514",97.674,43,1,0,606,648,2,130,3.52e-17,84.3,"TAC102","R2",606,648,2,130,43,129,129,TRUE
"TAC102","SRR7910035.10515909",57.143,98,42,0,141,238,3,296,4.71e-17,84,"TAC102","R2",141,238,3,296,98,294,294,TRUE
"TAC102","SRR7910035.1435419",96.296,54,2,0,898,951,3,164,4.85e-17,84,"TAC102","R2",898,951,3,164,54,162,162,TRUE
"TAC102","SRR7910035.18235913",64.773,88,31,0,485,572,3,266,5.24e-17,84,"TAC102","R2",485,572,3,266,88,264,264,TRUE
"TAC102","SRR7910035.19405178",98.529,68,1,0,784,851,3,206,7.19e-17,82.4,"TAC102","R2",784,851,3,206,68,204,204,TRUE
"TAC102","SRR7910035.21488905",80.702,57,11,0,733,789,98,268,8.52e-17,83.6,"TAC102","R2",733,789,98,268,57,171,171,TRUE
"TAC102","SRR7910035.184623",100,52,0,0,900,951,2,157,8.52e-17,83.6,"TAC102","R2",900,951,2,157,52,156,156,TRUE
"TAC102","SRR7910035.2755832",100,51,0,0,899,949,2,154,9.06e-17,81.6,"TAC102","R2",899,949,154,2,51,153,153,TRUE
"TAC102","SRR7910035.10453860",93.182,44,3,0,1,44,168,299,1.01e-16,83.2,"TAC102","R2",1,44,168,299,44,132,132,TRUE
"TAC102","SRR7910035.19408778",96.364,55,2,0,897,951,3,167,1.41e-16,82.8,"TAC102","R2",897,951,3,167,55,165,165,TRUE
"TAC102","SRR7910035.20818110",80.702,57,11,0,733,789,113,283,2.06e-16,82.4,"TAC102","R2",733,789,113,283,57,171,171,TRUE
"TAC102","SRR7910035.23957110",97.5,40,1,0,1,40,3,122,2.37e-16,82,"TAC102","R2",1,40,122,3,40,120,120,TRUE
"TAC102","SRR7910035.11389957",98.077,52,1,0,900,951,2,157,2.96e-16,82,"TAC102","R2",900,951,2,157,52,156,156,TRUE
"TAC102","SRR7910035.9024915",97.5,40,1,0,1,40,2,121,3.14e-16,81.6,"TAC102","R2",1,40,121,2,40,120,120,TRUE
"TAC102","SRR7910035.20902507",54,100,46,0,14,113,2,301,4.72e-16,81.3,"TAC102","R2",14,113,301,2,100,300,300,TRUE
"TAC102","SRR7910035.4270633",80.357,56,11,0,733,788,125,292,5.9e-16,80.9,"TAC102","R2",733,788,125,292,56,168,168,TRUE
"TAC102","SRR7910035.3433064",95.455,44,2,0,733,776,166,297,7.03e-16,80.9,"TAC102","R2",733,776,166,297,44,132,132,TRUE
"TAC102","SRR7910035.26324186",98.077,52,1,0,900,951,2,157,8.46e-16,80.5,"TAC102","R2",900,951,2,157,52,156,156,TRUE
"TAC102","SRR7910035.16662930",78.947,57,12,0,733,789,63,233,8.71e-16,80.5,"TAC102","R2",733,789,63,233,57,171,171,TRUE
"TAC102","SRR7910035.12937012",97.561,41,1,0,608,648,3,125,8.88e-16,80.5,"TAC102","R2",608,648,3,125,41,123,123,TRUE
"TAC102","SRR7910035.1220550",89.091,55,6,0,897,951,1,165,1.04e-15,80.5,"TAC102","R2",897,951,1,165,55,165,165,TRUE
"TAC102","SRR7910035.26931236",59.77,87,35,0,808,894,32,292,1.32e-15,80.1,"TAC102","R2",808,894,32,292,87,261,261,TRUE
"TAC102","SRR7910035.3927255",97.674,43,1,0,733,775,172,300,1.69e-15,79.7,"TAC102","R2",733,775,172,300,43,129,129,TRUE
"TAC102","SRR7910035.18426459",90.909,55,5,0,897,951,3,167,1.72e-15,79.7,"TAC102","R2",897,951,3,167,55,165,165,TRUE
"TAC102","SRR7910035.18732395",93.023,43,3,0,747,789,1,129,2.1e-15,77.8,"TAC102","R2",747,789,1,129,43,129,129,TRUE
"TAC102","SRR7910035.10151607",74.648,71,18,0,147,217,85,297,2.37e-15,79.3,"TAC102","R2",147,217,85,297,71,213,213,TRUE
"TAC102","SRR7910035.18709505",97.436,39,1,0,1,39,3,119,2.69e-15,79,"TAC102","R2",1,39,119,3,39,117,117,TRUE
"TAC102","SRR7910035.8044420",88.636,44,5,0,605,648,169,300,3.97e-15,78.6,"TAC102","R2",605,648,300,169,44,132,132,TRUE
"TAC102","SRR7910035.23846333",86.667,60,8,0,892,951,2,181,4.01e-15,78.6,"TAC102","R2",892,951,2,181,60,180,180,TRUE
"TAC102","SRR7910035.19431198",100,51,0,0,901,951,3,155,4.46e-15,78.6,"TAC102","R2",901,951,3,155,51,153,153,TRUE
"TAC102","SRR7910035.10334997",97.5,40,1,0,609,648,1,120,5.07e-15,78.2,"TAC102","R2",609,648,1,120,40,120,120,TRUE
"TAC102","SRR7910035.9781281",87.719,57,7,0,895,951,131,301,6.09e-15,78.2,"TAC102","R2",895,951,301,131,57,171,171,TRUE
"TAC102","SRR7910035.18514526",94.34,53,3,0,899,951,138,296,6.33e-15,78.2,"TAC102","R2",899,951,296,138,53,159,159,TRUE
"TAC102","SRR7910035.7801113",52.174,92,44,0,228,319,1,276,6.85e-15,77.8,"TAC102","R2",228,319,276,1,92,276,276,TRUE
"TAC102","SRR7910035.23617185",94.872,39,2,0,1,39,178,294,1.02e-14,77.4,"TAC102","R2",1,39,178,294,39,117,117,TRUE
"TAC102","SRR7910035.2162400",82.222,45,8,0,1,45,165,299,1.07e-14,77.4,"TAC102","R2",1,45,165,299,45,135,135,TRUE
"TAC102","SRR7910035.17795637",79.63,54,11,0,595,648,137,298,1.11e-14,77.4,"TAC102","R2",595,648,298,137,54,162,162,TRUE
"TAC102","SRR7910035.21487088",97.368,38,1,0,1,38,1,114,1.22e-14,77.4,"TAC102","R2",1,38,114,1,38,114,114,TRUE
"TAC102","SRR7910035.13483003",97.368,38,1,0,1,38,186,299,1.22e-14,77.4,"TAC102","R2",1,38,186,299,38,114,114,TRUE
"TAC102","SRR7910035.3634863",97.368,38,1,0,1,38,1,114,1.27e-14,77,"TAC102","R2",1,38,114,1,38,114,114,TRUE
"TAC102","SRR7910035.13234612",75,56,14,0,593,648,119,286,1.64e-14,77,"TAC102","R2",593,648,286,119,56,168,168,TRUE
"TAC102","SRR7910035.28097798",81.25,96,18,0,762,857,2,289,1.94e-14,76.6,"TAC102","R2",762,857,2,289,96,288,288,TRUE
"TAC102","SRR7910035.26966806",100,50,0,0,902,951,1,150,2.38e-14,76.3,"TAC102","R2",902,951,1,150,50,150,150,TRUE
"TAC102","SRR7910035.12630911",100,50,0,0,902,951,1,150,2.38e-14,76.3,"TAC102","R2",902,951,1,150,50,150,150,TRUE
"TAC102","SRR7910035.2322120",95.918,49,2,0,902,950,1,147,2.52e-14,76.3,"TAC102","R2",902,950,1,147,49,147,147,TRUE
"TAC102","SRR7910035.26691707",88.889,54,6,0,898,951,139,300,4.14e-14,75.9,"TAC102","R2",898,951,300,139,54,162,162,TRUE
"TAC102","SRR7910035.195471",56.338,71,31,0,475,545,2,214,4.98e-14,75.5,"TAC102","R2",475,545,2,214,71,213,213,TRUE
"TAC102","SRR7910035.27336957",46.809,94,50,0,481,574,3,284,6.74e-14,75.1,"TAC102","R2",481,574,3,284,94,282,282,TRUE
"TAC102","SRR7910035.3359319",97.368,38,1,0,611,648,3,116,8.34e-14,74.7,"TAC102","R2",611,648,3,116,38,114,114,TRUE
"TAC102","SRR7910035.11607509",86.667,45,6,0,604,648,166,300,8.59e-14,74.7,"TAC102","R2",604,648,300,166,45,135,135,TRUE
"TAC102","SRR7910035.15872796",75.472,53,13,0,596,648,140,298,9.29e-14,74.7,"TAC102","R2",596,648,298,140,53,159,159,TRUE
"TAC102","SRR7910035.26154456",88.636,44,5,0,733,776,168,299,1.27e-13,74.3,"TAC102","R2",733,776,168,299,44,132,132,TRUE
"TAC102","SRR7910035.11023455",54.321,81,37,0,568,648,3,245,1.75e-13,73.9,"TAC102","R2",568,648,3,245,81,243,243,TRUE
"TAC102","SRR7910035.921373",100,35,0,0,812,846,1,105,3.27e-13,71.6,"TAC102","R2",812,846,105,1,35,105,105,TRUE
"TAC102","SRR7910035.20916385",82.222,45,8,0,733,777,166,300,4.81e-13,72.8,"TAC102","R2",733,777,166,300,45,135,135,TRUE
"TAC102","SRR7910035.21625335",70.909,55,16,0,593,647,136,300,5.15e-13,72.8,"TAC102","R2",593,647,300,136,55,165,165,TRUE
"TAC102","SRR7910035.735378",100,48,0,0,904,951,1,144,6.26e-13,72.4,"TAC102","R2",904,951,1,144,48,144,144,TRUE
"TAC102","SRR7910035.4055018",88.095,42,5,0,607,648,176,301,7.6e-13,72,"TAC102","R2",607,648,301,176,42,126,126,TRUE
"TAC102","SRR7910035.19056937",54.839,93,42,0,738,830,2,280,8.88e-13,72,"TAC102","R2",738,830,2,280,93,279,279,TRUE
"TAC102","SRR7910035.11127158",92.683,41,3,0,733,773,178,300,9.14e-13,72,"TAC102","R2",733,773,178,300,41,123,123,TRUE
"TAC102","SRR7910035.17054575",97.959,49,1,0,903,951,3,149,9.23e-13,72,"TAC102","R2",903,951,3,149,49,147,147,TRUE
"TAC102","SRR7910035.10897477",97.297,37,1,0,612,648,2,112,1.26e-12,71.6,"TAC102","R2",612,648,2,112,37,111,111,TRUE
"TAC102","SRR7910035.16198407",97.436,39,1,0,733,771,181,297,1.49e-12,71.2,"TAC102","R2",733,771,181,297,39,117,117,TRUE
"TAC102","SRR7910035.23222270",100,47,0,0,905,951,3,143,3.11e-12,70.5,"TAC102","R2",905,951,3,143,47,141,141,TRUE
"TAC102","SRR7910035.8034353",100,47,0,0,905,951,1,141,3.11e-12,70.5,"TAC102","R2",905,951,1,141,47,141,141,TRUE
"TAC102","SRR7910035.2091587",100,47,0,0,905,951,3,143,3.11e-12,70.5,"TAC102","R2",905,951,3,143,47,141,141,TRUE
"TAC102","SRR7910035.23370566",87.5,40,5,0,1,40,182,301,3.4e-12,70.5,"TAC102","R2",1,40,182,301,40,120,120,TRUE
"TAC102","SRR7910035.20213117",97.222,36,1,0,613,648,3,110,4.25e-12,70.1,"TAC102","R2",613,648,3,110,36,108,108,TRUE
"TAC102","SRR7910035.27127256",91.892,37,3,0,1,37,190,300,4.87e-12,69.7,"TAC102","R2",1,37,190,300,37,111,111,TRUE
"TAC102","SRR7910035.16827767",83.333,54,9,0,898,951,139,300,8.08e-12,69.3,"TAC102","R2",898,951,300,139,54,162,162,TRUE
"TAC102","SRR7910035.14155939",100,33,0,0,1,33,200,298,8.74e-12,68.9,"TAC102","R2",1,33,200,298,33,99,99,TRUE
"TAC102","SRR7910035.13537566",100,33,0,0,1,33,2,100,9.17e-12,68.9,"TAC102","R2",1,33,100,2,33,99,99,TRUE
"TAC102","SRR7910035.26970514",86.842,38,5,0,1,38,187,300,1.2e-11,68.6,"TAC102","R2",1,38,187,300,38,114,114,TRUE
"TAC102","SRR7910035.14046114",97.059,34,1,0,532,565,3,104,1.31e-11,66.6,"TAC102","R2",532,565,104,3,34,102,102,TRUE
"TAC102","SRR7910035.14066955",100,46,0,0,906,951,2,139,1.51e-11,68.6,"TAC102","R2",906,951,2,139,46,138,138,TRUE
"TAC102","SRR7910035.22853680",72.549,51,14,0,597,647,148,300,1.85e-11,68.2,"TAC102","R2",597,647,300,148,51,153,153,TRUE
"TAC102","SRR7910035.12905111",92.308,39,3,0,733,771,183,299,1.94e-11,68.2,"TAC102","R2",733,771,183,299,39,117,117,TRUE
"TAC102","SRR7910035.904988",97.143,35,1,0,614,648,2,106,2.55e-11,67.8,"TAC102","R2",614,648,2,106,35,105,105,TRUE
"TAC102","SRR7910035.9534328",100,32,0,0,1,32,2,97,2.81e-11,67.8,"TAC102","R2",1,32,97,2,32,96,96,TRUE
"TAC102","SRR7910035.3831778",97.143,35,1,0,614,648,1,105,3.84e-11,67.4,"TAC102","R2",614,648,1,105,35,105,105,TRUE
"TAC102","SRR7910035.24328783",100,45,0,0,907,951,1,135,4.27e-11,67,"TAC102","R2",907,951,1,135,45,135,135,TRUE
"TAC102","SRR7910035.18515096",100,45,0,0,907,951,2,136,4.27e-11,67,"TAC102","R2",907,951,2,136,45,135,135,TRUE
"TAC102","SRR7910035.24588960",69.091,55,17,0,594,648,136,300,4.4e-11,67,"TAC102","R2",594,648,300,136,55,165,165,TRUE
"TAC102","SRR7910035.25155237",94.444,36,2,0,613,648,187,294,5.04e-11,67,"TAC102","R2",613,648,294,187,36,108,108,TRUE
"TAC102","SRR7910035.27798893",76.596,47,11,0,733,779,155,295,5.24e-11,67,"TAC102","R2",733,779,155,295,47,141,141,TRUE
"TAC102","SRR7910035.19724024",100,31,0,0,1,31,2,94,9.59e-11,65.9,"TAC102","R2",1,31,94,2,31,93,93,TRUE
"TAC102","SRR7910035.26271592",94.286,35,2,0,614,648,160,264,9.67e-11,66.2,"TAC102","R2",614,648,264,160,35,105,105,TRUE
